district,week,year,cases
Ampara,1,2020,32
Anuradhapura,1,2020,22
Badulla,1,2020,36
Batticaloa,1,2020,210
Colombo,1,2020,577
Galle,1,2020,68
Gampaha,1,2020,284
Hambantota,1,2020,36
Jaffna,1,2020,224
Kalmunai,1,2020,0
Kalutara,1,2020,0
Kandy,1,2020,233
Kegalle,1,2020,42
Kilinochchi,1,2020,9
Kurunegala,1,2020,31
Mannar,1,2020,12
Matale,1,2020,60
Matara,1,2020,35
Monaragala,1,2020,0
Mullaitivu,1,2020,13
Nuwara Eliya,1,2020,11
Polonnaruwa,1,2020,19
Puttalam,1,2020,0
Ratnapura,1,2020,42
Trincomalee,1,2020,192
Vavuniya,1,2020,1
Ampara,2,2020,25
Anuradhapura,2,2020,36
Badulla,2,2020,33
Batticaloa,2,2020,299
Colombo,2,2020,689
Galle,2,2020,144
Gampaha,2,2020,354
Hambantota,2,2020,27
Jaffna,2,2020,277
Kalmunai,2,2020,0
Kalutara,2,2020,0
Kandy,2,2020,207
Kegalle,2,2020,33
Kilinochchi,2,2020,12
Kurunegala,2,2020,64
Mannar,2,2020,17
Matale,2,2020,80
Matara,2,2020,61
Monaragala,2,2020,0
Mullaitivu,2,2020,10
Nuwara Eliya,2,2020,11
Polonnaruwa,2,2020,12
Puttalam,2,2020,0
Ratnapura,2,2020,76
Trincomalee,2,2020,340
Vavuniya,2,2020,1
Ampara,3,2020,37
Anuradhapura,3,2020,32
Badulla,3,2020,74
Batticaloa,3,2020,309
Colombo,3,2020,632
Galle,3,2020,149
Gampaha,3,2020,294
Hambantota,3,2020,59
Jaffna,3,2020,242
Kalmunai,3,2020,0
Kalutara,3,2020,0
Kandy,3,2020,176
Kegalle,3,2020,49
Kilinochchi,3,2020,9
Kurunegala,3,2020,132
Mannar,3,2020,34
Matale,3,2020,61
Matara,3,2020,47
Monaragala,3,2020,0
Mullaitivu,3,2020,4
Nuwara Eliya,3,2020,13
Polonnaruwa,3,2020,24
Puttalam,3,2020,0
Ratnapura,3,2020,87
Trincomalee,3,2020,393
Vavuniya,3,2020,0
Ampara,4,2020,44
Anuradhapura,4,2020,37
Badulla,4,2020,39
Batticaloa,4,2020,273
Colombo,4,2020,502
Galle,4,2020,101
Gampaha,4,2020,268
Hambantota,4,2020,25
Jaffna,4,2020,203
Kalmunai,4,2020,0
Kalutara,4,2020,0
Kandy,4,2020,151
Kegalle,4,2020,46
Kilinochchi,4,2020,6
Kurunegala,4,2020,108
Mannar,4,2020,13
Matale,4,2020,49
Matara,4,2020,43
Monaragala,4,2020,0
Mullaitivu,4,2020,12
Nuwara Eliya,4,2020,7
Polonnaruwa,4,2020,27
Puttalam,4,2020,0
Ratnapura,4,2020,66
Trincomalee,4,2020,403
Vavuniya,4,2020,0
Ampara,5,2020,37
Anuradhapura,5,2020,26
Badulla,5,2020,32
Batticaloa,5,2020,209
Colombo,5,2020,364
Galle,5,2020,96
Gampaha,5,2020,143
Hambantota,5,2020,28
Jaffna,5,2020,163
Kalmunai,5,2020,0
Kalutara,5,2020,0
Kandy,5,2020,149
Kegalle,5,2020,32
Kilinochchi,5,2020,9
Kurunegala,5,2020,67
Mannar,5,2020,8
Matale,5,2020,28
Matara,5,2020,21
Monaragala,5,2020,0
Mullaitivu,5,2020,5
Nuwara Eliya,5,2020,7
Polonnaruwa,5,2020,14
Puttalam,5,2020,0
Ratnapura,5,2020,65
Trincomalee,5,2020,270
Vavuniya,5,2020,14
Ampara,6,2020,34
Anuradhapura,6,2020,22
Badulla,6,2020,17
Batticaloa,6,2020,210
Colombo,6,2020,309
Galle,6,2020,54
Gampaha,6,2020,146
Hambantota,6,2020,14
Jaffna,6,2020,116
Kalmunai,6,2020,0
Kalutara,6,2020,0
Kandy,6,2020,86
Kegalle,6,2020,29
Kilinochchi,6,2020,2
Kurunegala,6,2020,46
Mannar,6,2020,4
Matale,6,2020,36
Matara,6,2020,34
Monaragala,6,2020,0
Mullaitivu,6,2020,3
Nuwara Eliya,6,2020,3
Polonnaruwa,6,2020,26
Puttalam,6,2020,0
Ratnapura,6,2020,52
Trincomalee,6,2020,153
Vavuniya,6,2020,0
Ampara,7,2020,13
Anuradhapura,7,2020,18
Badulla,7,2020,17
Batticaloa,7,2020,203
Colombo,7,2020,191
Galle,7,2020,49
Gampaha,7,2020,100
Hambantota,7,2020,17
Jaffna,7,2020,95
Kalmunai,7,2020,0
Kalutara,7,2020,0
Kandy,7,2020,90
Kegalle,7,2020,13
Kilinochchi,7,2020,4
Kurunegala,7,2020,29
Mannar,7,2020,4
Matale,7,2020,27
Matara,7,2020,20
Monaragala,7,2020,0
Mullaitivu,7,2020,5
Nuwara Eliya,7,2020,4
Polonnaruwa,7,2020,11
Puttalam,7,2020,0
Ratnapura,7,2020,46
Trincomalee,7,2020,111
Vavuniya,7,2020,0
Ampara,8,2020,11
Anuradhapura,8,2020,9
Badulla,8,2020,23
Batticaloa,8,2020,146
Colombo,8,2020,296
Galle,8,2020,40
Gampaha,8,2020,140
Hambantota,8,2020,12
Jaffna,8,2020,88
Kalmunai,8,2020,0
Kalutara,8,2020,0
Kandy,8,2020,62
Kegalle,8,2020,22
Kilinochchi,8,2020,0
Kurunegala,8,2020,25
Mannar,8,2020,5
Matale,8,2020,21
Matara,8,2020,16
Monaragala,8,2020,0
Mullaitivu,8,2020,2
Nuwara Eliya,8,2020,7
Polonnaruwa,8,2020,8
Puttalam,8,2020,0
Ratnapura,8,2020,33
Trincomalee,8,2020,93
Vavuniya,8,2020,53
Ampara,9,2020,17
Anuradhapura,9,2020,18
Badulla,9,2020,15
Batticaloa,9,2020,117
Colombo,9,2020,174
Galle,9,2020,17
Gampaha,9,2020,85
Hambantota,9,2020,14
Jaffna,9,2020,79
Kalmunai,9,2020,0
Kalutara,9,2020,0
Kandy,9,2020,53
Kegalle,9,2020,17
Kilinochchi,9,2020,3
Kurunegala,9,2020,26
Mannar,9,2020,8
Matale,9,2020,25
Matara,9,2020,16
Monaragala,9,2020,0
Mullaitivu,9,2020,2
Nuwara Eliya,9,2020,1
Polonnaruwa,9,2020,7
Puttalam,9,2020,0
Ratnapura,9,2020,21
Trincomalee,9,2020,57
Vavuniya,9,2020,193
Ampara,10,2020,17
Anuradhapura,10,2020,10
Badulla,10,2020,6
Batticaloa,10,2020,66
Colombo,10,2020,69
Galle,10,2020,18
Gampaha,10,2020,27
Hambantota,10,2020,1
Jaffna,10,2020,30
Kalmunai,10,2020,0
Kalutara,10,2020,0
Kandy,10,2020,17
Kegalle,10,2020,17
Kilinochchi,10,2020,2
Kurunegala,10,2020,6
Mannar,10,2020,0
Matale,10,2020,13
Matara,10,2020,10
Monaragala,10,2020,0
Mullaitivu,10,2020,1
Nuwara Eliya,10,2020,1
Polonnaruwa,10,2020,4
Puttalam,10,2020,0
Ratnapura,10,2020,18
Trincomalee,10,2020,39
Vavuniya,10,2020,0
Ampara,11,2020,12
Anuradhapura,11,2020,10
Badulla,11,2020,6
Batticaloa,11,2020,73
Colombo,11,2020,133
Galle,11,2020,6
Gampaha,11,2020,62
Hambantota,11,2020,6
Jaffna,11,2020,55
Kalmunai,11,2020,0
Kalutara,11,2020,0
Kandy,11,2020,53
Kegalle,11,2020,11
Kilinochchi,11,2020,0
Kurunegala,11,2020,20
Mannar,11,2020,0
Matale,11,2020,11
Matara,11,2020,4
Monaragala,11,2020,0
Mullaitivu,11,2020,1
Nuwara Eliya,11,2020,2
Polonnaruwa,11,2020,8
Puttalam,11,2020,0
Ratnapura,11,2020,21
Trincomalee,11,2020,58
Vavuniya,11,2020,7
Ampara,12,2020,0
Anuradhapura,12,2020,7
Badulla,12,2020,3
Batticaloa,12,2020,37
Colombo,12,2020,34
Galle,12,2020,0
Gampaha,12,2020,9
Hambantota,12,2020,2
Jaffna,12,2020,13
Kalmunai,12,2020,0
Kalutara,12,2020,0
Kandy,12,2020,29
Kegalle,12,2020,2
Kilinochchi,12,2020,0
Kurunegala,12,2020,2
Mannar,12,2020,0
Matale,12,2020,18
Matara,12,2020,2
Monaragala,12,2020,0
Mullaitivu,12,2020,0
Nuwara Eliya,12,2020,2
Polonnaruwa,12,2020,1
Puttalam,12,2020,0
Ratnapura,12,2020,13
Trincomalee,12,2020,15
Vavuniya,12,2020,2
Ampara,13,2020,5
Anuradhapura,13,2020,8
Badulla,13,2020,1
Batticaloa,13,2020,26
Colombo,13,2020,19
Galle,13,2020,2
Gampaha,13,2020,14
Hambantota,13,2020,2
Jaffna,13,2020,2
Kalmunai,13,2020,0
Kalutara,13,2020,0
Kandy,13,2020,23
Kegalle,13,2020,4
Kilinochchi,13,2020,0
Kurunegala,13,2020,1
Mannar,13,2020,0
Matale,13,2020,1
Matara,13,2020,11
Monaragala,13,2020,0
Mullaitivu,13,2020,1
Nuwara Eliya,13,2020,0
Polonnaruwa,13,2020,0
Puttalam,13,2020,0
Ratnapura,13,2020,22
Trincomalee,13,2020,24
Vavuniya,13,2020,0
Ampara,14,2020,0
Anuradhapura,14,2020,0
Badulla,14,2020,5
Batticaloa,14,2020,22
Colombo,14,2020,6
Galle,14,2020,0
Gampaha,14,2020,18
Hambantota,14,2020,0
Jaffna,14,2020,5
Kalmunai,14,2020,0
Kalutara,14,2020,0
Kandy,14,2020,5
Kegalle,14,2020,17
Kilinochchi,14,2020,0
Kurunegala,14,2020,0
Mannar,14,2020,0
Matale,14,2020,1
Matara,14,2020,0
Monaragala,14,2020,0
Mullaitivu,14,2020,0
Nuwara Eliya,14,2020,0
Polonnaruwa,14,2020,0
Puttalam,14,2020,0
Ratnapura,14,2020,3
Trincomalee,14,2020,11
Vavuniya,14,2020,0
Ampara,15,2020,0
Anuradhapura,15,2020,2
Badulla,15,2020,1
Batticaloa,15,2020,20
Colombo,15,2020,8
Galle,15,2020,0
Gampaha,15,2020,10
Hambantota,15,2020,0
Jaffna,15,2020,2
Kalmunai,15,2020,0
Kalutara,15,2020,0
Kandy,15,2020,15
Kegalle,15,2020,3
Kilinochchi,15,2020,0
Kurunegala,15,2020,2
Mannar,15,2020,0
Matale,15,2020,3
Matara,15,2020,1
Monaragala,15,2020,0
Mullaitivu,15,2020,0
Nuwara Eliya,15,2020,0
Polonnaruwa,15,2020,0
Puttalam,15,2020,0
Ratnapura,15,2020,4
Trincomalee,15,2020,10
Vavuniya,15,2020,0
Ampara,16,2020,0
Anuradhapura,16,2020,0
Badulla,16,2020,1
Batticaloa,16,2020,26
Colombo,16,2020,9
Galle,16,2020,27
Gampaha,16,2020,8
Hambantota,16,2020,3
Jaffna,16,2020,0
Kalmunai,16,2020,0
Kalutara,16,2020,0
Kandy,16,2020,20
Kegalle,16,2020,3
Kilinochchi,16,2020,0
Kurunegala,16,2020,0
Mannar,16,2020,0
Matale,16,2020,2
Matara,16,2020,6
Monaragala,16,2020,0
Mullaitivu,16,2020,0
Nuwara Eliya,16,2020,0
Polonnaruwa,16,2020,1
Puttalam,16,2020,0
Ratnapura,16,2020,13
Trincomalee,16,2020,6
Vavuniya,16,2020,0
Ampara,17,2020,0
Anuradhapura,17,2020,1
Badulla,17,2020,1
Batticaloa,17,2020,17
Colombo,17,2020,7
Galle,17,2020,13
Gampaha,17,2020,9
Hambantota,17,2020,1
Jaffna,17,2020,0
Kalmunai,17,2020,0
Kalutara,17,2020,0
Kandy,17,2020,20
Kegalle,17,2020,12
Kilinochchi,17,2020,0
Kurunegala,17,2020,1
Mannar,17,2020,0
Matale,17,2020,1
Matara,17,2020,4
Monaragala,17,2020,0
Mullaitivu,17,2020,0
Nuwara Eliya,17,2020,0
Polonnaruwa,17,2020,0
Puttalam,17,2020,0
Ratnapura,17,2020,27
Trincomalee,17,2020,2
Vavuniya,17,2020,0
Ampara,18,2020,0
Anuradhapura,18,2020,1
Badulla,18,2020,2
Batticaloa,18,2020,22
Colombo,18,2020,17
Galle,18,2020,34
Gampaha,18,2020,12
Hambantota,18,2020,4
Jaffna,18,2020,5
Kalmunai,18,2020,0
Kalutara,18,2020,0
Kandy,18,2020,35
Kegalle,18,2020,11
Kilinochchi,18,2020,0
Kurunegala,18,2020,0
Mannar,18,2020,0
Matale,18,2020,5
Matara,18,2020,5
Monaragala,18,2020,0
Mullaitivu,18,2020,0
Nuwara Eliya,18,2020,0
Polonnaruwa,18,2020,0
Puttalam,18,2020,0
Ratnapura,18,2020,17
Trincomalee,18,2020,2
Vavuniya,18,2020,2
Ampara,19,2020,0
Anuradhapura,19,2020,3
Badulla,19,2020,1
Batticaloa,19,2020,17
Colombo,19,2020,29
Galle,19,2020,50
Gampaha,19,2020,13
Hambantota,19,2020,2
Jaffna,19,2020,10
Kalmunai,19,2020,0
Kalutara,19,2020,0
Kandy,19,2020,54
Kegalle,19,2020,14
Kilinochchi,19,2020,1
Kurunegala,19,2020,1
Mannar,19,2020,1
Matale,19,2020,5
Matara,19,2020,7
Monaragala,19,2020,0
Mullaitivu,19,2020,0
Nuwara Eliya,19,2020,2
Polonnaruwa,19,2020,1
Puttalam,19,2020,0
Ratnapura,19,2020,39
Trincomalee,19,2020,4
Vavuniya,19,2020,0
Ampara,20,2020,1
Anuradhapura,20,2020,2
Badulla,20,2020,2
Batticaloa,20,2020,16
Colombo,20,2020,50
Galle,20,2020,49
Gampaha,20,2020,16
Hambantota,20,2020,2
Jaffna,20,2020,12
Kalmunai,20,2020,0
Kalutara,20,2020,0
Kandy,20,2020,51
Kegalle,20,2020,17
Kilinochchi,20,2020,0
Kurunegala,20,2020,8
Mannar,20,2020,0
Matale,20,2020,6
Matara,20,2020,3
Monaragala,20,2020,0
Mullaitivu,20,2020,0
Nuwara Eliya,20,2020,1
Polonnaruwa,20,2020,1
Puttalam,20,2020,0
Ratnapura,20,2020,30
Trincomalee,20,2020,12
Vavuniya,20,2020,0
Ampara,21,2020,2
Anuradhapura,21,2020,4
Badulla,21,2020,3
Batticaloa,21,2020,16
Colombo,21,2020,126
Galle,21,2020,63
Gampaha,21,2020,36
Hambantota,21,2020,1
Jaffna,21,2020,29
Kalmunai,21,2020,0
Kalutara,21,2020,0
Kandy,21,2020,68
Kegalle,21,2020,30
Kilinochchi,21,2020,0
Kurunegala,21,2020,4
Mannar,21,2020,0
Matale,21,2020,3
Matara,21,2020,7
Monaragala,21,2020,0
Mullaitivu,21,2020,1
Nuwara Eliya,21,2020,0
Polonnaruwa,21,2020,0
Puttalam,21,2020,0
Ratnapura,21,2020,85
Trincomalee,21,2020,8
Vavuniya,21,2020,0
Ampara,22,2020,0
Anuradhapura,22,2020,8
Badulla,22,2020,2
Batticaloa,22,2020,9
Colombo,22,2020,92
Galle,22,2020,40
Gampaha,22,2020,32
Hambantota,22,2020,1
Jaffna,22,2020,25
Kalmunai,22,2020,0
Kalutara,22,2020,0
Kandy,22,2020,97
Kegalle,22,2020,22
Kilinochchi,22,2020,0
Kurunegala,22,2020,5
Mannar,22,2020,1
Matale,22,2020,7
Matara,22,2020,13
Monaragala,22,2020,0
Mullaitivu,22,2020,2
Nuwara Eliya,22,2020,4
Polonnaruwa,22,2020,0
Puttalam,22,2020,0
Ratnapura,22,2020,98
Trincomalee,22,2020,8
Vavuniya,22,2020,0
Ampara,23,2020,3
Anuradhapura,23,2020,4
Badulla,23,2020,3
Batticaloa,23,2020,17
Colombo,23,2020,101
Galle,23,2020,55
Gampaha,23,2020,57
Hambantota,23,2020,1
Jaffna,23,2020,14
Kalmunai,23,2020,0
Kalutara,23,2020,0
Kandy,23,2020,124
Kegalle,23,2020,17
Kilinochchi,23,2020,3
Kurunegala,23,2020,10
Mannar,23,2020,0
Matale,23,2020,6
Matara,23,2020,15
Monaragala,23,2020,0
Mullaitivu,23,2020,1
Nuwara Eliya,23,2020,2
Polonnaruwa,23,2020,0
Puttalam,23,2020,0
Ratnapura,23,2020,88
Trincomalee,23,2020,9
Vavuniya,23,2020,0
Ampara,24,2020,3
Anuradhapura,24,2020,1
Badulla,24,2020,9
Batticaloa,24,2020,13
Colombo,24,2020,101
Galle,24,2020,41
Gampaha,24,2020,52
Hambantota,24,2020,6
Jaffna,24,2020,19
Kalmunai,24,2020,0
Kalutara,24,2020,0
Kandy,24,2020,121
Kegalle,24,2020,12
Kilinochchi,24,2020,2
Kurunegala,24,2020,19
Mannar,24,2020,0
Matale,24,2020,11
Matara,24,2020,13
Monaragala,24,2020,0
Mullaitivu,24,2020,1
Nuwara Eliya,24,2020,3
Polonnaruwa,24,2020,0
Puttalam,24,2020,0
Ratnapura,24,2020,67
Trincomalee,24,2020,3
Vavuniya,24,2020,0
Ampara,25,2020,3
Anuradhapura,25,2020,3
Badulla,25,2020,13
Batticaloa,25,2020,20
Colombo,25,2020,92
Galle,25,2020,18
Gampaha,25,2020,38
Hambantota,25,2020,6
Jaffna,25,2020,7
Kalmunai,25,2020,0
Kalutara,25,2020,0
Kandy,25,2020,124
Kegalle,25,2020,33
Kilinochchi,25,2020,1
Kurunegala,25,2020,11
Mannar,25,2020,4
Matale,25,2020,7
Matara,25,2020,4
Monaragala,25,2020,0
Mullaitivu,25,2020,0
Nuwara Eliya,25,2020,2
Polonnaruwa,25,2020,0
Puttalam,25,2020,0
Ratnapura,25,2020,97
Trincomalee,25,2020,1
Vavuniya,25,2020,0
Ampara,26,2020,2
Anuradhapura,26,2020,2
Badulla,26,2020,8
Batticaloa,26,2020,20
Colombo,26,2020,81
Galle,26,2020,31
Gampaha,26,2020,49
Hambantota,26,2020,3
Jaffna,26,2020,10
Kalmunai,26,2020,0
Kalutara,26,2020,0
Kandy,26,2020,167
Kegalle,26,2020,22
Kilinochchi,26,2020,1
Kurunegala,26,2020,3
Mannar,26,2020,2
Matale,26,2020,9
Matara,26,2020,18
Monaragala,26,2020,0
Mullaitivu,26,2020,0
Nuwara Eliya,26,2020,4
Polonnaruwa,26,2020,0
Puttalam,26,2020,0
Ratnapura,26,2020,98
Trincomalee,26,2020,3
Vavuniya,26,2020,0
Ampara,27,2020,1
Anuradhapura,27,2020,4
Badulla,27,2020,9
Batticaloa,27,2020,19
Colombo,27,2020,61
Galle,27,2020,31
Gampaha,27,2020,52
Hambantota,27,2020,3
Jaffna,27,2020,9
Kalmunai,27,2020,0
Kalutara,27,2020,0
Kandy,27,2020,136
Kegalle,27,2020,17
Kilinochchi,27,2020,0
Kurunegala,27,2020,9
Mannar,27,2020,1
Matale,27,2020,10
Matara,27,2020,5
Monaragala,27,2020,0
Mullaitivu,27,2020,2
Nuwara Eliya,27,2020,0
Polonnaruwa,27,2020,0
Puttalam,27,2020,0
Ratnapura,27,2020,91
Trincomalee,27,2020,4
Vavuniya,27,2020,1
Ampara,28,2020,0
Anuradhapura,28,2020,1
Badulla,28,2020,8
Batticaloa,28,2020,15
Colombo,28,2020,82
Galle,28,2020,30
Gampaha,28,2020,41
Hambantota,28,2020,9
Jaffna,28,2020,12
Kalmunai,28,2020,0
Kalutara,28,2020,0
Kandy,28,2020,149
Kegalle,28,2020,18
Kilinochchi,28,2020,0
Kurunegala,28,2020,9
Mannar,28,2020,2
Matale,28,2020,11
Matara,28,2020,14
Monaragala,28,2020,0
Mullaitivu,28,2020,0
Nuwara Eliya,28,2020,3
Polonnaruwa,28,2020,0
Puttalam,28,2020,0
Ratnapura,28,2020,68
Trincomalee,28,2020,5
Vavuniya,28,2020,0
Ampara,29,2020,2
Anuradhapura,29,2020,4
Badulla,29,2020,7
Batticaloa,29,2020,20
Colombo,29,2020,99
Galle,29,2020,18
Gampaha,29,2020,45
Hambantota,29,2020,9
Jaffna,29,2020,6
Kalmunai,29,2020,0
Kalutara,29,2020,0
Kandy,29,2020,157
Kegalle,29,2020,29
Kilinochchi,29,2020,3
Kurunegala,29,2020,10
Mannar,29,2020,0
Matale,29,2020,8
Matara,29,2020,5
Monaragala,29,2020,0
Mullaitivu,29,2020,0
Nuwara Eliya,29,2020,3
Polonnaruwa,29,2020,0
Puttalam,29,2020,0
Ratnapura,29,2020,80
Trincomalee,29,2020,3
Vavuniya,29,2020,6
Ampara,30,2020,1
Anuradhapura,30,2020,3
Badulla,30,2020,3
Batticaloa,30,2020,8
Colombo,30,2020,84
Galle,30,2020,8
Gampaha,30,2020,33
Hambantota,30,2020,0
Jaffna,30,2020,11
Kalmunai,30,2020,0
Kalutara,30,2020,0
Kandy,30,2020,127
Kegalle,30,2020,25
Kilinochchi,30,2020,1
Kurunegala,30,2020,17
Mannar,30,2020,1
Matale,30,2020,7
Matara,30,2020,8
Monaragala,30,2020,0
Mullaitivu,30,2020,0
Nuwara Eliya,30,2020,1
Polonnaruwa,30,2020,0
Puttalam,30,2020,0
Ratnapura,30,2020,50
Trincomalee,30,2020,1
Vavuniya,30,2020,0
Ampara,31,2020,0
Anuradhapura,31,2020,4
Badulla,31,2020,6
Batticaloa,31,2020,19
Colombo,31,2020,66
Galle,31,2020,14
Gampaha,31,2020,44
Hambantota,31,2020,2
Jaffna,31,2020,7
Kalmunai,31,2020,0
Kalutara,31,2020,0
Kandy,31,2020,132
Kegalle,31,2020,11
Kilinochchi,31,2020,0
Kurunegala,31,2020,7
Mannar,31,2020,2
Matale,31,2020,5
Matara,31,2020,8
Monaragala,31,2020,0
Mullaitivu,31,2020,0
Nuwara Eliya,31,2020,2
Polonnaruwa,31,2020,1
Puttalam,31,2020,0
Ratnapura,31,2020,57
Trincomalee,31,2020,2
Vavuniya,31,2020,0
Ampara,32,2020,0
Anuradhapura,32,2020,2
Badulla,32,2020,4
Batticaloa,32,2020,10
Colombo,32,2020,63
Galle,32,2020,15
Gampaha,32,2020,44
Hambantota,32,2020,5
Jaffna,32,2020,6
Kalmunai,32,2020,0
Kalutara,32,2020,0
Kandy,32,2020,91
Kegalle,32,2020,19
Kilinochchi,32,2020,1
Kurunegala,32,2020,11
Mannar,32,2020,0
Matale,32,2020,5
Matara,32,2020,5
Monaragala,32,2020,0
Mullaitivu,32,2020,2
Nuwara Eliya,32,2020,2
Polonnaruwa,32,2020,0
Puttalam,32,2020,0
Ratnapura,32,2020,41
Trincomalee,32,2020,2
Vavuniya,32,2020,1
Ampara,33,2020,0
Anuradhapura,33,2020,1
Badulla,33,2020,7
Batticaloa,33,2020,8
Colombo,33,2020,76
Galle,33,2020,14
Gampaha,33,2020,48
Hambantota,33,2020,4
Jaffna,33,2020,2
Kalmunai,33,2020,0
Kalutara,33,2020,0
Kandy,33,2020,120
Kegalle,33,2020,10
Kilinochchi,33,2020,0
Kurunegala,33,2020,11
Mannar,33,2020,5
Matale,33,2020,2
Matara,33,2020,8
Monaragala,33,2020,0
Mullaitivu,33,2020,1
Nuwara Eliya,33,2020,3
Polonnaruwa,33,2020,0
Puttalam,33,2020,0
Ratnapura,33,2020,33
Trincomalee,33,2020,0
Vavuniya,33,2020,0
Ampara,34,2020,0
Anuradhapura,34,2020,3
Badulla,34,2020,2
Batticaloa,34,2020,19
Colombo,34,2020,87
Galle,34,2020,5
Gampaha,34,2020,69
Hambantota,34,2020,1
Jaffna,34,2020,7
Kalmunai,34,2020,0
Kalutara,34,2020,0
Kandy,34,2020,98
Kegalle,34,2020,19
Kilinochchi,34,2020,0
Kurunegala,34,2020,16
Mannar,34,2020,0
Matale,34,2020,9
Matara,34,2020,5
Monaragala,34,2020,0
Mullaitivu,34,2020,0
Nuwara Eliya,34,2020,0
Polonnaruwa,34,2020,0
Puttalam,34,2020,0
Ratnapura,34,2020,32
Trincomalee,34,2020,3
Vavuniya,34,2020,0
Ampara,35,2020,2
Anuradhapura,35,2020,5
Badulla,35,2020,3
Batticaloa,35,2020,6
Colombo,35,2020,97
Galle,35,2020,17
Gampaha,35,2020,43
Hambantota,35,2020,0
Jaffna,35,2020,5
Kalmunai,35,2020,0
Kalutara,35,2020,0
Kandy,35,2020,94
Kegalle,35,2020,14
Kilinochchi,35,2020,0
Kurunegala,35,2020,6
Mannar,35,2020,0
Matale,35,2020,6
Matara,35,2020,11
Monaragala,35,2020,0
Mullaitivu,35,2020,1
Nuwara Eliya,35,2020,0
Polonnaruwa,35,2020,0
Puttalam,35,2020,0
Ratnapura,35,2020,31
Trincomalee,35,2020,1
Vavuniya,35,2020,0
Ampara,36,2020,1
Anuradhapura,36,2020,1
Badulla,36,2020,3
Batticaloa,36,2020,12
Colombo,36,2020,71
Galle,36,2020,15
Gampaha,36,2020,60
Hambantota,36,2020,5
Jaffna,36,2020,9
Kalmunai,36,2020,0
Kalutara,36,2020,0
Kandy,36,2020,79
Kegalle,36,2020,19
Kilinochchi,36,2020,0
Kurunegala,36,2020,6
Mannar,36,2020,0
Matale,36,2020,1
Matara,36,2020,9
Monaragala,36,2020,0
Mullaitivu,36,2020,1
Nuwara Eliya,36,2020,2
Polonnaruwa,36,2020,0
Puttalam,36,2020,0
Ratnapura,36,2020,31
Trincomalee,36,2020,3
Vavuniya,36,2020,0
Ampara,37,2020,0
Anuradhapura,37,2020,1
Badulla,37,2020,3
Batticaloa,37,2020,8
Colombo,37,2020,64
Galle,37,2020,6
Gampaha,37,2020,41
Hambantota,37,2020,3
Jaffna,37,2020,8
Kalmunai,37,2020,0
Kalutara,37,2020,0
Kandy,37,2020,83
Kegalle,37,2020,15
Kilinochchi,37,2020,0
Kurunegala,37,2020,8
Mannar,37,2020,1
Matale,37,2020,5
Matara,37,2020,4
Monaragala,37,2020,0
Mullaitivu,37,2020,0
Nuwara Eliya,37,2020,0
Polonnaruwa,37,2020,1
Puttalam,37,2020,0
Ratnapura,37,2020,37
Trincomalee,37,2020,0
Vavuniya,37,2020,0
Ampara,38,2020,1
Anuradhapura,38,2020,4
Badulla,38,2020,2
Batticaloa,38,2020,12
Colombo,38,2020,66
Galle,38,2020,8
Gampaha,38,2020,52
Hambantota,38,2020,1
Jaffna,38,2020,10
Kalmunai,38,2020,0
Kalutara,38,2020,0
Kandy,38,2020,59
Kegalle,38,2020,10
Kilinochchi,38,2020,0
Kurunegala,38,2020,11
Mannar,38,2020,1
Matale,38,2020,4
Matara,38,2020,7
Monaragala,38,2020,0
Mullaitivu,38,2020,0
Nuwara Eliya,38,2020,2
Polonnaruwa,38,2020,1
Puttalam,38,2020,0
Ratnapura,38,2020,36
Trincomalee,38,2020,0
Vavuniya,38,2020,0
Ampara,39,2020,0
Anuradhapura,39,2020,4
Badulla,39,2020,5
Batticaloa,39,2020,11
Colombo,39,2020,51
Galle,39,2020,6
Gampaha,39,2020,45
Hambantota,39,2020,1
Jaffna,39,2020,10
Kalmunai,39,2020,0
Kalutara,39,2020,0
Kandy,39,2020,59
Kegalle,39,2020,5
Kilinochchi,39,2020,0
Kurunegala,39,2020,4
Mannar,39,2020,0
Matale,39,2020,6
Matara,39,2020,4
Monaragala,39,2020,0
Mullaitivu,39,2020,0
Nuwara Eliya,39,2020,2
Polonnaruwa,39,2020,2
Puttalam,39,2020,0
Ratnapura,39,2020,25
Trincomalee,39,2020,3
Vavuniya,39,2020,2
Ampara,40,2020,1
Anuradhapura,40,2020,5
Badulla,40,2020,2
Batticaloa,40,2020,23
Colombo,40,2020,49
Galle,40,2020,6
Gampaha,40,2020,27
Hambantota,40,2020,3
Jaffna,40,2020,11
Kalmunai,40,2020,0
Kalutara,40,2020,0
Kandy,40,2020,62
Kegalle,40,2020,8
Kilinochchi,40,2020,1
Kurunegala,40,2020,11
Mannar,40,2020,0
Matale,40,2020,5
Matara,40,2020,5
Monaragala,40,2020,0
Mullaitivu,40,2020,0
Nuwara Eliya,40,2020,0
Polonnaruwa,40,2020,0
Puttalam,40,2020,0
Ratnapura,40,2020,20
Trincomalee,40,2020,2
Vavuniya,40,2020,0
Ampara,41,2020,1
Anuradhapura,41,2020,2
Badulla,41,2020,11
Batticaloa,41,2020,39
Colombo,41,2020,52
Galle,41,2020,7
Gampaha,41,2020,19
Hambantota,41,2020,1
Jaffna,41,2020,8
Kalmunai,41,2020,0
Kalutara,41,2020,0
Kandy,41,2020,68
Kegalle,41,2020,4
Kilinochchi,41,2020,1
Kurunegala,41,2020,9
Mannar,41,2020,0
Matale,41,2020,3
Matara,41,2020,8
Monaragala,41,2020,0
Mullaitivu,41,2020,0
Nuwara Eliya,41,2020,0
Polonnaruwa,41,2020,2
Puttalam,41,2020,0
Ratnapura,41,2020,15
Trincomalee,41,2020,0
Vavuniya,41,2020,0
Ampara,42,2020,1
Anuradhapura,42,2020,1
Badulla,42,2020,0
Batticaloa,42,2020,57
Colombo,42,2020,27
Galle,42,2020,3
Gampaha,42,2020,22
Hambantota,42,2020,1
Jaffna,42,2020,9
Kalmunai,42,2020,0
Kalutara,42,2020,0
Kandy,42,2020,53
Kegalle,42,2020,8
Kilinochchi,42,2020,0
Kurunegala,42,2020,5
Mannar,42,2020,0
Matale,42,2020,1
Matara,42,2020,6
Monaragala,42,2020,0
Mullaitivu,42,2020,0
Nuwara Eliya,42,2020,1
Polonnaruwa,42,2020,0
Puttalam,42,2020,0
Ratnapura,42,2020,11
Trincomalee,42,2020,0
Vavuniya,42,2020,0
Ampara,43,2020,0
Anuradhapura,43,2020,1
Badulla,43,2020,6
Batticaloa,43,2020,110
Colombo,43,2020,18
Galle,43,2020,4
Gampaha,43,2020,10
Hambantota,43,2020,1
Jaffna,43,2020,3
Kalmunai,43,2020,0
Kalutara,43,2020,0
Kandy,43,2020,30
Kegalle,43,2020,3
Kilinochchi,43,2020,1
Kurunegala,43,2020,7
Mannar,43,2020,0
Matale,43,2020,2
Matara,43,2020,5
Monaragala,43,2020,0
Mullaitivu,43,2020,0
Nuwara Eliya,43,2020,1
Polonnaruwa,43,2020,1
Puttalam,43,2020,0
Ratnapura,43,2020,11
Trincomalee,43,2020,2
Vavuniya,43,2020,0
Ampara,44,2020,1
Anuradhapura,44,2020,2
Badulla,44,2020,3
Batticaloa,44,2020,96
Colombo,44,2020,18
Galle,44,2020,0
Gampaha,44,2020,11
Hambantota,44,2020,0
Jaffna,44,2020,3
Kalmunai,44,2020,0
Kalutara,44,2020,0
Kandy,44,2020,48
Kegalle,44,2020,13
Kilinochchi,44,2020,2
Kurunegala,44,2020,4
Mannar,44,2020,0
Matale,44,2020,3
Matara,44,2020,5
Monaragala,44,2020,0
Mullaitivu,44,2020,0
Nuwara Eliya,44,2020,1
Polonnaruwa,44,2020,0
Puttalam,44,2020,0
Ratnapura,44,2020,11
Trincomalee,44,2020,3
Vavuniya,44,2020,0
Ampara,45,2020,2
Anuradhapura,45,2020,2
Badulla,45,2020,6
Batticaloa,45,2020,77
Colombo,45,2020,21
Galle,45,2020,7
Gampaha,45,2020,14
Hambantota,45,2020,2
Jaffna,45,2020,4
Kalmunai,45,2020,0
Kalutara,45,2020,0
Kandy,45,2020,33
Kegalle,45,2020,9
Kilinochchi,45,2020,0
Kurunegala,45,2020,2
Mannar,45,2020,0
Matale,45,2020,4
Matara,45,2020,3
Monaragala,45,2020,0
Mullaitivu,45,2020,0
Nuwara Eliya,45,2020,0
Polonnaruwa,45,2020,1
Puttalam,45,2020,0
Ratnapura,45,2020,5
Trincomalee,45,2020,1
Vavuniya,45,2020,0
Ampara,46,2020,0
Anuradhapura,46,2020,1
Badulla,46,2020,7
Batticaloa,46,2020,78
Colombo,46,2020,23
Galle,46,2020,0
Gampaha,46,2020,18
Hambantota,46,2020,1
Jaffna,46,2020,4
Kalmunai,46,2020,0
Kalutara,46,2020,0
Kandy,46,2020,31
Kegalle,46,2020,7
Kilinochchi,46,2020,0
Kurunegala,46,2020,1
Mannar,46,2020,0
Matale,46,2020,2
Matara,46,2020,6
Monaragala,46,2020,0
Mullaitivu,46,2020,0
Nuwara Eliya,46,2020,0
Polonnaruwa,46,2020,0
Puttalam,46,2020,0
Ratnapura,46,2020,9
Trincomalee,46,2020,4
Vavuniya,46,2020,1
Ampara,47,2020,1
Anuradhapura,47,2020,2
Badulla,47,2020,8
Batticaloa,47,2020,93
Colombo,47,2020,18
Galle,47,2020,5
Gampaha,47,2020,19
Hambantota,47,2020,2
Jaffna,47,2020,4
Kalmunai,47,2020,0
Kalutara,47,2020,0
Kandy,47,2020,42
Kegalle,47,2020,12
Kilinochchi,47,2020,0
Kurunegala,47,2020,9
Mannar,47,2020,0
Matale,47,2020,3
Matara,47,2020,1
Monaragala,47,2020,0
Mullaitivu,47,2020,0
Nuwara Eliya,47,2020,0
Polonnaruwa,47,2020,0
Puttalam,47,2020,0
Ratnapura,47,2020,10
Trincomalee,47,2020,2
Vavuniya,47,2020,0
Ampara,48,2020,0
Anuradhapura,48,2020,2
Badulla,48,2020,8
Batticaloa,48,2020,189
Colombo,48,2020,15
Galle,48,2020,3
Gampaha,48,2020,10
Hambantota,48,2020,3
Jaffna,48,2020,4
Kalmunai,48,2020,0
Kalutara,48,2020,0
Kandy,48,2020,27
Kegalle,48,2020,12
Kilinochchi,48,2020,1
Kurunegala,48,2020,3
Mannar,48,2020,0
Matale,48,2020,3
Matara,48,2020,6
Monaragala,48,2020,0
Mullaitivu,48,2020,0
Nuwara Eliya,48,2020,1
Polonnaruwa,48,2020,0
Puttalam,48,2020,0
Ratnapura,48,2020,5
Trincomalee,48,2020,0
Vavuniya,48,2020,0
Ampara,49,2020,0
Anuradhapura,49,2020,3
Badulla,49,2020,7
Batticaloa,49,2020,185
Colombo,49,2020,16
Galle,49,2020,1
Gampaha,49,2020,26
Hambantota,49,2020,4
Jaffna,49,2020,2
Kalmunai,49,2020,0
Kalutara,49,2020,0
Kandy,49,2020,15
Kegalle,49,2020,11
Kilinochchi,49,2020,0
Kurunegala,49,2020,11
Mannar,49,2020,1
Matale,49,2020,2
Matara,49,2020,2
Monaragala,49,2020,0
Mullaitivu,49,2020,0
Nuwara Eliya,49,2020,1
Polonnaruwa,49,2020,1
Puttalam,49,2020,0
Ratnapura,49,2020,13
Trincomalee,49,2020,0
Vavuniya,49,2020,0
Ampara,50,2020,0
Anuradhapura,50,2020,4
Badulla,50,2020,9
Batticaloa,50,2020,257
Colombo,50,2020,40
Galle,50,2020,6
Gampaha,50,2020,21
Hambantota,50,2020,5
Jaffna,50,2020,6
Kalmunai,50,2020,0
Kalutara,50,2020,0
Kandy,50,2020,12
Kegalle,50,2020,8
Kilinochchi,50,2020,0
Kurunegala,50,2020,7
Mannar,50,2020,0
Matale,50,2020,5
Matara,50,2020,2
Monaragala,50,2020,0
Mullaitivu,50,2020,0
Nuwara Eliya,50,2020,0
Polonnaruwa,50,2020,1
Puttalam,50,2020,0
Ratnapura,50,2020,3
Trincomalee,50,2020,5
Vavuniya,50,2020,0
Ampara,51,2020,0
Anuradhapura,51,2020,2
Badulla,51,2020,9
Batticaloa,51,2020,301
Colombo,51,2020,43
Galle,51,2020,6
Gampaha,51,2020,30
Hambantota,51,2020,0
Jaffna,51,2020,4
Kalmunai,51,2020,0
Kalutara,51,2020,0
Kandy,51,2020,15
Kegalle,51,2020,18
Kilinochchi,51,2020,0
Kurunegala,51,2020,3
Mannar,51,2020,1
Matale,51,2020,4
Matara,51,2020,3
Monaragala,51,2020,0
Mullaitivu,51,2020,1
Nuwara Eliya,51,2020,1
Polonnaruwa,51,2020,0
Puttalam,51,2020,0
Ratnapura,51,2020,5
Trincomalee,51,2020,0
Vavuniya,51,2020,2
Ampara,52,2020,0
Anuradhapura,52,2020,6
Badulla,52,2020,6
Batticaloa,52,2020,390
Colombo,52,2020,35
Galle,52,2020,5
Gampaha,52,2020,19
Hambantota,52,2020,2
Jaffna,52,2020,6
Kalmunai,52,2020,0
Kalutara,52,2020,0
Kandy,52,2020,20
Kegalle,52,2020,1
Kilinochchi,52,2020,0
Kurunegala,52,2020,12
Mannar,52,2020,2
Matale,52,2020,5
Matara,52,2020,3
Monaragala,52,2020,0
Mullaitivu,52,2020,0
Nuwara Eliya,52,2020,0
Polonnaruwa,52,2020,1
Puttalam,52,2020,0
Ratnapura,52,2020,2
Trincomalee,52,2020,4
Vavuniya,52,2020,1
Ampara,53,2020,0
Anuradhapura,53,2020,0
Badulla,53,2020,0
Batticaloa,53,2020,0
Colombo,53,2020,0
Galle,53,2020,0
Gampaha,53,2020,0
Hambantota,53,2020,0
Jaffna,53,2020,0
Kalmunai,53,2020,0
Kalutara,53,2020,0
Kandy,53,2020,0
Kegalle,53,2020,0
Kilinochchi,53,2020,0
Kurunegala,53,2020,0
Mannar,53,2020,0
Matale,53,2020,0
Matara,53,2020,0
Monaragala,53,2020,0
Mullaitivu,53,2020,0
Nuwara Eliya,53,2020,0
Polonnaruwa,53,2020,0
Puttalam,53,2020,0
Ratnapura,53,2020,0
Trincomalee,53,2020,0
Vavuniya,53,2020,0
Ampara,1,2021,0
Anuradhapura,1,2021,0
Badulla,1,2021,1
Batticaloa,1,2021,152
Colombo,1,2021,18
Galle,1,2021,2
Gampaha,1,2021,8
Hambantota,1,2021,3
Jaffna,1,2021,0
Kalmunai,1,2021,0
Kalutara,1,2021,0
Kandy,1,2021,3
Kegalle,1,2021,3
Kilinochchi,1,2021,0
Kurunegala,1,2021,3
Mannar,1,2021,0
Matale,1,2021,0
Matara,1,2021,4
Monaragala,1,2021,0
Mullaitivu,1,2021,0
Nuwara Eliya,1,2021,0
Polonnaruwa,1,2021,0
Puttalam,1,2021,0
Ratnapura,1,2021,0
Trincomalee,1,2021,1
Vavuniya,1,2021,0
Ampara,2,2021,0
Anuradhapura,2,2021,3
Badulla,2,2021,11
Batticaloa,2,2021,287
Colombo,2,2021,52
Galle,2,2021,7
Gampaha,2,2021,28
Hambantota,2,2021,4
Jaffna,2,2021,2
Kalmunai,2,2021,0
Kalutara,2,2021,0
Kandy,2,2021,17
Kegalle,2,2021,5
Kilinochchi,2,2021,2
Kurunegala,2,2021,13
Mannar,2,2021,1
Matale,2,2021,4
Matara,2,2021,8
Monaragala,2,2021,0
Mullaitivu,2,2021,0
Nuwara Eliya,2,2021,2
Polonnaruwa,2,2021,0
Puttalam,2,2021,0
Ratnapura,2,2021,10
Trincomalee,2,2021,2
Vavuniya,2,2021,1
Ampara,3,2021,1
Anuradhapura,3,2021,3
Badulla,3,2021,7
Batticaloa,3,2021,259
Colombo,3,2021,34
Galle,3,2021,6
Gampaha,3,2021,20
Hambantota,3,2021,2
Jaffna,3,2021,3
Kalmunai,3,2021,0
Kalutara,3,2021,0
Kandy,3,2021,17
Kegalle,3,2021,5
Kilinochchi,3,2021,0
Kurunegala,3,2021,19
Mannar,3,2021,0
Matale,3,2021,3
Matara,3,2021,6
Monaragala,3,2021,0
Mullaitivu,3,2021,0
Nuwara Eliya,3,2021,1
Polonnaruwa,3,2021,1
Puttalam,3,2021,0
Ratnapura,3,2021,9
Trincomalee,3,2021,3
Vavuniya,3,2021,1
Ampara,4,2021,3
Anuradhapura,4,2021,3
Badulla,4,2021,1
Batticaloa,4,2021,321
Colombo,4,2021,54
Galle,4,2021,4
Gampaha,4,2021,41
Hambantota,4,2021,3
Jaffna,4,2021,7
Kalmunai,4,2021,0
Kalutara,4,2021,0
Kandy,4,2021,19
Kegalle,4,2021,4
Kilinochchi,4,2021,0
Kurunegala,4,2021,6
Mannar,4,2021,2
Matale,4,2021,1
Matara,4,2021,2
Monaragala,4,2021,0
Mullaitivu,4,2021,0
Nuwara Eliya,4,2021,4
Polonnaruwa,4,2021,1
Puttalam,4,2021,0
Ratnapura,4,2021,7
Trincomalee,4,2021,3
Vavuniya,4,2021,0
Ampara,5,2021,0
Anuradhapura,5,2021,5
Badulla,5,2021,3
Batticaloa,5,2021,257
Colombo,5,2021,50
Galle,5,2021,4
Gampaha,5,2021,26
Hambantota,5,2021,10
Jaffna,5,2021,2
Kalmunai,5,2021,0
Kalutara,5,2021,0
Kandy,5,2021,18
Kegalle,5,2021,7
Kilinochchi,5,2021,2
Kurunegala,5,2021,12
Mannar,5,2021,2
Matale,5,2021,1
Matara,5,2021,3
Monaragala,5,2021,0
Mullaitivu,5,2021,0
Nuwara Eliya,5,2021,0
Polonnaruwa,5,2021,2
Puttalam,5,2021,0
Ratnapura,5,2021,10
Trincomalee,5,2021,2
Vavuniya,5,2021,1
Ampara,6,2021,3
Anuradhapura,6,2021,1
Badulla,6,2021,1
Batticaloa,6,2021,401
Colombo,6,2021,76
Galle,6,2021,1
Gampaha,6,2021,47
Hambantota,6,2021,6
Jaffna,6,2021,1
Kalmunai,6,2021,0
Kalutara,6,2021,0
Kandy,6,2021,8
Kegalle,6,2021,1
Kilinochchi,6,2021,4
Kurunegala,6,2021,10
Mannar,6,2021,1
Matale,6,2021,3
Matara,6,2021,7
Monaragala,6,2021,0
Mullaitivu,6,2021,0
Nuwara Eliya,6,2021,0
Polonnaruwa,6,2021,3
Puttalam,6,2021,0
Ratnapura,6,2021,15
Trincomalee,6,2021,3
Vavuniya,6,2021,0
Ampara,7,2021,1
Anuradhapura,7,2021,6
Badulla,7,2021,0
Batticaloa,7,2021,413
Colombo,7,2021,86
Galle,7,2021,3
Gampaha,7,2021,66
Hambantota,7,2021,5
Jaffna,7,2021,1
Kalmunai,7,2021,0
Kalutara,7,2021,0
Kandy,7,2021,18
Kegalle,7,2021,9
Kilinochchi,7,2021,0
Kurunegala,7,2021,13
Mannar,7,2021,0
Matale,7,2021,1
Matara,7,2021,15
Monaragala,7,2021,0
Mullaitivu,7,2021,0
Nuwara Eliya,7,2021,1
Polonnaruwa,7,2021,1
Puttalam,7,2021,0
Ratnapura,7,2021,10
Trincomalee,7,2021,16
Vavuniya,7,2021,8
Ampara,8,2021,1
Anuradhapura,8,2021,5
Badulla,8,2021,1
Batticaloa,8,2021,217
Colombo,8,2021,115
Galle,8,2021,8
Gampaha,8,2021,46
Hambantota,8,2021,7
Jaffna,8,2021,1
Kalmunai,8,2021,0
Kalutara,8,2021,0
Kandy,8,2021,17
Kegalle,8,2021,14
Kilinochchi,8,2021,0
Kurunegala,8,2021,17
Mannar,8,2021,0
Matale,8,2021,3
Matara,8,2021,8
Monaragala,8,2021,0
Mullaitivu,8,2021,0
Nuwara Eliya,8,2021,0
Polonnaruwa,8,2021,2
Puttalam,8,2021,0
Ratnapura,8,2021,14
Trincomalee,8,2021,11
Vavuniya,8,2021,2
Ampara,9,2021,1
Anuradhapura,9,2021,6
Badulla,9,2021,0
Batticaloa,9,2021,183
Colombo,9,2021,111
Galle,9,2021,8
Gampaha,9,2021,40
Hambantota,9,2021,6
Jaffna,9,2021,1
Kalmunai,9,2021,0
Kalutara,9,2021,0
Kandy,9,2021,11
Kegalle,9,2021,14
Kilinochchi,9,2021,0
Kurunegala,9,2021,25
Mannar,9,2021,3
Matale,9,2021,2
Matara,9,2021,7
Monaragala,9,2021,0
Mullaitivu,9,2021,0
Nuwara Eliya,9,2021,2
Polonnaruwa,9,2021,0
Puttalam,9,2021,0
Ratnapura,9,2021,25
Trincomalee,9,2021,9
Vavuniya,9,2021,1
Ampara,10,2021,2
Anuradhapura,10,2021,3
Badulla,10,2021,2
Batticaloa,10,2021,167
Colombo,10,2021,195
Galle,10,2021,8
Gampaha,10,2021,91
Hambantota,10,2021,5
Jaffna,10,2021,2
Kalmunai,10,2021,0
Kalutara,10,2021,0
Kandy,10,2021,16
Kegalle,10,2021,14
Kilinochchi,10,2021,0
Kurunegala,10,2021,28
Mannar,10,2021,3
Matale,10,2021,4
Matara,10,2021,15
Monaragala,10,2021,0
Mullaitivu,10,2021,0
Nuwara Eliya,10,2021,3
Polonnaruwa,10,2021,0
Puttalam,10,2021,0
Ratnapura,10,2021,22
Trincomalee,10,2021,6
Vavuniya,10,2021,3
Ampara,11,2021,0
Anuradhapura,11,2021,11
Badulla,11,2021,7
Batticaloa,11,2021,114
Colombo,11,2021,159
Galle,11,2021,7
Gampaha,11,2021,55
Hambantota,11,2021,9
Jaffna,11,2021,2
Kalmunai,11,2021,0
Kalutara,11,2021,0
Kandy,11,2021,16
Kegalle,11,2021,17
Kilinochchi,11,2021,0
Kurunegala,11,2021,35
Mannar,11,2021,1
Matale,11,2021,4
Matara,11,2021,8
Monaragala,11,2021,0
Mullaitivu,11,2021,0
Nuwara Eliya,11,2021,3
Polonnaruwa,11,2021,0
Puttalam,11,2021,0
Ratnapura,11,2021,26
Trincomalee,11,2021,17
Vavuniya,11,2021,1
Ampara,12,2021,1
Anuradhapura,12,2021,4
Badulla,12,2021,3
Batticaloa,12,2021,65
Colombo,12,2021,127
Galle,12,2021,10
Gampaha,12,2021,51
Hambantota,12,2021,9
Jaffna,12,2021,1
Kalmunai,12,2021,0
Kalutara,12,2021,0
Kandy,12,2021,20
Kegalle,12,2021,12
Kilinochchi,12,2021,0
Kurunegala,12,2021,30
Mannar,12,2021,0
Matale,12,2021,1
Matara,12,2021,5
Monaragala,12,2021,0
Mullaitivu,12,2021,0
Nuwara Eliya,12,2021,1
Polonnaruwa,12,2021,0
Puttalam,12,2021,0
Ratnapura,12,2021,28
Trincomalee,12,2021,6
Vavuniya,12,2021,0
Ampara,13,2021,2
Anuradhapura,13,2021,5
Badulla,13,2021,3
Batticaloa,13,2021,81
Colombo,13,2021,130
Galle,13,2021,3
Gampaha,13,2021,69
Hambantota,13,2021,7
Jaffna,13,2021,1
Kalmunai,13,2021,0
Kalutara,13,2021,0
Kandy,13,2021,21
Kegalle,13,2021,21
Kilinochchi,13,2021,1
Kurunegala,13,2021,49
Mannar,13,2021,1
Matale,13,2021,3
Matara,13,2021,5
Monaragala,13,2021,0
Mullaitivu,13,2021,0
Nuwara Eliya,13,2021,3
Polonnaruwa,13,2021,0
Puttalam,13,2021,0
Ratnapura,13,2021,18
Trincomalee,13,2021,5
Vavuniya,13,2021,3
Ampara,14,2021,1
Anuradhapura,14,2021,13
Badulla,14,2021,5
Batticaloa,14,2021,58
Colombo,14,2021,148
Galle,14,2021,5
Gampaha,14,2021,55
Hambantota,14,2021,10
Jaffna,14,2021,2
Kalmunai,14,2021,0
Kalutara,14,2021,0
Kandy,14,2021,22
Kegalle,14,2021,19
Kilinochchi,14,2021,1
Kurunegala,14,2021,32
Mannar,14,2021,2
Matale,14,2021,1
Matara,14,2021,5
Monaragala,14,2021,0
Mullaitivu,14,2021,0
Nuwara Eliya,14,2021,1
Polonnaruwa,14,2021,0
Puttalam,14,2021,0
Ratnapura,14,2021,12
Trincomalee,14,2021,4
Vavuniya,14,2021,2
Ampara,15,2021,2
Anuradhapura,15,2021,6
Badulla,15,2021,3
Batticaloa,15,2021,47
Colombo,15,2021,155
Galle,15,2021,20
Gampaha,15,2021,59
Hambantota,15,2021,13
Jaffna,15,2021,0
Kalmunai,15,2021,0
Kalutara,15,2021,0
Kandy,15,2021,20
Kegalle,15,2021,28
Kilinochchi,15,2021,0
Kurunegala,15,2021,37
Mannar,15,2021,1
Matale,15,2021,4
Matara,15,2021,8
Monaragala,15,2021,0
Mullaitivu,15,2021,0
Nuwara Eliya,15,2021,2
Polonnaruwa,15,2021,1
Puttalam,15,2021,0
Ratnapura,15,2021,18
Trincomalee,15,2021,1
Vavuniya,15,2021,0
Ampara,16,2021,3
Anuradhapura,16,2021,12
Badulla,16,2021,7
Batticaloa,16,2021,63
Colombo,16,2021,177
Galle,16,2021,14
Gampaha,16,2021,53
Hambantota,16,2021,10
Jaffna,16,2021,3
Kalmunai,16,2021,0
Kalutara,16,2021,0
Kandy,16,2021,30
Kegalle,16,2021,22
Kilinochchi,16,2021,0
Kurunegala,16,2021,25
Mannar,16,2021,2
Matale,16,2021,6
Matara,16,2021,16
Monaragala,16,2021,0
Mullaitivu,16,2021,0
Nuwara Eliya,16,2021,1
Polonnaruwa,16,2021,2
Puttalam,16,2021,0
Ratnapura,16,2021,25
Trincomalee,16,2021,2
Vavuniya,16,2021,2
Ampara,17,2021,2
Anuradhapura,17,2021,10
Badulla,17,2021,8
Batticaloa,17,2021,65
Colombo,17,2021,210
Galle,17,2021,13
Gampaha,17,2021,80
Hambantota,17,2021,10
Jaffna,17,2021,0
Kalmunai,17,2021,0
Kalutara,17,2021,0
Kandy,17,2021,20
Kegalle,17,2021,18
Kilinochchi,17,2021,1
Kurunegala,17,2021,28
Mannar,17,2021,1
Matale,17,2021,2
Matara,17,2021,9
Monaragala,17,2021,0
Mullaitivu,17,2021,0
Nuwara Eliya,17,2021,4
Polonnaruwa,17,2021,0
Puttalam,17,2021,0
Ratnapura,17,2021,18
Trincomalee,17,2021,14
Vavuniya,17,2021,0
Ampara,18,2021,3
Anuradhapura,18,2021,5
Badulla,18,2021,2
Batticaloa,18,2021,50
Colombo,18,2021,196
Galle,18,2021,7
Gampaha,18,2021,60
Hambantota,18,2021,3
Jaffna,18,2021,0
Kalmunai,18,2021,0
Kalutara,18,2021,0
Kandy,18,2021,14
Kegalle,18,2021,13
Kilinochchi,18,2021,0
Kurunegala,18,2021,22
Mannar,18,2021,0
Matale,18,2021,4
Matara,18,2021,4
Monaragala,18,2021,0
Mullaitivu,18,2021,0
Nuwara Eliya,18,2021,0
Polonnaruwa,18,2021,1
Puttalam,18,2021,0
Ratnapura,18,2021,13
Trincomalee,18,2021,1
Vavuniya,18,2021,0
Ampara,19,2021,0
Anuradhapura,19,2021,13
Badulla,19,2021,3
Batticaloa,19,2021,30
Colombo,19,2021,132
Galle,19,2021,4
Gampaha,19,2021,55
Hambantota,19,2021,7
Jaffna,19,2021,2
Kalmunai,19,2021,0
Kalutara,19,2021,0
Kandy,19,2021,20
Kegalle,19,2021,12
Kilinochchi,19,2021,1
Kurunegala,19,2021,19
Mannar,19,2021,0
Matale,19,2021,4
Matara,19,2021,7
Monaragala,19,2021,0
Mullaitivu,19,2021,0
Nuwara Eliya,19,2021,0
Polonnaruwa,19,2021,3
Puttalam,19,2021,0
Ratnapura,19,2021,7
Trincomalee,19,2021,3
Vavuniya,19,2021,1
Ampara,20,2021,4
Anuradhapura,20,2021,0
Badulla,20,2021,5
Batticaloa,20,2021,27
Colombo,20,2021,81
Galle,20,2021,0
Gampaha,20,2021,27
Hambantota,20,2021,2
Jaffna,20,2021,0
Kalmunai,20,2021,0
Kalutara,20,2021,0
Kandy,20,2021,16
Kegalle,20,2021,14
Kilinochchi,20,2021,0
Kurunegala,20,2021,19
Mannar,20,2021,0
Matale,20,2021,0
Matara,20,2021,9
Monaragala,20,2021,0
Mullaitivu,20,2021,0
Nuwara Eliya,20,2021,3
Polonnaruwa,20,2021,0
Puttalam,20,2021,0
Ratnapura,20,2021,9
Trincomalee,20,2021,3
Vavuniya,20,2021,0
Ampara,21,2021,2
Anuradhapura,21,2021,1
Badulla,21,2021,5
Batticaloa,21,2021,12
Colombo,21,2021,134
Galle,21,2021,1
Gampaha,21,2021,42
Hambantota,21,2021,6
Jaffna,21,2021,0
Kalmunai,21,2021,0
Kalutara,21,2021,0
Kandy,21,2021,6
Kegalle,21,2021,8
Kilinochchi,21,2021,0
Kurunegala,21,2021,16
Mannar,21,2021,0
Matale,21,2021,0
Matara,21,2021,3
Monaragala,21,2021,0
Mullaitivu,21,2021,0
Nuwara Eliya,21,2021,0
Polonnaruwa,21,2021,0
Puttalam,21,2021,0
Ratnapura,21,2021,10
Trincomalee,21,2021,1
Vavuniya,21,2021,0
Ampara,22,2021,0
Anuradhapura,22,2021,3
Badulla,22,2021,4
Batticaloa,22,2021,31
Colombo,22,2021,158
Galle,22,2021,1
Gampaha,22,2021,59
Hambantota,22,2021,9
Jaffna,22,2021,0
Kalmunai,22,2021,0
Kalutara,22,2021,0
Kandy,22,2021,9
Kegalle,22,2021,15
Kilinochchi,22,2021,0
Kurunegala,22,2021,11
Mannar,22,2021,1
Matale,22,2021,3
Matara,22,2021,4
Monaragala,22,2021,0
Mullaitivu,22,2021,0
Nuwara Eliya,22,2021,0
Polonnaruwa,22,2021,0
Puttalam,22,2021,0
Ratnapura,22,2021,10
Trincomalee,22,2021,2
Vavuniya,22,2021,1
Ampara,23,2021,4
Anuradhapura,23,2021,24
Badulla,23,2021,15
Batticaloa,23,2021,17
Colombo,23,2021,197
Galle,23,2021,12
Gampaha,23,2021,82
Hambantota,23,2021,9
Jaffna,23,2021,1
Kalmunai,23,2021,0
Kalutara,23,2021,0
Kandy,23,2021,12
Kegalle,23,2021,10
Kilinochchi,23,2021,0
Kurunegala,23,2021,17
Mannar,23,2021,0
Matale,23,2021,5
Matara,23,2021,28
Monaragala,23,2021,0
Mullaitivu,23,2021,0
Nuwara Eliya,23,2021,3
Polonnaruwa,23,2021,2
Puttalam,23,2021,0
Ratnapura,23,2021,7
Trincomalee,23,2021,2
Vavuniya,23,2021,0
Ampara,24,2021,0
Anuradhapura,24,2021,17
Badulla,24,2021,12
Batticaloa,24,2021,10
Colombo,24,2021,238
Galle,24,2021,35
Gampaha,24,2021,98
Hambantota,24,2021,12
Jaffna,24,2021,1
Kalmunai,24,2021,0
Kalutara,24,2021,0
Kandy,24,2021,20
Kegalle,24,2021,12
Kilinochchi,24,2021,0
Kurunegala,24,2021,42
Mannar,24,2021,1
Matale,24,2021,4
Matara,24,2021,22
Monaragala,24,2021,0
Mullaitivu,24,2021,0
Nuwara Eliya,24,2021,1
Polonnaruwa,24,2021,5
Puttalam,24,2021,0
Ratnapura,24,2021,18
Trincomalee,24,2021,3
Vavuniya,24,2021,0
Ampara,25,2021,6
Anuradhapura,25,2021,18
Badulla,25,2021,26
Batticaloa,25,2021,17
Colombo,25,2021,354
Galle,25,2021,22
Gampaha,25,2021,126
Hambantota,25,2021,10
Jaffna,25,2021,1
Kalmunai,25,2021,0
Kalutara,25,2021,0
Kandy,25,2021,25
Kegalle,25,2021,15
Kilinochchi,25,2021,0
Kurunegala,25,2021,50
Mannar,25,2021,0
Matale,25,2021,5
Matara,25,2021,34
Monaragala,25,2021,0
Mullaitivu,25,2021,0
Nuwara Eliya,25,2021,0
Polonnaruwa,25,2021,0
Puttalam,25,2021,0
Ratnapura,25,2021,15
Trincomalee,25,2021,1
Vavuniya,25,2021,0
Ampara,26,2021,4
Anuradhapura,26,2021,10
Badulla,26,2021,11
Batticaloa,26,2021,4
Colombo,26,2021,337
Galle,26,2021,16
Gampaha,26,2021,129
Hambantota,26,2021,17
Jaffna,26,2021,0
Kalmunai,26,2021,0
Kalutara,26,2021,0
Kandy,26,2021,28
Kegalle,26,2021,11
Kilinochchi,26,2021,0
Kurunegala,26,2021,43
Mannar,26,2021,0
Matale,26,2021,3
Matara,26,2021,57
Monaragala,26,2021,0
Mullaitivu,26,2021,0
Nuwara Eliya,26,2021,1
Polonnaruwa,26,2021,2
Puttalam,26,2021,0
Ratnapura,26,2021,21
Trincomalee,26,2021,6
Vavuniya,26,2021,0
Ampara,27,2021,5
Anuradhapura,27,2021,11
Badulla,27,2021,12
Batticaloa,27,2021,11
Colombo,27,2021,306
Galle,27,2021,18
Gampaha,27,2021,150
Hambantota,27,2021,27
Jaffna,27,2021,0
Kalmunai,27,2021,0
Kalutara,27,2021,0
Kandy,27,2021,43
Kegalle,27,2021,15
Kilinochchi,27,2021,0
Kurunegala,27,2021,45
Mannar,27,2021,0
Matale,27,2021,7
Matara,27,2021,35
Monaragala,27,2021,0
Mullaitivu,27,2021,0
Nuwara Eliya,27,2021,2
Polonnaruwa,27,2021,6
Puttalam,27,2021,0
Ratnapura,27,2021,13
Trincomalee,27,2021,0
Vavuniya,27,2021,1
Ampara,28,2021,0
Anuradhapura,28,2021,16
Badulla,28,2021,12
Batticaloa,28,2021,5
Colombo,28,2021,353
Galle,28,2021,21
Gampaha,28,2021,164
Hambantota,28,2021,17
Jaffna,28,2021,0
Kalmunai,28,2021,0
Kalutara,28,2021,0
Kandy,28,2021,41
Kegalle,28,2021,15
Kilinochchi,28,2021,1
Kurunegala,28,2021,28
Mannar,28,2021,0
Matale,28,2021,10
Matara,28,2021,23
Monaragala,28,2021,0
Mullaitivu,28,2021,0
Nuwara Eliya,28,2021,0
Polonnaruwa,28,2021,1
Puttalam,28,2021,0
Ratnapura,28,2021,40
Trincomalee,28,2021,0
Vavuniya,28,2021,2
Ampara,29,2021,4
Anuradhapura,29,2021,16
Badulla,29,2021,10
Batticaloa,29,2021,5
Colombo,29,2021,301
Galle,29,2021,7
Gampaha,29,2021,139
Hambantota,29,2021,9
Jaffna,29,2021,1
Kalmunai,29,2021,0
Kalutara,29,2021,0
Kandy,29,2021,51
Kegalle,29,2021,20
Kilinochchi,29,2021,0
Kurunegala,29,2021,61
Mannar,29,2021,0
Matale,29,2021,11
Matara,29,2021,28
Monaragala,29,2021,0
Mullaitivu,29,2021,0
Nuwara Eliya,29,2021,3
Polonnaruwa,29,2021,1
Puttalam,29,2021,0
Ratnapura,29,2021,24
Trincomalee,29,2021,2
Vavuniya,29,2021,1
Ampara,30,2021,7
Anuradhapura,30,2021,10
Badulla,30,2021,15
Batticaloa,30,2021,3
Colombo,30,2021,243
Galle,30,2021,14
Gampaha,30,2021,145
Hambantota,30,2021,11
Jaffna,30,2021,0
Kalmunai,30,2021,0
Kalutara,30,2021,0
Kandy,30,2021,25
Kegalle,30,2021,14
Kilinochchi,30,2021,0
Kurunegala,30,2021,61
Mannar,30,2021,1
Matale,30,2021,16
Matara,30,2021,23
Monaragala,30,2021,0
Mullaitivu,30,2021,0
Nuwara Eliya,30,2021,1
Polonnaruwa,30,2021,0
Puttalam,30,2021,0
Ratnapura,30,2021,14
Trincomalee,30,2021,0
Vavuniya,30,2021,0
Ampara,31,2021,0
Anuradhapura,31,2021,3
Badulla,31,2021,11
Batticaloa,31,2021,1
Colombo,31,2021,253
Galle,31,2021,12
Gampaha,31,2021,119
Hambantota,31,2021,8
Jaffna,31,2021,2
Kalmunai,31,2021,0
Kalutara,31,2021,0
Kandy,31,2021,31
Kegalle,31,2021,22
Kilinochchi,31,2021,0
Kurunegala,31,2021,61
Mannar,31,2021,0
Matale,31,2021,13
Matara,31,2021,15
Monaragala,31,2021,0
Mullaitivu,31,2021,0
Nuwara Eliya,31,2021,1
Polonnaruwa,31,2021,18
Puttalam,31,2021,0
Ratnapura,31,2021,7
Trincomalee,31,2021,0
Vavuniya,31,2021,1
Ampara,32,2021,0
Anuradhapura,32,2021,6
Badulla,32,2021,3
Batticaloa,32,2021,1
Colombo,32,2021,137
Galle,32,2021,13
Gampaha,32,2021,66
Hambantota,32,2021,7
Jaffna,32,2021,1
Kalmunai,32,2021,0
Kalutara,32,2021,0
Kandy,32,2021,22
Kegalle,32,2021,7
Kilinochchi,32,2021,0
Kurunegala,32,2021,42
Mannar,32,2021,0
Matale,32,2021,13
Matara,32,2021,11
Monaragala,32,2021,0
Mullaitivu,32,2021,0
Nuwara Eliya,32,2021,4
Polonnaruwa,32,2021,0
Puttalam,32,2021,0
Ratnapura,32,2021,18
Trincomalee,32,2021,0
Vavuniya,32,2021,0
Ampara,33,2021,0
Anuradhapura,33,2021,7
Badulla,33,2021,7
Batticaloa,33,2021,2
Colombo,33,2021,104
Galle,33,2021,4
Gampaha,33,2021,20
Hambantota,33,2021,5
Jaffna,33,2021,0
Kalmunai,33,2021,0
Kalutara,33,2021,0
Kandy,33,2021,19
Kegalle,33,2021,7
Kilinochchi,33,2021,0
Kurunegala,33,2021,13
Mannar,33,2021,1
Matale,33,2021,15
Matara,33,2021,20
Monaragala,33,2021,0
Mullaitivu,33,2021,0
Nuwara Eliya,33,2021,3
Polonnaruwa,33,2021,0
Puttalam,33,2021,0
Ratnapura,33,2021,17
Trincomalee,33,2021,3
Vavuniya,33,2021,1
Ampara,34,2021,0
Anuradhapura,34,2021,3
Badulla,34,2021,4
Batticaloa,34,2021,3
Colombo,34,2021,75
Galle,34,2021,4
Gampaha,34,2021,44
Hambantota,34,2021,4
Jaffna,34,2021,0
Kalmunai,34,2021,0
Kalutara,34,2021,0
Kandy,34,2021,20
Kegalle,34,2021,3
Kilinochchi,34,2021,0
Kurunegala,34,2021,8
Mannar,34,2021,0
Matale,34,2021,4
Matara,34,2021,13
Monaragala,34,2021,0
Mullaitivu,34,2021,0
Nuwara Eliya,34,2021,0
Polonnaruwa,34,2021,3
Puttalam,34,2021,0
Ratnapura,34,2021,10
Trincomalee,34,2021,0
Vavuniya,34,2021,0
Ampara,35,2021,0
Anuradhapura,35,2021,5
Badulla,35,2021,3
Batticaloa,35,2021,1
Colombo,35,2021,98
Galle,35,2021,6
Gampaha,35,2021,31
Hambantota,35,2021,6
Jaffna,35,2021,0
Kalmunai,35,2021,0
Kalutara,35,2021,0
Kandy,35,2021,15
Kegalle,35,2021,5
Kilinochchi,35,2021,1
Kurunegala,35,2021,14
Mannar,35,2021,0
Matale,35,2021,4
Matara,35,2021,3
Monaragala,35,2021,0
Mullaitivu,35,2021,0
Nuwara Eliya,35,2021,0
Polonnaruwa,35,2021,4
Puttalam,35,2021,0
Ratnapura,35,2021,7
Trincomalee,35,2021,1
Vavuniya,35,2021,1
Ampara,36,2021,0
Anuradhapura,36,2021,7
Badulla,36,2021,5
Batticaloa,36,2021,2
Colombo,36,2021,92
Galle,36,2021,10
Gampaha,36,2021,45
Hambantota,36,2021,4
Jaffna,36,2021,0
Kalmunai,36,2021,0
Kalutara,36,2021,0
Kandy,36,2021,10
Kegalle,36,2021,3
Kilinochchi,36,2021,0
Kurunegala,36,2021,16
Mannar,36,2021,0
Matale,36,2021,1
Matara,36,2021,11
Monaragala,36,2021,0
Mullaitivu,36,2021,0
Nuwara Eliya,36,2021,3
Polonnaruwa,36,2021,0
Puttalam,36,2021,0
Ratnapura,36,2021,8
Trincomalee,36,2021,0
Vavuniya,36,2021,0
Ampara,37,2021,1
Anuradhapura,37,2021,3
Badulla,37,2021,1
Batticaloa,37,2021,1
Colombo,37,2021,123
Galle,37,2021,1
Gampaha,37,2021,51
Hambantota,37,2021,2
Jaffna,37,2021,0
Kalmunai,37,2021,0
Kalutara,37,2021,0
Kandy,37,2021,12
Kegalle,37,2021,4
Kilinochchi,37,2021,0
Kurunegala,37,2021,5
Mannar,37,2021,0
Matale,37,2021,4
Matara,37,2021,2
Monaragala,37,2021,0
Mullaitivu,37,2021,0
Nuwara Eliya,37,2021,1
Polonnaruwa,37,2021,0
Puttalam,37,2021,0
Ratnapura,37,2021,7
Trincomalee,37,2021,3
Vavuniya,37,2021,0
Ampara,38,2021,1
Anuradhapura,38,2021,2
Badulla,38,2021,4
Batticaloa,38,2021,0
Colombo,38,2021,107
Galle,38,2021,10
Gampaha,38,2021,58
Hambantota,38,2021,6
Jaffna,38,2021,0
Kalmunai,38,2021,0
Kalutara,38,2021,0
Kandy,38,2021,26
Kegalle,38,2021,4
Kilinochchi,38,2021,0
Kurunegala,38,2021,9
Mannar,38,2021,0
Matale,38,2021,0
Matara,38,2021,11
Monaragala,38,2021,0
Mullaitivu,38,2021,0
Nuwara Eliya,38,2021,3
Polonnaruwa,38,2021,1
Puttalam,38,2021,0
Ratnapura,38,2021,8
Trincomalee,38,2021,3
Vavuniya,38,2021,0
Ampara,39,2021,1
Anuradhapura,39,2021,0
Badulla,39,2021,11
Batticaloa,39,2021,3
Colombo,39,2021,163
Galle,39,2021,14
Gampaha,39,2021,71
Hambantota,39,2021,4
Jaffna,39,2021,0
Kalmunai,39,2021,0
Kalutara,39,2021,0
Kandy,39,2021,36
Kegalle,39,2021,9
Kilinochchi,39,2021,0
Kurunegala,39,2021,20
Mannar,39,2021,0
Matale,39,2021,9
Matara,39,2021,15
Monaragala,39,2021,0
Mullaitivu,39,2021,0
Nuwara Eliya,39,2021,3
Polonnaruwa,39,2021,6
Puttalam,39,2021,0
Ratnapura,39,2021,23
Trincomalee,39,2021,2
Vavuniya,39,2021,0
Ampara,40,2021,2
Anuradhapura,40,2021,4
Badulla,40,2021,16
Batticaloa,40,2021,1
Colombo,40,2021,170
Galle,40,2021,11
Gampaha,40,2021,81
Hambantota,40,2021,11
Jaffna,40,2021,0
Kalmunai,40,2021,0
Kalutara,40,2021,0
Kandy,40,2021,23
Kegalle,40,2021,5
Kilinochchi,40,2021,0
Kurunegala,40,2021,22
Mannar,40,2021,0
Matale,40,2021,5
Matara,40,2021,16
Monaragala,40,2021,0
Mullaitivu,40,2021,0
Nuwara Eliya,40,2021,1
Polonnaruwa,40,2021,0
Puttalam,40,2021,0
Ratnapura,40,2021,6
Trincomalee,40,2021,2
Vavuniya,40,2021,1
Ampara,41,2021,3
Anuradhapura,41,2021,2
Badulla,41,2021,11
Batticaloa,41,2021,3
Colombo,41,2021,205
Galle,41,2021,15
Gampaha,41,2021,93
Hambantota,41,2021,9
Jaffna,41,2021,0
Kalmunai,41,2021,0
Kalutara,41,2021,0
Kandy,41,2021,29
Kegalle,41,2021,17
Kilinochchi,41,2021,0
Kurunegala,41,2021,26
Mannar,41,2021,0
Matale,41,2021,7
Matara,41,2021,9
Monaragala,41,2021,0
Mullaitivu,41,2021,0
Nuwara Eliya,41,2021,3
Polonnaruwa,41,2021,1
Puttalam,41,2021,0
Ratnapura,41,2021,19
Trincomalee,41,2021,2
Vavuniya,41,2021,0
Ampara,42,2021,2
Anuradhapura,42,2021,3
Badulla,42,2021,24
Batticaloa,42,2021,3
Colombo,42,2021,265
Galle,42,2021,19
Gampaha,42,2021,132
Hambantota,42,2021,8
Jaffna,42,2021,0
Kalmunai,42,2021,0
Kalutara,42,2021,0
Kandy,42,2021,46
Kegalle,42,2021,9
Kilinochchi,42,2021,0
Kurunegala,42,2021,27
Mannar,42,2021,3
Matale,42,2021,10
Matara,42,2021,15
Monaragala,42,2021,0
Mullaitivu,42,2021,0
Nuwara Eliya,42,2021,0
Polonnaruwa,42,2021,4
Puttalam,42,2021,0
Ratnapura,42,2021,26
Trincomalee,42,2021,2
Vavuniya,42,2021,2
Ampara,43,2021,1
Anuradhapura,43,2021,7
Badulla,43,2021,36
Batticaloa,43,2021,9
Colombo,43,2021,319
Galle,43,2021,14
Gampaha,43,2021,208
Hambantota,43,2021,10
Jaffna,43,2021,0
Kalmunai,43,2021,0
Kalutara,43,2021,0
Kandy,43,2021,40
Kegalle,43,2021,13
Kilinochchi,43,2021,0
Kurunegala,43,2021,42
Mannar,43,2021,0
Matale,43,2021,3
Matara,43,2021,9
Monaragala,43,2021,0
Mullaitivu,43,2021,0
Nuwara Eliya,43,2021,2
Polonnaruwa,43,2021,4
Puttalam,43,2021,0
Ratnapura,43,2021,26
Trincomalee,43,2021,0
Vavuniya,43,2021,0
Ampara,44,2021,1
Anuradhapura,44,2021,6
Badulla,44,2021,25
Batticaloa,44,2021,6
Colombo,44,2021,276
Galle,44,2021,19
Gampaha,44,2021,211
Hambantota,44,2021,11
Jaffna,44,2021,1
Kalmunai,44,2021,0
Kalutara,44,2021,0
Kandy,44,2021,24
Kegalle,44,2021,6
Kilinochchi,44,2021,0
Kurunegala,44,2021,33
Mannar,44,2021,0
Matale,44,2021,4
Matara,44,2021,13
Monaragala,44,2021,0
Mullaitivu,44,2021,1
Nuwara Eliya,44,2021,4
Polonnaruwa,44,2021,4
Puttalam,44,2021,0
Ratnapura,44,2021,17
Trincomalee,44,2021,6
Vavuniya,44,2021,0
Ampara,45,2021,0
Anuradhapura,45,2021,6
Badulla,45,2021,38
Batticaloa,45,2021,3
Colombo,45,2021,295
Galle,45,2021,20
Gampaha,45,2021,188
Hambantota,45,2021,7
Jaffna,45,2021,6
Kalmunai,45,2021,0
Kalutara,45,2021,0
Kandy,45,2021,37
Kegalle,45,2021,16
Kilinochchi,45,2021,0
Kurunegala,45,2021,53
Mannar,45,2021,0
Matale,45,2021,6
Matara,45,2021,7
Monaragala,45,2021,0
Mullaitivu,45,2021,0
Nuwara Eliya,45,2021,2
Polonnaruwa,45,2021,3
Puttalam,45,2021,0
Ratnapura,45,2021,21
Trincomalee,45,2021,0
Vavuniya,45,2021,0
Ampara,46,2021,0
Anuradhapura,46,2021,11
Badulla,46,2021,49
Batticaloa,46,2021,4
Colombo,46,2021,306
Galle,46,2021,31
Gampaha,46,2021,219
Hambantota,46,2021,9
Jaffna,46,2021,2
Kalmunai,46,2021,0
Kalutara,46,2021,0
Kandy,46,2021,54
Kegalle,46,2021,22
Kilinochchi,46,2021,0
Kurunegala,46,2021,58
Mannar,46,2021,2
Matale,46,2021,5
Matara,46,2021,22
Monaragala,46,2021,0
Mullaitivu,46,2021,0
Nuwara Eliya,46,2021,6
Polonnaruwa,46,2021,2
Puttalam,46,2021,0
Ratnapura,46,2021,13
Trincomalee,46,2021,19
Vavuniya,46,2021,2
Ampara,47,2021,4
Anuradhapura,47,2021,2
Badulla,47,2021,50
Batticaloa,47,2021,10
Colombo,47,2021,336
Galle,47,2021,23
Gampaha,47,2021,338
Hambantota,47,2021,8
Jaffna,47,2021,1
Kalmunai,47,2021,0
Kalutara,47,2021,0
Kandy,47,2021,62
Kegalle,47,2021,23
Kilinochchi,47,2021,0
Kurunegala,47,2021,73
Mannar,47,2021,6
Matale,47,2021,14
Matara,47,2021,21
Monaragala,47,2021,0
Mullaitivu,47,2021,0
Nuwara Eliya,47,2021,3
Polonnaruwa,47,2021,8
Puttalam,47,2021,0
Ratnapura,47,2021,26
Trincomalee,47,2021,9
Vavuniya,47,2021,1
Ampara,48,2021,4
Anuradhapura,48,2021,13
Badulla,48,2021,48
Batticaloa,48,2021,10
Colombo,48,2021,371
Galle,48,2021,28
Gampaha,48,2021,299
Hambantota,48,2021,13
Jaffna,48,2021,11
Kalmunai,48,2021,0
Kalutara,48,2021,0
Kandy,48,2021,50
Kegalle,48,2021,22
Kilinochchi,48,2021,0
Kurunegala,48,2021,57
Mannar,48,2021,0
Matale,48,2021,10
Matara,48,2021,26
Monaragala,48,2021,0
Mullaitivu,48,2021,0
Nuwara Eliya,48,2021,2
Polonnaruwa,48,2021,5
Puttalam,48,2021,0
Ratnapura,48,2021,15
Trincomalee,48,2021,17
Vavuniya,48,2021,2
Ampara,49,2021,5
Anuradhapura,49,2021,7
Badulla,49,2021,31
Batticaloa,49,2021,17
Colombo,49,2021,532
Galle,49,2021,19
Gampaha,49,2021,417
Hambantota,49,2021,12
Jaffna,49,2021,16
Kalmunai,49,2021,0
Kalutara,49,2021,0
Kandy,49,2021,66
Kegalle,49,2021,31
Kilinochchi,49,2021,2
Kurunegala,49,2021,67
Mannar,49,2021,35
Matale,49,2021,16
Matara,49,2021,24
Monaragala,49,2021,0
Mullaitivu,49,2021,0
Nuwara Eliya,49,2021,4
Polonnaruwa,49,2021,2
Puttalam,49,2021,0
Ratnapura,49,2021,31
Trincomalee,49,2021,15
Vavuniya,49,2021,4
Ampara,50,2021,13
Anuradhapura,50,2021,11
Badulla,50,2021,79
Batticaloa,50,2021,19
Colombo,50,2021,594
Galle,50,2021,34
Gampaha,50,2021,398
Hambantota,50,2021,18
Jaffna,50,2021,12
Kalmunai,50,2021,0
Kalutara,50,2021,0
Kandy,50,2021,65
Kegalle,50,2021,35
Kilinochchi,50,2021,1
Kurunegala,50,2021,92
Mannar,50,2021,62
Matale,50,2021,10
Matara,50,2021,23
Monaragala,50,2021,0
Mullaitivu,50,2021,0
Nuwara Eliya,50,2021,4
Polonnaruwa,50,2021,9
Puttalam,50,2021,0
Ratnapura,50,2021,41
Trincomalee,50,2021,23
Vavuniya,50,2021,3
Ampara,51,2021,7
Anuradhapura,51,2021,7
Badulla,51,2021,57
Batticaloa,51,2021,23
Colombo,51,2021,729
Galle,51,2021,42
Gampaha,51,2021,558
Hambantota,51,2021,25
Jaffna,51,2021,39
Kalmunai,51,2021,0
Kalutara,51,2021,0
Kandy,51,2021,78
Kegalle,51,2021,48
Kilinochchi,51,2021,3
Kurunegala,51,2021,99
Mannar,51,2021,95
Matale,51,2021,11
Matara,51,2021,14
Monaragala,51,2021,0
Mullaitivu,51,2021,1
Nuwara Eliya,51,2021,13
Polonnaruwa,51,2021,9
Puttalam,51,2021,0
Ratnapura,51,2021,58
Trincomalee,51,2021,36
Vavuniya,51,2021,1
Ampara,52,2021,5
Anuradhapura,52,2021,11
Badulla,52,2021,41
Batticaloa,52,2021,18
Colombo,52,2021,715
Galle,52,2021,62
Gampaha,52,2021,527
Hambantota,52,2021,17
Jaffna,52,2021,33
Kalmunai,52,2021,0
Kalutara,52,2021,0
Kandy,52,2021,92
Kegalle,52,2021,52
Kilinochchi,52,2021,5
Kurunegala,52,2021,111
Mannar,52,2021,77
Matale,52,2021,10
Matara,52,2021,40
Monaragala,52,2021,0
Mullaitivu,52,2021,0
Nuwara Eliya,52,2021,5
Polonnaruwa,52,2021,7
Puttalam,52,2021,0
Ratnapura,52,2021,42
Trincomalee,52,2021,19
Vavuniya,52,2021,2
Ampara,53,2021,0
Anuradhapura,53,2021,0
Badulla,53,2021,0
Batticaloa,53,2021,0
Colombo,53,2021,0
Galle,53,2021,0
Gampaha,53,2021,0
Hambantota,53,2021,0
Jaffna,53,2021,0
Kalmunai,53,2021,0
Kalutara,53,2021,0
Kandy,53,2021,0
Kegalle,53,2021,0
Kilinochchi,53,2021,0
Kurunegala,53,2021,0
Mannar,53,2021,0
Matale,53,2021,0
Matara,53,2021,0
Monaragala,53,2021,0
Mullaitivu,53,2021,0
Nuwara Eliya,53,2021,0
Polonnaruwa,53,2021,0
Puttalam,53,2021,0
Ratnapura,53,2021,0
Trincomalee,53,2021,0
Vavuniya,53,2021,0
Ampara,1,2022,0
Anuradhapura,1,2022,8
Badulla,1,2022,15
Batticaloa,1,2022,6
Colombo,1,2022,88
Galle,1,2022,23
Gampaha,1,2022,103
Hambantota,1,2022,5
Jaffna,1,2022,9
Kalmunai,1,2022,0
Kalutara,1,2022,0
Kandy,1,2022,14
Kegalle,1,2022,5
Kilinochchi,1,2022,4
Kurunegala,1,2022,28
Mannar,1,2022,15
Matale,1,2022,1
Matara,1,2022,12
Monaragala,1,2022,0
Mullaitivu,1,2022,0
Nuwara Eliya,1,2022,1
Polonnaruwa,1,2022,1
Puttalam,1,2022,0
Ratnapura,1,2022,12
Trincomalee,1,2022,6
Vavuniya,1,2022,2
Ampara,2,2022,8
Anuradhapura,2,2022,12
Badulla,2,2022,64
Batticaloa,2,2022,26
Colombo,2,2022,563
Galle,2,2022,95
Gampaha,2,2022,457
Hambantota,2,2022,22
Jaffna,2,2022,31
Kalmunai,2,2022,0
Kalutara,2,2022,0
Kandy,2,2022,89
Kegalle,2,2022,55
Kilinochchi,2,2022,4
Kurunegala,2,2022,115
Mannar,2,2022,28
Matale,2,2022,20
Matara,2,2022,44
Monaragala,2,2022,0
Mullaitivu,2,2022,0
Nuwara Eliya,2,2022,8
Polonnaruwa,2,2022,7
Puttalam,2,2022,0
Ratnapura,2,2022,65
Trincomalee,2,2022,23
Vavuniya,2,2022,2
Ampara,3,2022,7
Anuradhapura,3,2022,15
Badulla,3,2022,55
Batticaloa,3,2022,32
Colombo,3,2022,528
Galle,3,2022,110
Gampaha,3,2022,442
Hambantota,3,2022,34
Jaffna,3,2022,47
Kalmunai,3,2022,0
Kalutara,3,2022,0
Kandy,3,2022,97
Kegalle,3,2022,49
Kilinochchi,3,2022,1
Kurunegala,3,2022,157
Mannar,3,2022,28
Matale,3,2022,8
Matara,3,2022,37
Monaragala,3,2022,0
Mullaitivu,3,2022,1
Nuwara Eliya,3,2022,5
Polonnaruwa,3,2022,9
Puttalam,3,2022,0
Ratnapura,3,2022,65
Trincomalee,3,2022,24
Vavuniya,3,2022,8
Ampara,4,2022,8
Anuradhapura,4,2022,9
Badulla,4,2022,25
Batticaloa,4,2022,26
Colombo,4,2022,411
Galle,4,2022,83
Gampaha,4,2022,305
Hambantota,4,2022,26
Jaffna,4,2022,79
Kalmunai,4,2022,0
Kalutara,4,2022,0
Kandy,4,2022,73
Kegalle,4,2022,20
Kilinochchi,4,2022,12
Kurunegala,4,2022,109
Mannar,4,2022,25
Matale,4,2022,25
Matara,4,2022,31
Monaragala,4,2022,0
Mullaitivu,4,2022,0
Nuwara Eliya,4,2022,4
Polonnaruwa,4,2022,3
Puttalam,4,2022,0
Ratnapura,4,2022,62
Trincomalee,4,2022,41
Vavuniya,4,2022,6
Ampara,5,2022,4
Anuradhapura,5,2022,32
Badulla,5,2022,42
Batticaloa,5,2022,15
Colombo,5,2022,277
Galle,5,2022,69
Gampaha,5,2022,170
Hambantota,5,2022,32
Jaffna,5,2022,85
Kalmunai,5,2022,0
Kalutara,5,2022,0
Kandy,5,2022,83
Kegalle,5,2022,40
Kilinochchi,5,2022,5
Kurunegala,5,2022,82
Mannar,5,2022,15
Matale,5,2022,16
Matara,5,2022,17
Monaragala,5,2022,0
Mullaitivu,5,2022,1
Nuwara Eliya,5,2022,2
Polonnaruwa,5,2022,5
Puttalam,5,2022,0
Ratnapura,5,2022,44
Trincomalee,5,2022,27
Vavuniya,5,2022,8
Ampara,6,2022,3
Anuradhapura,6,2022,15
Badulla,6,2022,12
Batticaloa,6,2022,18
Colombo,6,2022,218
Galle,6,2022,62
Gampaha,6,2022,96
Hambantota,6,2022,18
Jaffna,6,2022,61
Kalmunai,6,2022,0
Kalutara,6,2022,0
Kandy,6,2022,52
Kegalle,6,2022,5
Kilinochchi,6,2022,2
Kurunegala,6,2022,51
Mannar,6,2022,16
Matale,6,2022,12
Matara,6,2022,22
Monaragala,6,2022,0
Mullaitivu,6,2022,0
Nuwara Eliya,6,2022,5
Polonnaruwa,6,2022,3
Puttalam,6,2022,0
Ratnapura,6,2022,47
Trincomalee,6,2022,27
Vavuniya,6,2022,1
Ampara,7,2022,2
Anuradhapura,7,2022,2
Badulla,7,2022,6
Batticaloa,7,2022,25
Colombo,7,2022,167
Galle,7,2022,35
Gampaha,7,2022,80
Hambantota,7,2022,5
Jaffna,7,2022,43
Kalmunai,7,2022,0
Kalutara,7,2022,0
Kandy,7,2022,13
Kegalle,7,2022,15
Kilinochchi,7,2022,2
Kurunegala,7,2022,20
Mannar,7,2022,4
Matale,7,2022,5
Matara,7,2022,4
Monaragala,7,2022,0
Mullaitivu,7,2022,1
Nuwara Eliya,7,2022,1
Polonnaruwa,7,2022,0
Puttalam,7,2022,0
Ratnapura,7,2022,34
Trincomalee,7,2022,19
Vavuniya,7,2022,0
Ampara,8,2022,0
Anuradhapura,8,2022,11
Badulla,8,2022,10
Batticaloa,8,2022,14
Colombo,8,2022,142
Galle,8,2022,44
Gampaha,8,2022,117
Hambantota,8,2022,11
Jaffna,8,2022,34
Kalmunai,8,2022,0
Kalutara,8,2022,0
Kandy,8,2022,23
Kegalle,8,2022,42
Kilinochchi,8,2022,1
Kurunegala,8,2022,45
Mannar,8,2022,3
Matale,8,2022,3
Matara,8,2022,17
Monaragala,8,2022,0
Mullaitivu,8,2022,1
Nuwara Eliya,8,2022,2
Polonnaruwa,8,2022,1
Puttalam,8,2022,0
Ratnapura,8,2022,26
Trincomalee,8,2022,35
Vavuniya,8,2022,3
Ampara,9,2022,1
Anuradhapura,9,2022,7
Badulla,9,2022,4
Batticaloa,9,2022,13
Colombo,9,2022,161
Galle,9,2022,52
Gampaha,9,2022,103
Hambantota,9,2022,5
Jaffna,9,2022,98
Kalmunai,9,2022,0
Kalutara,9,2022,0
Kandy,9,2022,21
Kegalle,9,2022,15
Kilinochchi,9,2022,1
Kurunegala,9,2022,26
Mannar,9,2022,1
Matale,9,2022,6
Matara,9,2022,8
Monaragala,9,2022,0
Mullaitivu,9,2022,0
Nuwara Eliya,9,2022,5
Polonnaruwa,9,2022,0
Puttalam,9,2022,0
Ratnapura,9,2022,31
Trincomalee,9,2022,14
Vavuniya,9,2022,2
Ampara,10,2022,1
Anuradhapura,10,2022,6
Badulla,10,2022,14
Batticaloa,10,2022,17
Colombo,10,2022,99
Galle,10,2022,8
Gampaha,10,2022,77
Hambantota,10,2022,10
Jaffna,10,2022,27
Kalmunai,10,2022,0
Kalutara,10,2022,0
Kandy,10,2022,33
Kegalle,10,2022,8
Kilinochchi,10,2022,1
Kurunegala,10,2022,21
Mannar,10,2022,5
Matale,10,2022,10
Matara,10,2022,9
Monaragala,10,2022,0
Mullaitivu,10,2022,0
Nuwara Eliya,10,2022,2
Polonnaruwa,10,2022,1
Puttalam,10,2022,0
Ratnapura,10,2022,45
Trincomalee,10,2022,26
Vavuniya,10,2022,1
Ampara,11,2022,2
Anuradhapura,11,2022,8
Badulla,11,2022,7
Batticaloa,11,2022,15
Colombo,11,2022,123
Galle,11,2022,52
Gampaha,11,2022,63
Hambantota,11,2022,11
Jaffna,11,2022,53
Kalmunai,11,2022,0
Kalutara,11,2022,0
Kandy,11,2022,22
Kegalle,11,2022,19
Kilinochchi,11,2022,1
Kurunegala,11,2022,33
Mannar,11,2022,1
Matale,11,2022,6
Matara,11,2022,14
Monaragala,11,2022,0
Mullaitivu,11,2022,0
Nuwara Eliya,11,2022,0
Polonnaruwa,11,2022,1
Puttalam,11,2022,0
Ratnapura,11,2022,34
Trincomalee,11,2022,22
Vavuniya,11,2022,2
Ampara,12,2022,1
Anuradhapura,12,2022,7
Badulla,12,2022,8
Batticaloa,12,2022,38
Colombo,12,2022,163
Galle,12,2022,45
Gampaha,12,2022,84
Hambantota,12,2022,12
Jaffna,12,2022,74
Kalmunai,12,2022,0
Kalutara,12,2022,0
Kandy,12,2022,25
Kegalle,12,2022,21
Kilinochchi,12,2022,6
Kurunegala,12,2022,34
Mannar,12,2022,1
Matale,12,2022,1
Matara,12,2022,15
Monaragala,12,2022,0
Mullaitivu,12,2022,0
Nuwara Eliya,12,2022,4
Polonnaruwa,12,2022,0
Puttalam,12,2022,0
Ratnapura,12,2022,34
Trincomalee,12,2022,22
Vavuniya,12,2022,2
Ampara,13,2022,2
Anuradhapura,13,2022,9
Badulla,13,2022,11
Batticaloa,13,2022,30
Colombo,13,2022,151
Galle,13,2022,81
Gampaha,13,2022,80
Hambantota,13,2022,5
Jaffna,13,2022,59
Kalmunai,13,2022,0
Kalutara,13,2022,0
Kandy,13,2022,35
Kegalle,13,2022,30
Kilinochchi,13,2022,1
Kurunegala,13,2022,31
Mannar,13,2022,1
Matale,13,2022,6
Matara,13,2022,17
Monaragala,13,2022,0
Mullaitivu,13,2022,0
Nuwara Eliya,13,2022,1
Polonnaruwa,13,2022,2
Puttalam,13,2022,0
Ratnapura,13,2022,53
Trincomalee,13,2022,52
Vavuniya,13,2022,1
Ampara,14,2022,5
Anuradhapura,14,2022,5
Badulla,14,2022,7
Batticaloa,14,2022,37
Colombo,14,2022,122
Galle,14,2022,95
Gampaha,14,2022,67
Hambantota,14,2022,9
Jaffna,14,2022,58
Kalmunai,14,2022,0
Kalutara,14,2022,0
Kandy,14,2022,39
Kegalle,14,2022,29
Kilinochchi,14,2022,3
Kurunegala,14,2022,41
Mannar,14,2022,1
Matale,14,2022,11
Matara,14,2022,21
Monaragala,14,2022,0
Mullaitivu,14,2022,1
Nuwara Eliya,14,2022,0
Polonnaruwa,14,2022,5
Puttalam,14,2022,0
Ratnapura,14,2022,39
Trincomalee,14,2022,35
Vavuniya,14,2022,2
Ampara,15,2022,0
Anuradhapura,15,2022,5
Badulla,15,2022,10
Batticaloa,15,2022,48
Colombo,15,2022,171
Galle,15,2022,69
Gampaha,15,2022,95
Hambantota,15,2022,28
Jaffna,15,2022,117
Kalmunai,15,2022,0
Kalutara,15,2022,0
Kandy,15,2022,28
Kegalle,15,2022,22
Kilinochchi,15,2022,2
Kurunegala,15,2022,28
Mannar,15,2022,0
Matale,15,2022,7
Matara,15,2022,21
Monaragala,15,2022,0
Mullaitivu,15,2022,1
Nuwara Eliya,15,2022,1
Polonnaruwa,15,2022,1
Puttalam,15,2022,0
Ratnapura,15,2022,80
Trincomalee,15,2022,54
Vavuniya,15,2022,1
Ampara,16,2022,5
Anuradhapura,16,2022,6
Badulla,16,2022,9
Batticaloa,16,2022,44
Colombo,16,2022,142
Galle,16,2022,64
Gampaha,16,2022,72
Hambantota,16,2022,30
Jaffna,16,2022,48
Kalmunai,16,2022,0
Kalutara,16,2022,0
Kandy,16,2022,33
Kegalle,16,2022,49
Kilinochchi,16,2022,2
Kurunegala,16,2022,12
Mannar,16,2022,0
Matale,16,2022,8
Matara,16,2022,17
Monaragala,16,2022,0
Mullaitivu,16,2022,1
Nuwara Eliya,16,2022,2
Polonnaruwa,16,2022,1
Puttalam,16,2022,0
Ratnapura,16,2022,62
Trincomalee,16,2022,43
Vavuniya,16,2022,1
Ampara,17,2022,7
Anuradhapura,17,2022,7
Badulla,17,2022,11
Batticaloa,17,2022,25
Colombo,17,2022,203
Galle,17,2022,62
Gampaha,17,2022,100
Hambantota,17,2022,22
Jaffna,17,2022,77
Kalmunai,17,2022,0
Kalutara,17,2022,0
Kandy,17,2022,44
Kegalle,17,2022,21
Kilinochchi,17,2022,1
Kurunegala,17,2022,12
Mannar,17,2022,4
Matale,17,2022,10
Matara,17,2022,45
Monaragala,17,2022,0
Mullaitivu,17,2022,0
Nuwara Eliya,17,2022,1
Polonnaruwa,17,2022,4
Puttalam,17,2022,0
Ratnapura,17,2022,50
Trincomalee,17,2022,36
Vavuniya,17,2022,0
Ampara,18,2022,1
Anuradhapura,18,2022,5
Badulla,18,2022,8
Batticaloa,18,2022,41
Colombo,18,2022,207
Galle,18,2022,112
Gampaha,18,2022,103
Hambantota,18,2022,25
Jaffna,18,2022,88
Kalmunai,18,2022,0
Kalutara,18,2022,0
Kandy,18,2022,75
Kegalle,18,2022,34
Kilinochchi,18,2022,4
Kurunegala,18,2022,27
Mannar,18,2022,3
Matale,18,2022,6
Matara,18,2022,38
Monaragala,18,2022,0
Mullaitivu,18,2022,2
Nuwara Eliya,18,2022,0
Polonnaruwa,18,2022,0
Puttalam,18,2022,0
Ratnapura,18,2022,54
Trincomalee,18,2022,92
Vavuniya,18,2022,0
Ampara,19,2022,2
Anuradhapura,19,2022,9
Badulla,19,2022,6
Batticaloa,19,2022,46
Colombo,19,2022,248
Galle,19,2022,76
Gampaha,19,2022,132
Hambantota,19,2022,31
Jaffna,19,2022,81
Kalmunai,19,2022,0
Kalutara,19,2022,0
Kandy,19,2022,76
Kegalle,19,2022,62
Kilinochchi,19,2022,2
Kurunegala,19,2022,33
Mannar,19,2022,0
Matale,19,2022,15
Matara,19,2022,38
Monaragala,19,2022,0
Mullaitivu,19,2022,0
Nuwara Eliya,19,2022,2
Polonnaruwa,19,2022,5
Puttalam,19,2022,0
Ratnapura,19,2022,48
Trincomalee,19,2022,70
Vavuniya,19,2022,1
Ampara,20,2022,0
Anuradhapura,20,2022,6
Badulla,20,2022,10
Batticaloa,20,2022,84
Colombo,20,2022,295
Galle,20,2022,107
Gampaha,20,2022,116
Hambantota,20,2022,22
Jaffna,20,2022,72
Kalmunai,20,2022,0
Kalutara,20,2022,0
Kandy,20,2022,84
Kegalle,20,2022,24
Kilinochchi,20,2022,4
Kurunegala,20,2022,22
Mannar,20,2022,0
Matale,20,2022,8
Matara,20,2022,45
Monaragala,20,2022,0
Mullaitivu,20,2022,0
Nuwara Eliya,20,2022,10
Polonnaruwa,20,2022,2
Puttalam,20,2022,0
Ratnapura,20,2022,60
Trincomalee,20,2022,90
Vavuniya,20,2022,0
Ampara,21,2022,7
Anuradhapura,21,2022,12
Badulla,21,2022,16
Batticaloa,21,2022,51
Colombo,21,2022,409
Galle,21,2022,94
Gampaha,21,2022,171
Hambantota,21,2022,14
Jaffna,21,2022,97
Kalmunai,21,2022,0
Kalutara,21,2022,0
Kandy,21,2022,113
Kegalle,21,2022,49
Kilinochchi,21,2022,5
Kurunegala,21,2022,50
Mannar,21,2022,2
Matale,21,2022,13
Matara,21,2022,33
Monaragala,21,2022,0
Mullaitivu,21,2022,0
Nuwara Eliya,21,2022,3
Polonnaruwa,21,2022,8
Puttalam,21,2022,0
Ratnapura,21,2022,119
Trincomalee,21,2022,34
Vavuniya,21,2022,0
Ampara,22,2022,4
Anuradhapura,22,2022,15
Badulla,22,2022,18
Batticaloa,22,2022,47
Colombo,22,2022,548
Galle,22,2022,75
Gampaha,22,2022,188
Hambantota,22,2022,82
Jaffna,22,2022,74
Kalmunai,22,2022,0
Kalutara,22,2022,0
Kandy,22,2022,110
Kegalle,22,2022,33
Kilinochchi,22,2022,4
Kurunegala,22,2022,37
Mannar,22,2022,3
Matale,22,2022,23
Matara,22,2022,38
Monaragala,22,2022,0
Mullaitivu,22,2022,1
Nuwara Eliya,22,2022,3
Polonnaruwa,22,2022,13
Puttalam,22,2022,0
Ratnapura,22,2022,63
Trincomalee,22,2022,20
Vavuniya,22,2022,1
Ampara,23,2022,2
Anuradhapura,23,2022,5
Badulla,23,2022,19
Batticaloa,23,2022,33
Colombo,23,2022,593
Galle,23,2022,157
Gampaha,23,2022,260
Hambantota,23,2022,38
Jaffna,23,2022,102
Kalmunai,23,2022,0
Kalutara,23,2022,0
Kandy,23,2022,152
Kegalle,23,2022,95
Kilinochchi,23,2022,2
Kurunegala,23,2022,45
Mannar,23,2022,2
Matale,23,2022,30
Matara,23,2022,47
Monaragala,23,2022,0
Mullaitivu,23,2022,1
Nuwara Eliya,23,2022,4
Polonnaruwa,23,2022,10
Puttalam,23,2022,0
Ratnapura,23,2022,94
Trincomalee,23,2022,52
Vavuniya,23,2022,1
Ampara,24,2022,8
Anuradhapura,24,2022,13
Badulla,24,2022,44
Batticaloa,24,2022,29
Colombo,24,2022,642
Galle,24,2022,147
Gampaha,24,2022,332
Hambantota,24,2022,42
Jaffna,24,2022,107
Kalmunai,24,2022,0
Kalutara,24,2022,0
Kandy,24,2022,175
Kegalle,24,2022,118
Kilinochchi,24,2022,6
Kurunegala,24,2022,66
Mannar,24,2022,7
Matale,24,2022,45
Matara,24,2022,52
Monaragala,24,2022,0
Mullaitivu,24,2022,0
Nuwara Eliya,24,2022,8
Polonnaruwa,24,2022,12
Puttalam,24,2022,0
Ratnapura,24,2022,97
Trincomalee,24,2022,37
Vavuniya,24,2022,4
Ampara,25,2022,5
Anuradhapura,25,2022,18
Badulla,25,2022,42
Batticaloa,25,2022,28
Colombo,25,2022,851
Galle,25,2022,153
Gampaha,25,2022,382
Hambantota,25,2022,44
Jaffna,25,2022,85
Kalmunai,25,2022,0
Kalutara,25,2022,0
Kandy,25,2022,297
Kegalle,25,2022,49
Kilinochchi,25,2022,3
Kurunegala,25,2022,116
Mannar,25,2022,1
Matale,25,2022,84
Matara,25,2022,55
Monaragala,25,2022,0
Mullaitivu,25,2022,0
Nuwara Eliya,25,2022,4
Polonnaruwa,25,2022,10
Puttalam,25,2022,0
Ratnapura,25,2022,113
Trincomalee,25,2022,9
Vavuniya,25,2022,1
Ampara,26,2022,7
Anuradhapura,26,2022,29
Badulla,26,2022,37
Batticaloa,26,2022,27
Colombo,26,2022,831
Galle,26,2022,134
Gampaha,26,2022,433
Hambantota,26,2022,72
Jaffna,26,2022,58
Kalmunai,26,2022,0
Kalutara,26,2022,0
Kandy,26,2022,294
Kegalle,26,2022,116
Kilinochchi,26,2022,5
Kurunegala,26,2022,94
Mannar,26,2022,5
Matale,26,2022,59
Matara,26,2022,65
Monaragala,26,2022,0
Mullaitivu,26,2022,1
Nuwara Eliya,26,2022,6
Polonnaruwa,26,2022,16
Puttalam,26,2022,0
Ratnapura,26,2022,130
Trincomalee,26,2022,37
Vavuniya,26,2022,1
Ampara,27,2022,9
Anuradhapura,27,2022,19
Badulla,27,2022,36
Batticaloa,27,2022,32
Colombo,27,2022,1002
Galle,27,2022,160
Gampaha,27,2022,517
Hambantota,27,2022,82
Jaffna,27,2022,52
Kalmunai,27,2022,0
Kalutara,27,2022,0
Kandy,27,2022,332
Kegalle,27,2022,154
Kilinochchi,27,2022,4
Kurunegala,27,2022,78
Mannar,27,2022,2
Matale,27,2022,54
Matara,27,2022,78
Monaragala,27,2022,0
Mullaitivu,27,2022,2
Nuwara Eliya,27,2022,11
Polonnaruwa,27,2022,21
Puttalam,27,2022,0
Ratnapura,27,2022,153
Trincomalee,27,2022,8
Vavuniya,27,2022,6
Ampara,28,2022,6
Anuradhapura,28,2022,3
Badulla,28,2022,28
Batticaloa,28,2022,22
Colombo,28,2022,777
Galle,28,2022,135
Gampaha,28,2022,385
Hambantota,28,2022,69
Jaffna,28,2022,59
Kalmunai,28,2022,0
Kalutara,28,2022,0
Kandy,28,2022,314
Kegalle,28,2022,125
Kilinochchi,28,2022,2
Kurunegala,28,2022,91
Mannar,28,2022,1
Matale,28,2022,49
Matara,28,2022,80
Monaragala,28,2022,0
Mullaitivu,28,2022,0
Nuwara Eliya,28,2022,9
Polonnaruwa,28,2022,15
Puttalam,28,2022,0
Ratnapura,28,2022,132
Trincomalee,28,2022,14
Vavuniya,28,2022,1
Ampara,29,2022,3
Anuradhapura,29,2022,18
Badulla,29,2022,21
Batticaloa,29,2022,26
Colombo,29,2022,816
Galle,29,2022,146
Gampaha,29,2022,347
Hambantota,29,2022,64
Jaffna,29,2022,44
Kalmunai,29,2022,0
Kalutara,29,2022,0
Kandy,29,2022,325
Kegalle,29,2022,142
Kilinochchi,29,2022,0
Kurunegala,29,2022,90
Mannar,29,2022,1
Matale,29,2022,34
Matara,29,2022,49
Monaragala,29,2022,0
Mullaitivu,29,2022,0
Nuwara Eliya,29,2022,5
Polonnaruwa,29,2022,10
Puttalam,29,2022,0
Ratnapura,29,2022,132
Trincomalee,29,2022,11
Vavuniya,29,2022,4
Ampara,30,2022,5
Anuradhapura,30,2022,15
Badulla,30,2022,25
Batticaloa,30,2022,12
Colombo,30,2022,668
Galle,30,2022,147
Gampaha,30,2022,498
Hambantota,30,2022,69
Jaffna,30,2022,34
Kalmunai,30,2022,0
Kalutara,30,2022,0
Kandy,30,2022,265
Kegalle,30,2022,114
Kilinochchi,30,2022,2
Kurunegala,30,2022,69
Mannar,30,2022,0
Matale,30,2022,48
Matara,30,2022,37
Monaragala,30,2022,0
Mullaitivu,30,2022,0
Nuwara Eliya,30,2022,8
Polonnaruwa,30,2022,9
Puttalam,30,2022,0
Ratnapura,30,2022,150
Trincomalee,30,2022,6
Vavuniya,30,2022,1
Ampara,31,2022,6
Anuradhapura,31,2022,22
Badulla,31,2022,20
Batticaloa,31,2022,8
Colombo,31,2022,483
Galle,31,2022,91
Gampaha,31,2022,434
Hambantota,31,2022,78
Jaffna,31,2022,45
Kalmunai,31,2022,0
Kalutara,31,2022,0
Kandy,31,2022,277
Kegalle,31,2022,167
Kilinochchi,31,2022,0
Kurunegala,31,2022,60
Mannar,31,2022,0
Matale,31,2022,34
Matara,31,2022,43
Monaragala,31,2022,0
Mullaitivu,31,2022,1
Nuwara Eliya,31,2022,4
Polonnaruwa,31,2022,12
Puttalam,31,2022,0
Ratnapura,31,2022,144
Trincomalee,31,2022,5
Vavuniya,31,2022,0
Ampara,32,2022,2
Anuradhapura,32,2022,6
Badulla,32,2022,16
Batticaloa,32,2022,13
Colombo,32,2022,421
Galle,32,2022,103
Gampaha,32,2022,423
Hambantota,32,2022,64
Jaffna,32,2022,35
Kalmunai,32,2022,0
Kalutara,32,2022,0
Kandy,32,2022,207
Kegalle,32,2022,119
Kilinochchi,32,2022,0
Kurunegala,32,2022,49
Mannar,32,2022,2
Matale,32,2022,29
Matara,32,2022,65
Monaragala,32,2022,0
Mullaitivu,32,2022,1
Nuwara Eliya,32,2022,2
Polonnaruwa,32,2022,8
Puttalam,32,2022,0
Ratnapura,32,2022,92
Trincomalee,32,2022,5
Vavuniya,32,2022,2
Ampara,33,2022,3
Anuradhapura,33,2022,6
Badulla,33,2022,20
Batticaloa,33,2022,17
Colombo,33,2022,313
Galle,33,2022,50
Gampaha,33,2022,370
Hambantota,33,2022,21
Jaffna,33,2022,25
Kalmunai,33,2022,0
Kalutara,33,2022,0
Kandy,33,2022,189
Kegalle,33,2022,112
Kilinochchi,33,2022,1
Kurunegala,33,2022,49
Mannar,33,2022,1
Matale,33,2022,29
Matara,33,2022,47
Monaragala,33,2022,0
Mullaitivu,33,2022,2
Nuwara Eliya,33,2022,3
Polonnaruwa,33,2022,8
Puttalam,33,2022,0
Ratnapura,33,2022,116
Trincomalee,33,2022,4
Vavuniya,33,2022,1
Ampara,34,2022,3
Anuradhapura,34,2022,10
Badulla,34,2022,15
Batticaloa,34,2022,8
Colombo,34,2022,302
Galle,34,2022,59
Gampaha,34,2022,266
Hambantota,34,2022,46
Jaffna,34,2022,42
Kalmunai,34,2022,0
Kalutara,34,2022,0
Kandy,34,2022,243
Kegalle,34,2022,80
Kilinochchi,34,2022,8
Kurunegala,34,2022,33
Mannar,34,2022,1
Matale,34,2022,49
Matara,34,2022,46
Monaragala,34,2022,0
Mullaitivu,34,2022,0
Nuwara Eliya,34,2022,5
Polonnaruwa,34,2022,5
Puttalam,34,2022,0
Ratnapura,34,2022,87
Trincomalee,34,2022,1
Vavuniya,34,2022,2
Ampara,35,2022,0
Anuradhapura,35,2022,5
Badulla,35,2022,13
Batticaloa,35,2022,11
Colombo,35,2022,236
Galle,35,2022,60
Gampaha,35,2022,280
Hambantota,35,2022,30
Jaffna,35,2022,41
Kalmunai,35,2022,0
Kalutara,35,2022,0
Kandy,35,2022,206
Kegalle,35,2022,94
Kilinochchi,35,2022,1
Kurunegala,35,2022,31
Mannar,35,2022,0
Matale,35,2022,40
Matara,35,2022,30
Monaragala,35,2022,0
Mullaitivu,35,2022,0
Nuwara Eliya,35,2022,3
Polonnaruwa,35,2022,6
Puttalam,35,2022,0
Ratnapura,35,2022,56
Trincomalee,35,2022,6
Vavuniya,35,2022,2
Ampara,36,2022,0
Anuradhapura,36,2022,6
Badulla,36,2022,15
Batticaloa,36,2022,2
Colombo,36,2022,220
Galle,36,2022,60
Gampaha,36,2022,260
Hambantota,36,2022,20
Jaffna,36,2022,27
Kalmunai,36,2022,0
Kalutara,36,2022,0
Kandy,36,2022,169
Kegalle,36,2022,87
Kilinochchi,36,2022,2
Kurunegala,36,2022,32
Mannar,36,2022,0
Matale,36,2022,12
Matara,36,2022,44
Monaragala,36,2022,0
Mullaitivu,36,2022,1
Nuwara Eliya,36,2022,4
Polonnaruwa,36,2022,5
Puttalam,36,2022,0
Ratnapura,36,2022,50
Trincomalee,36,2022,6
Vavuniya,36,2022,1
Ampara,37,2022,2
Anuradhapura,37,2022,4
Badulla,37,2022,19
Batticaloa,37,2022,9
Colombo,37,2022,151
Galle,37,2022,42
Gampaha,37,2022,255
Hambantota,37,2022,26
Jaffna,37,2022,37
Kalmunai,37,2022,0
Kalutara,37,2022,0
Kandy,37,2022,117
Kegalle,37,2022,62
Kilinochchi,37,2022,1
Kurunegala,37,2022,29
Mannar,37,2022,0
Matale,37,2022,22
Matara,37,2022,25
Monaragala,37,2022,0
Mullaitivu,37,2022,0
Nuwara Eliya,37,2022,1
Polonnaruwa,37,2022,8
Puttalam,37,2022,0
Ratnapura,37,2022,49
Trincomalee,37,2022,1
Vavuniya,37,2022,0
Ampara,38,2022,1
Anuradhapura,38,2022,2
Badulla,38,2022,16
Batticaloa,38,2022,15
Colombo,38,2022,150
Galle,38,2022,26
Gampaha,38,2022,257
Hambantota,38,2022,11
Jaffna,38,2022,39
Kalmunai,38,2022,0
Kalutara,38,2022,0
Kandy,38,2022,137
Kegalle,38,2022,57
Kilinochchi,38,2022,3
Kurunegala,38,2022,13
Mannar,38,2022,1
Matale,38,2022,23
Matara,38,2022,26
Monaragala,38,2022,0
Mullaitivu,38,2022,1
Nuwara Eliya,38,2022,1
Polonnaruwa,38,2022,4
Puttalam,38,2022,0
Ratnapura,38,2022,53
Trincomalee,38,2022,2
Vavuniya,38,2022,0
Ampara,39,2022,2
Anuradhapura,39,2022,2
Badulla,39,2022,19
Batticaloa,39,2022,13
Colombo,39,2022,138
Galle,39,2022,48
Gampaha,39,2022,232
Hambantota,39,2022,13
Jaffna,39,2022,54
Kalmunai,39,2022,0
Kalutara,39,2022,0
Kandy,39,2022,117
Kegalle,39,2022,69
Kilinochchi,39,2022,2
Kurunegala,39,2022,19
Mannar,39,2022,0
Matale,39,2022,34
Matara,39,2022,18
Monaragala,39,2022,0
Mullaitivu,39,2022,1
Nuwara Eliya,39,2022,1
Polonnaruwa,39,2022,11
Puttalam,39,2022,0
Ratnapura,39,2022,52
Trincomalee,39,2022,4
Vavuniya,39,2022,1
Ampara,40,2022,0
Anuradhapura,40,2022,7
Badulla,40,2022,16
Batticaloa,40,2022,8
Colombo,40,2022,217
Galle,40,2022,33
Gampaha,40,2022,279
Hambantota,40,2022,11
Jaffna,40,2022,42
Kalmunai,40,2022,0
Kalutara,40,2022,0
Kandy,40,2022,151
Kegalle,40,2022,59
Kilinochchi,40,2022,0
Kurunegala,40,2022,37
Mannar,40,2022,0
Matale,40,2022,37
Matara,40,2022,22
Monaragala,40,2022,0
Mullaitivu,40,2022,0
Nuwara Eliya,40,2022,1
Polonnaruwa,40,2022,11
Puttalam,40,2022,0
Ratnapura,40,2022,59
Trincomalee,40,2022,7
Vavuniya,40,2022,2
Ampara,41,2022,1
Anuradhapura,41,2022,9
Badulla,41,2022,25
Batticaloa,41,2022,11
Colombo,41,2022,216
Galle,41,2022,53
Gampaha,41,2022,277
Hambantota,41,2022,13
Jaffna,41,2022,49
Kalmunai,41,2022,0
Kalutara,41,2022,0
Kandy,41,2022,121
Kegalle,41,2022,44
Kilinochchi,41,2022,1
Kurunegala,41,2022,26
Mannar,41,2022,0
Matale,41,2022,31
Matara,41,2022,28
Monaragala,41,2022,0
Mullaitivu,41,2022,0
Nuwara Eliya,41,2022,2
Polonnaruwa,41,2022,6
Puttalam,41,2022,0
Ratnapura,41,2022,45
Trincomalee,41,2022,5
Vavuniya,41,2022,3
Ampara,42,2022,3
Anuradhapura,42,2022,4
Badulla,42,2022,28
Batticaloa,42,2022,19
Colombo,42,2022,240
Galle,42,2022,36
Gampaha,42,2022,259
Hambantota,42,2022,15
Jaffna,42,2022,44
Kalmunai,42,2022,0
Kalutara,42,2022,0
Kandy,42,2022,120
Kegalle,42,2022,42
Kilinochchi,42,2022,3
Kurunegala,42,2022,35
Mannar,42,2022,13
Matale,42,2022,25
Matara,42,2022,24
Monaragala,42,2022,0
Mullaitivu,42,2022,0
Nuwara Eliya,42,2022,8
Polonnaruwa,42,2022,3
Puttalam,42,2022,0
Ratnapura,42,2022,53
Trincomalee,42,2022,8
Vavuniya,42,2022,0
Ampara,43,2022,1
Anuradhapura,43,2022,11
Badulla,43,2022,13
Batticaloa,43,2022,29
Colombo,43,2022,171
Galle,43,2022,39
Gampaha,43,2022,232
Hambantota,43,2022,11
Jaffna,43,2022,52
Kalmunai,43,2022,0
Kalutara,43,2022,0
Kandy,43,2022,97
Kegalle,43,2022,46
Kilinochchi,43,2022,2
Kurunegala,43,2022,22
Mannar,43,2022,4
Matale,43,2022,18
Matara,43,2022,29
Monaragala,43,2022,0
Mullaitivu,43,2022,0
Nuwara Eliya,43,2022,4
Polonnaruwa,43,2022,10
Puttalam,43,2022,0
Ratnapura,43,2022,38
Trincomalee,43,2022,1
Vavuniya,43,2022,1
Ampara,44,2022,1
Anuradhapura,44,2022,5
Badulla,44,2022,39
Batticaloa,44,2022,13
Colombo,44,2022,143
Galle,44,2022,40
Gampaha,44,2022,183
Hambantota,44,2022,14
Jaffna,44,2022,52
Kalmunai,44,2022,0
Kalutara,44,2022,0
Kandy,44,2022,99
Kegalle,44,2022,56
Kilinochchi,44,2022,1
Kurunegala,44,2022,32
Mannar,44,2022,6
Matale,44,2022,37
Matara,44,2022,21
Monaragala,44,2022,0
Mullaitivu,44,2022,2
Nuwara Eliya,44,2022,2
Polonnaruwa,44,2022,6
Puttalam,44,2022,0
Ratnapura,44,2022,31
Trincomalee,44,2022,6
Vavuniya,44,2022,1
Ampara,45,2022,4
Anuradhapura,45,2022,12
Badulla,45,2022,34
Batticaloa,45,2022,20
Colombo,45,2022,190
Galle,45,2022,37
Gampaha,45,2022,237
Hambantota,45,2022,13
Jaffna,45,2022,65
Kalmunai,45,2022,0
Kalutara,45,2022,0
Kandy,45,2022,123
Kegalle,45,2022,43
Kilinochchi,45,2022,0
Kurunegala,45,2022,26
Mannar,45,2022,5
Matale,45,2022,26
Matara,45,2022,24
Monaragala,45,2022,0
Mullaitivu,45,2022,0
Nuwara Eliya,45,2022,5
Polonnaruwa,45,2022,5
Puttalam,45,2022,0
Ratnapura,45,2022,44
Trincomalee,45,2022,17
Vavuniya,45,2022,1
Ampara,46,2022,2
Anuradhapura,46,2022,12
Badulla,46,2022,51
Batticaloa,46,2022,20
Colombo,46,2022,172
Galle,46,2022,47
Gampaha,46,2022,218
Hambantota,46,2022,15
Jaffna,46,2022,38
Kalmunai,46,2022,0
Kalutara,46,2022,0
Kandy,46,2022,111
Kegalle,46,2022,44
Kilinochchi,46,2022,2
Kurunegala,46,2022,17
Mannar,46,2022,14
Matale,46,2022,24
Matara,46,2022,15
Monaragala,46,2022,0
Mullaitivu,46,2022,0
Nuwara Eliya,46,2022,4
Polonnaruwa,46,2022,6
Puttalam,46,2022,0
Ratnapura,46,2022,45
Trincomalee,46,2022,4
Vavuniya,46,2022,2
Ampara,47,2022,2
Anuradhapura,47,2022,4
Badulla,47,2022,58
Batticaloa,47,2022,23
Colombo,47,2022,187
Galle,47,2022,39
Gampaha,47,2022,327
Hambantota,47,2022,18
Jaffna,47,2022,78
Kalmunai,47,2022,0
Kalutara,47,2022,0
Kandy,47,2022,108
Kegalle,47,2022,48
Kilinochchi,47,2022,2
Kurunegala,47,2022,41
Mannar,47,2022,12
Matale,47,2022,33
Matara,47,2022,13
Monaragala,47,2022,0
Mullaitivu,47,2022,1
Nuwara Eliya,47,2022,4
Polonnaruwa,47,2022,5
Puttalam,47,2022,0
Ratnapura,47,2022,69
Trincomalee,47,2022,5
Vavuniya,47,2022,4
Ampara,48,2022,7
Anuradhapura,48,2022,9
Badulla,48,2022,53
Batticaloa,48,2022,17
Colombo,48,2022,238
Galle,48,2022,44
Gampaha,48,2022,306
Hambantota,48,2022,9
Jaffna,48,2022,97
Kalmunai,48,2022,0
Kalutara,48,2022,0
Kandy,48,2022,119
Kegalle,48,2022,40
Kilinochchi,48,2022,1
Kurunegala,48,2022,25
Mannar,48,2022,13
Matale,48,2022,41
Matara,48,2022,22
Monaragala,48,2022,0
Mullaitivu,48,2022,0
Nuwara Eliya,48,2022,3
Polonnaruwa,48,2022,5
Puttalam,48,2022,0
Ratnapura,48,2022,42
Trincomalee,48,2022,5
Vavuniya,48,2022,0
Ampara,49,2022,6
Anuradhapura,49,2022,4
Badulla,49,2022,54
Batticaloa,49,2022,14
Colombo,49,2022,272
Galle,49,2022,32
Gampaha,49,2022,390
Hambantota,49,2022,21
Jaffna,49,2022,112
Kalmunai,49,2022,0
Kalutara,49,2022,0
Kandy,49,2022,97
Kegalle,49,2022,47
Kilinochchi,49,2022,1
Kurunegala,49,2022,50
Mannar,49,2022,11
Matale,49,2022,29
Matara,49,2022,14
Monaragala,49,2022,0
Mullaitivu,49,2022,1
Nuwara Eliya,49,2022,6
Polonnaruwa,49,2022,6
Puttalam,49,2022,0
Ratnapura,49,2022,40
Trincomalee,49,2022,24
Vavuniya,49,2022,0
Ampara,50,2022,1
Anuradhapura,50,2022,14
Badulla,50,2022,52
Batticaloa,50,2022,24
Colombo,50,2022,328
Galle,50,2022,39
Gampaha,50,2022,409
Hambantota,50,2022,13
Jaffna,50,2022,148
Kalmunai,50,2022,0
Kalutara,50,2022,0
Kandy,50,2022,86
Kegalle,50,2022,65
Kilinochchi,50,2022,1
Kurunegala,50,2022,50
Mannar,50,2022,4
Matale,50,2022,19
Matara,50,2022,27
Monaragala,50,2022,0
Mullaitivu,50,2022,3
Nuwara Eliya,50,2022,4
Polonnaruwa,50,2022,10
Puttalam,50,2022,0
Ratnapura,50,2022,52
Trincomalee,50,2022,16
Vavuniya,50,2022,1
Ampara,51,2022,4
Anuradhapura,51,2022,6
Badulla,51,2022,44
Batticaloa,51,2022,15
Colombo,51,2022,387
Galle,51,2022,56
Gampaha,51,2022,412
Hambantota,51,2022,14
Jaffna,51,2022,145
Kalmunai,51,2022,0
Kalutara,51,2022,0
Kandy,51,2022,88
Kegalle,51,2022,61
Kilinochchi,51,2022,7
Kurunegala,51,2022,78
Mannar,51,2022,20
Matale,51,2022,31
Matara,51,2022,20
Monaragala,51,2022,0
Mullaitivu,51,2022,1
Nuwara Eliya,51,2022,5
Polonnaruwa,51,2022,9
Puttalam,51,2022,0
Ratnapura,51,2022,57
Trincomalee,51,2022,10
Vavuniya,51,2022,8
Ampara,52,2022,3
Anuradhapura,52,2022,10
Badulla,52,2022,37
Batticaloa,52,2022,25
Colombo,52,2022,365
Galle,52,2022,26
Gampaha,52,2022,370
Hambantota,52,2022,12
Jaffna,52,2022,101
Kalmunai,52,2022,0
Kalutara,52,2022,0
Kandy,52,2022,101
Kegalle,52,2022,56
Kilinochchi,52,2022,1
Kurunegala,52,2022,54
Mannar,52,2022,0
Matale,52,2022,27
Matara,52,2022,30
Monaragala,52,2022,0
Mullaitivu,52,2022,3
Nuwara Eliya,52,2022,6
Polonnaruwa,52,2022,7
Puttalam,52,2022,0
Ratnapura,52,2022,30
Trincomalee,52,2022,29
Vavuniya,52,2022,2
Ampara,1,2023,0
Anuradhapura,1,2023,3
Badulla,1,2023,10
Batticaloa,1,2023,3
Colombo,1,2023,25
Galle,1,2023,1
Gampaha,1,2023,24
Hambantota,1,2023,2
Jaffna,1,2023,25
Kalmunai,1,2023,0
Kalutara,1,2023,0
Kandy,1,2023,8
Kegalle,1,2023,2
Kilinochchi,1,2023,0
Kurunegala,1,2023,9
Mannar,1,2023,0
Matale,1,2023,7
Matara,1,2023,4
Monaragala,1,2023,0
Mullaitivu,1,2023,0
Nuwara Eliya,1,2023,1
Polonnaruwa,1,2023,2
Puttalam,1,2023,0
Ratnapura,1,2023,1
Trincomalee,1,2023,11
Vavuniya,1,2023,0
Ampara,2,2023,3
Anuradhapura,2,2023,13
Badulla,2,2023,45
Batticaloa,2,2023,36
Colombo,2,2023,433
Galle,2,2023,43
Gampaha,2,2023,440
Hambantota,2,2023,10
Jaffna,2,2023,128
Kalmunai,2,2023,0
Kalutara,2,2023,0
Kandy,2,2023,100
Kegalle,2,2023,71
Kilinochchi,2,2023,4
Kurunegala,2,2023,56
Mannar,2,2023,0
Matale,2,2023,39
Matara,2,2023,33
Monaragala,2,2023,0
Mullaitivu,2,2023,32
Nuwara Eliya,2,2023,1
Polonnaruwa,2,2023,27
Puttalam,2,2023,0
Ratnapura,2,2023,66
Trincomalee,2,2023,16
Vavuniya,2,2023,3
Ampara,3,2023,3
Anuradhapura,3,2023,13
Badulla,3,2023,31
Batticaloa,3,2023,28
Colombo,3,2023,452
Galle,3,2023,65
Gampaha,3,2023,417
Hambantota,3,2023,14
Jaffna,3,2023,103
Kalmunai,3,2023,0
Kalutara,3,2023,0
Kandy,3,2023,86
Kegalle,3,2023,64
Kilinochchi,3,2023,3
Kurunegala,3,2023,73
Mannar,3,2023,17
Matale,3,2023,27
Matara,3,2023,28
Monaragala,3,2023,0
Mullaitivu,3,2023,2
Nuwara Eliya,3,2023,2
Polonnaruwa,3,2023,13
Puttalam,3,2023,0
Ratnapura,3,2023,55
Trincomalee,3,2023,31
Vavuniya,3,2023,1
Ampara,4,2023,3
Anuradhapura,4,2023,17
Badulla,4,2023,30
Batticaloa,4,2023,52
Colombo,4,2023,395
Galle,4,2023,47
Gampaha,4,2023,434
Hambantota,4,2023,24
Jaffna,4,2023,85
Kalmunai,4,2023,0
Kalutara,4,2023,0
Kandy,4,2023,66
Kegalle,4,2023,76
Kilinochchi,4,2023,4
Kurunegala,4,2023,62
Mannar,4,2023,1
Matale,4,2023,14
Matara,4,2023,41
Monaragala,4,2023,0
Mullaitivu,4,2023,1
Nuwara Eliya,4,2023,4
Polonnaruwa,4,2023,12
Puttalam,4,2023,0
Ratnapura,4,2023,43
Trincomalee,4,2023,38
Vavuniya,4,2023,3
Ampara,5,2023,0
Anuradhapura,5,2023,14
Badulla,5,2023,32
Batticaloa,5,2023,39
Colombo,5,2023,426
Galle,5,2023,43
Gampaha,5,2023,443
Hambantota,5,2023,16
Jaffna,5,2023,82
Kalmunai,5,2023,0
Kalutara,5,2023,0
Kandy,5,2023,87
Kegalle,5,2023,74
Kilinochchi,5,2023,3
Kurunegala,5,2023,81
Mannar,5,2023,0
Matale,5,2023,26
Matara,5,2023,25
Monaragala,5,2023,0
Mullaitivu,5,2023,0
Nuwara Eliya,5,2023,2
Polonnaruwa,5,2023,18
Puttalam,5,2023,0
Ratnapura,5,2023,54
Trincomalee,5,2023,43
Vavuniya,5,2023,1
Ampara,6,2023,2
Anuradhapura,6,2023,12
Badulla,6,2023,30
Batticaloa,6,2023,53
Colombo,6,2023,441
Galle,6,2023,43
Gampaha,6,2023,407
Hambantota,6,2023,18
Jaffna,6,2023,77
Kalmunai,6,2023,0
Kalutara,6,2023,0
Kandy,6,2023,68
Kegalle,6,2023,62
Kilinochchi,6,2023,7
Kurunegala,6,2023,74
Mannar,6,2023,8
Matale,6,2023,15
Matara,6,2023,38
Monaragala,6,2023,0
Mullaitivu,6,2023,0
Nuwara Eliya,6,2023,1
Polonnaruwa,6,2023,15
Puttalam,6,2023,0
Ratnapura,6,2023,54
Trincomalee,6,2023,25
Vavuniya,6,2023,1
Ampara,7,2023,9
Anuradhapura,7,2023,8
Badulla,7,2023,32
Batticaloa,7,2023,59
Colombo,7,2023,364
Galle,7,2023,39
Gampaha,7,2023,334
Hambantota,7,2023,30
Jaffna,7,2023,64
Kalmunai,7,2023,0
Kalutara,7,2023,0
Kandy,7,2023,65
Kegalle,7,2023,57
Kilinochchi,7,2023,2
Kurunegala,7,2023,61
Mannar,7,2023,1
Matale,7,2023,20
Matara,7,2023,38
Monaragala,7,2023,0
Mullaitivu,7,2023,0
Nuwara Eliya,7,2023,4
Polonnaruwa,7,2023,9
Puttalam,7,2023,0
Ratnapura,7,2023,76
Trincomalee,7,2023,34
Vavuniya,7,2023,5
Ampara,8,2023,1
Anuradhapura,8,2023,11
Badulla,8,2023,26
Batticaloa,8,2023,49
Colombo,8,2023,364
Galle,8,2023,17
Gampaha,8,2023,388
Hambantota,8,2023,16
Jaffna,8,2023,54
Kalmunai,8,2023,0
Kalutara,8,2023,0
Kandy,8,2023,52
Kegalle,8,2023,58
Kilinochchi,8,2023,3
Kurunegala,8,2023,61
Mannar,8,2023,0
Matale,8,2023,21
Matara,8,2023,24
Monaragala,8,2023,0
Mullaitivu,8,2023,1
Nuwara Eliya,8,2023,5
Polonnaruwa,8,2023,10
Puttalam,8,2023,0
Ratnapura,8,2023,51
Trincomalee,8,2023,62
Vavuniya,8,2023,4
Ampara,9,2023,3
Anuradhapura,9,2023,10
Badulla,9,2023,23
Batticaloa,9,2023,67
Colombo,9,2023,384
Galle,9,2023,57
Gampaha,9,2023,358
Hambantota,9,2023,25
Jaffna,9,2023,44
Kalmunai,9,2023,0
Kalutara,9,2023,0
Kandy,9,2023,74
Kegalle,9,2023,62
Kilinochchi,9,2023,3
Kurunegala,9,2023,63
Mannar,9,2023,4
Matale,9,2023,14
Matara,9,2023,44
Monaragala,9,2023,0
Mullaitivu,9,2023,1
Nuwara Eliya,9,2023,4
Polonnaruwa,9,2023,13
Puttalam,9,2023,0
Ratnapura,9,2023,78
Trincomalee,9,2023,49
Vavuniya,9,2023,2
Ampara,10,2023,3
Anuradhapura,10,2023,4
Badulla,10,2023,10
Batticaloa,10,2023,74
Colombo,10,2023,324
Galle,10,2023,31
Gampaha,10,2023,370
Hambantota,10,2023,15
Jaffna,10,2023,51
Kalmunai,10,2023,0
Kalutara,10,2023,0
Kandy,10,2023,51
Kegalle,10,2023,26
Kilinochchi,10,2023,1
Kurunegala,10,2023,49
Mannar,10,2023,0
Matale,10,2023,21
Matara,10,2023,26
Monaragala,10,2023,0
Mullaitivu,10,2023,1
Nuwara Eliya,10,2023,2
Polonnaruwa,10,2023,11
Puttalam,10,2023,0
Ratnapura,10,2023,59
Trincomalee,10,2023,55
Vavuniya,10,2023,14
Ampara,11,2023,3
Anuradhapura,11,2023,21
Badulla,11,2023,31
Batticaloa,11,2023,66
Colombo,11,2023,336
Galle,11,2023,59
Gampaha,11,2023,360
Hambantota,11,2023,14
Jaffna,11,2023,51
Kalmunai,11,2023,0
Kalutara,11,2023,0
Kandy,11,2023,56
Kegalle,11,2023,66
Kilinochchi,11,2023,5
Kurunegala,11,2023,52
Mannar,11,2023,3
Matale,11,2023,16
Matara,11,2023,21
Monaragala,11,2023,0
Mullaitivu,11,2023,2
Nuwara Eliya,11,2023,1
Polonnaruwa,11,2023,7
Puttalam,11,2023,0
Ratnapura,11,2023,51
Trincomalee,11,2023,50
Vavuniya,11,2023,4
Ampara,12,2023,2
Anuradhapura,12,2023,12
Badulla,12,2023,18
Batticaloa,12,2023,52
Colombo,12,2023,238
Galle,12,2023,47
Gampaha,12,2023,304
Hambantota,12,2023,20
Jaffna,12,2023,54
Kalmunai,12,2023,0
Kalutara,12,2023,0
Kandy,12,2023,63
Kegalle,12,2023,55
Kilinochchi,12,2023,3
Kurunegala,12,2023,53
Mannar,12,2023,0
Matale,12,2023,19
Matara,12,2023,29
Monaragala,12,2023,0
Mullaitivu,12,2023,0
Nuwara Eliya,12,2023,0
Polonnaruwa,12,2023,12
Puttalam,12,2023,0
Ratnapura,12,2023,50
Trincomalee,12,2023,41
Vavuniya,12,2023,8
Ampara,13,2023,5
Anuradhapura,13,2023,9
Badulla,13,2023,20
Batticaloa,13,2023,97
Colombo,13,2023,359
Galle,13,2023,30
Gampaha,13,2023,377
Hambantota,13,2023,39
Jaffna,13,2023,54
Kalmunai,13,2023,0
Kalutara,13,2023,0
Kandy,13,2023,76
Kegalle,13,2023,58
Kilinochchi,13,2023,0
Kurunegala,13,2023,54
Mannar,13,2023,3
Matale,13,2023,32
Matara,13,2023,17
Monaragala,13,2023,0
Mullaitivu,13,2023,3
Nuwara Eliya,13,2023,4
Polonnaruwa,13,2023,12
Puttalam,13,2023,0
Ratnapura,13,2023,52
Trincomalee,13,2023,124
Vavuniya,13,2023,1
Ampara,14,2023,4
Anuradhapura,14,2023,12
Badulla,14,2023,9
Batticaloa,14,2023,102
Colombo,14,2023,222
Galle,14,2023,54
Gampaha,14,2023,329
Hambantota,14,2023,53
Jaffna,14,2023,55
Kalmunai,14,2023,0
Kalutara,14,2023,0
Kandy,14,2023,84
Kegalle,14,2023,53
Kilinochchi,14,2023,2
Kurunegala,14,2023,47
Mannar,14,2023,4
Matale,14,2023,55
Matara,14,2023,30
Monaragala,14,2023,0
Mullaitivu,14,2023,1
Nuwara Eliya,14,2023,3
Polonnaruwa,14,2023,15
Puttalam,14,2023,0
Ratnapura,14,2023,39
Trincomalee,14,2023,102
Vavuniya,14,2023,9
Ampara,15,2023,12
Anuradhapura,15,2023,22
Badulla,15,2023,19
Batticaloa,15,2023,95
Colombo,15,2023,370
Galle,15,2023,70
Gampaha,15,2023,407
Hambantota,15,2023,53
Jaffna,15,2023,59
Kalmunai,15,2023,0
Kalutara,15,2023,0
Kandy,15,2023,108
Kegalle,15,2023,81
Kilinochchi,15,2023,2
Kurunegala,15,2023,48
Mannar,15,2023,0
Matale,15,2023,33
Matara,15,2023,32
Monaragala,15,2023,0
Mullaitivu,15,2023,2
Nuwara Eliya,15,2023,4
Polonnaruwa,15,2023,4
Puttalam,15,2023,0
Ratnapura,15,2023,51
Trincomalee,15,2023,136
Vavuniya,15,2023,3
Ampara,16,2023,13
Anuradhapura,16,2023,8
Badulla,16,2023,4
Batticaloa,16,2023,136
Colombo,16,2023,333
Galle,16,2023,53
Gampaha,16,2023,356
Hambantota,16,2023,27
Jaffna,16,2023,56
Kalmunai,16,2023,0
Kalutara,16,2023,0
Kandy,16,2023,67
Kegalle,16,2023,49
Kilinochchi,16,2023,1
Kurunegala,16,2023,39
Mannar,16,2023,6
Matale,16,2023,31
Matara,16,2023,18
Monaragala,16,2023,0
Mullaitivu,16,2023,7
Nuwara Eliya,16,2023,2
Polonnaruwa,16,2023,17
Puttalam,16,2023,0
Ratnapura,16,2023,53
Trincomalee,16,2023,94
Vavuniya,16,2023,6
Ampara,17,2023,7
Anuradhapura,17,2023,14
Badulla,17,2023,23
Batticaloa,17,2023,120
Colombo,17,2023,328
Galle,17,2023,57
Gampaha,17,2023,469
Hambantota,17,2023,50
Jaffna,17,2023,52
Kalmunai,17,2023,0
Kalutara,17,2023,0
Kandy,17,2023,94
Kegalle,17,2023,75
Kilinochchi,17,2023,3
Kurunegala,17,2023,70
Mannar,17,2023,5
Matale,17,2023,47
Matara,17,2023,25
Monaragala,17,2023,0
Mullaitivu,17,2023,2
Nuwara Eliya,17,2023,2
Polonnaruwa,17,2023,23
Puttalam,17,2023,0
Ratnapura,17,2023,87
Trincomalee,17,2023,116
Vavuniya,17,2023,2
Ampara,18,2023,2
Anuradhapura,18,2023,22
Badulla,18,2023,20
Batticaloa,18,2023,140
Colombo,18,2023,405
Galle,18,2023,67
Gampaha,18,2023,394
Hambantota,18,2023,38
Jaffna,18,2023,60
Kalmunai,18,2023,0
Kalutara,18,2023,0
Kandy,18,2023,108
Kegalle,18,2023,62
Kilinochchi,18,2023,1
Kurunegala,18,2023,59
Mannar,18,2023,3
Matale,18,2023,36
Matara,18,2023,19
Monaragala,18,2023,0
Mullaitivu,18,2023,3
Nuwara Eliya,18,2023,7
Polonnaruwa,18,2023,15
Puttalam,18,2023,0
Ratnapura,18,2023,54
Trincomalee,18,2023,156
Vavuniya,18,2023,4
Ampara,19,2023,4
Anuradhapura,19,2023,18
Badulla,19,2023,28
Batticaloa,19,2023,106
Colombo,19,2023,414
Galle,19,2023,76
Gampaha,19,2023,473
Hambantota,19,2023,28
Jaffna,19,2023,49
Kalmunai,19,2023,0
Kalutara,19,2023,0
Kandy,19,2023,136
Kegalle,19,2023,81
Kilinochchi,19,2023,2
Kurunegala,19,2023,58
Mannar,19,2023,0
Matale,19,2023,24
Matara,19,2023,31
Monaragala,19,2023,0
Mullaitivu,19,2023,3
Nuwara Eliya,19,2023,8
Polonnaruwa,19,2023,11
Puttalam,19,2023,0
Ratnapura,19,2023,64
Trincomalee,19,2023,97
Vavuniya,19,2023,3
Ampara,20,2023,4
Anuradhapura,20,2023,10
Badulla,20,2023,12
Batticaloa,20,2023,85
Colombo,20,2023,406
Galle,20,2023,86
Gampaha,20,2023,511
Hambantota,20,2023,37
Jaffna,20,2023,45
Kalmunai,20,2023,0
Kalutara,20,2023,0
Kandy,20,2023,163
Kegalle,20,2023,127
Kilinochchi,20,2023,0
Kurunegala,20,2023,85
Mannar,20,2023,1
Matale,20,2023,24
Matara,20,2023,32
Monaragala,20,2023,0
Mullaitivu,20,2023,1
Nuwara Eliya,20,2023,1
Polonnaruwa,20,2023,23
Puttalam,20,2023,0
Ratnapura,20,2023,84
Trincomalee,20,2023,107
Vavuniya,20,2023,9
Ampara,21,2023,12
Anuradhapura,21,2023,19
Badulla,21,2023,13
Batticaloa,21,2023,57
Colombo,21,2023,510
Galle,21,2023,85
Gampaha,21,2023,474
Hambantota,21,2023,42
Jaffna,21,2023,56
Kalmunai,21,2023,0
Kalutara,21,2023,0
Kandy,21,2023,174
Kegalle,21,2023,96
Kilinochchi,21,2023,2
Kurunegala,21,2023,77
Mannar,21,2023,5
Matale,21,2023,29
Matara,21,2023,43
Monaragala,21,2023,0
Mullaitivu,21,2023,9
Nuwara Eliya,21,2023,8
Polonnaruwa,21,2023,21
Puttalam,21,2023,0
Ratnapura,21,2023,109
Trincomalee,21,2023,80
Vavuniya,21,2023,4
Ampara,22,2023,9
Anuradhapura,22,2023,37
Badulla,22,2023,20
Batticaloa,22,2023,85
Colombo,22,2023,513
Galle,22,2023,93
Gampaha,22,2023,468
Hambantota,22,2023,43
Jaffna,22,2023,44
Kalmunai,22,2023,0
Kalutara,22,2023,0
Kandy,22,2023,226
Kegalle,22,2023,84
Kilinochchi,22,2023,1
Kurunegala,22,2023,94
Mannar,22,2023,5
Matale,22,2023,46
Matara,22,2023,45
Monaragala,22,2023,0
Mullaitivu,22,2023,1
Nuwara Eliya,22,2023,10
Polonnaruwa,22,2023,19
Puttalam,22,2023,0
Ratnapura,22,2023,100
Trincomalee,22,2023,64
Vavuniya,22,2023,4
Ampara,23,2023,6
Anuradhapura,23,2023,48
Badulla,23,2023,15
Batticaloa,23,2023,62
Colombo,23,2023,508
Galle,23,2023,73
Gampaha,23,2023,518
Hambantota,23,2023,67
Jaffna,23,2023,50
Kalmunai,23,2023,0
Kalutara,23,2023,0
Kandy,23,2023,205
Kegalle,23,2023,106
Kilinochchi,23,2023,4
Kurunegala,23,2023,103
Mannar,23,2023,5
Matale,23,2023,49
Matara,23,2023,56
Monaragala,23,2023,0
Mullaitivu,23,2023,11
Nuwara Eliya,23,2023,6
Polonnaruwa,23,2023,21
Puttalam,23,2023,0
Ratnapura,23,2023,118
Trincomalee,23,2023,83
Vavuniya,23,2023,4
Ampara,24,2023,3
Anuradhapura,24,2023,38
Badulla,24,2023,27
Batticaloa,24,2023,81
Colombo,24,2023,707
Galle,24,2023,73
Gampaha,24,2023,581
Hambantota,24,2023,52
Jaffna,24,2023,55
Kalmunai,24,2023,0
Kalutara,24,2023,0
Kandy,24,2023,262
Kegalle,24,2023,92
Kilinochchi,24,2023,1
Kurunegala,24,2023,126
Mannar,24,2023,4
Matale,24,2023,39
Matara,24,2023,32
Monaragala,24,2023,0
Mullaitivu,24,2023,8
Nuwara Eliya,24,2023,8
Polonnaruwa,24,2023,28
Puttalam,24,2023,0
Ratnapura,24,2023,136
Trincomalee,24,2023,73
Vavuniya,24,2023,7
Ampara,25,2023,5
Anuradhapura,25,2023,37
Badulla,25,2023,22
Batticaloa,25,2023,94
Colombo,25,2023,544
Galle,25,2023,81
Gampaha,25,2023,517
Hambantota,25,2023,60
Jaffna,25,2023,44
Kalmunai,25,2023,0
Kalutara,25,2023,0
Kandy,25,2023,237
Kegalle,25,2023,146
Kilinochchi,25,2023,5
Kurunegala,25,2023,90
Mannar,25,2023,1
Matale,25,2023,32
Matara,25,2023,63
Monaragala,25,2023,0
Mullaitivu,25,2023,9
Nuwara Eliya,25,2023,15
Polonnaruwa,25,2023,22
Puttalam,25,2023,0
Ratnapura,25,2023,139
Trincomalee,25,2023,59
Vavuniya,25,2023,1
Ampara,26,2023,6
Anuradhapura,26,2023,23
Badulla,26,2023,22
Batticaloa,26,2023,67
Colombo,26,2023,456
Galle,26,2023,101
Gampaha,26,2023,409
Hambantota,26,2023,54
Jaffna,26,2023,19
Kalmunai,26,2023,0
Kalutara,26,2023,0
Kandy,26,2023,223
Kegalle,26,2023,110
Kilinochchi,26,2023,3
Kurunegala,26,2023,95
Mannar,26,2023,1
Matale,26,2023,44
Matara,26,2023,50
Monaragala,26,2023,0
Mullaitivu,26,2023,4
Nuwara Eliya,26,2023,7
Polonnaruwa,26,2023,10
Puttalam,26,2023,0
Ratnapura,26,2023,136
Trincomalee,26,2023,58
Vavuniya,26,2023,3
Ampara,27,2023,6
Anuradhapura,27,2023,13
Badulla,27,2023,28
Batticaloa,27,2023,45
Colombo,27,2023,444
Galle,27,2023,105
Gampaha,27,2023,365
Hambantota,27,2023,42
Jaffna,27,2023,36
Kalmunai,27,2023,0
Kalutara,27,2023,0
Kandy,27,2023,229
Kegalle,27,2023,54
Kilinochchi,27,2023,1
Kurunegala,27,2023,69
Mannar,27,2023,3
Matale,27,2023,20
Matara,27,2023,35
Monaragala,27,2023,0
Mullaitivu,27,2023,0
Nuwara Eliya,27,2023,5
Polonnaruwa,27,2023,7
Puttalam,27,2023,0
Ratnapura,27,2023,69
Trincomalee,27,2023,27
Vavuniya,27,2023,0
Ampara,28,2023,8
Anuradhapura,28,2023,16
Badulla,28,2023,30
Batticaloa,28,2023,59
Colombo,28,2023,391
Galle,28,2023,76
Gampaha,28,2023,321
Hambantota,28,2023,33
Jaffna,28,2023,21
Kalmunai,28,2023,0
Kalutara,28,2023,0
Kandy,28,2023,181
Kegalle,28,2023,93
Kilinochchi,28,2023,1
Kurunegala,28,2023,50
Mannar,28,2023,0
Matale,28,2023,35
Matara,28,2023,60
Monaragala,28,2023,0
Mullaitivu,28,2023,2
Nuwara Eliya,28,2023,3
Polonnaruwa,28,2023,15
Puttalam,28,2023,0
Ratnapura,28,2023,96
Trincomalee,28,2023,23
Vavuniya,28,2023,0
Ampara,29,2023,4
Anuradhapura,29,2023,12
Badulla,29,2023,38
Batticaloa,29,2023,48
Colombo,29,2023,352
Galle,29,2023,89
Gampaha,29,2023,360
Hambantota,29,2023,22
Jaffna,29,2023,36
Kalmunai,29,2023,0
Kalutara,29,2023,0
Kandy,29,2023,230
Kegalle,29,2023,76
Kilinochchi,29,2023,0
Kurunegala,29,2023,50
Mannar,29,2023,1
Matale,29,2023,54
Matara,29,2023,48
Monaragala,29,2023,0
Mullaitivu,29,2023,6
Nuwara Eliya,29,2023,11
Polonnaruwa,29,2023,8
Puttalam,29,2023,0
Ratnapura,29,2023,87
Trincomalee,29,2023,24
Vavuniya,29,2023,1
Ampara,30,2023,11
Anuradhapura,30,2023,15
Badulla,30,2023,24
Batticaloa,30,2023,40
Colombo,30,2023,346
Galle,30,2023,90
Gampaha,30,2023,238
Hambantota,30,2023,24
Jaffna,30,2023,30
Kalmunai,30,2023,0
Kalutara,30,2023,0
Kandy,30,2023,227
Kegalle,30,2023,90
Kilinochchi,30,2023,2
Kurunegala,30,2023,54
Mannar,30,2023,0
Matale,30,2023,48
Matara,30,2023,40
Monaragala,30,2023,0
Mullaitivu,30,2023,2
Nuwara Eliya,30,2023,8
Polonnaruwa,30,2023,8
Puttalam,30,2023,0
Ratnapura,30,2023,94
Trincomalee,30,2023,14
Vavuniya,30,2023,2
Ampara,31,2023,3
Anuradhapura,31,2023,7
Badulla,31,2023,28
Batticaloa,31,2023,33
Colombo,31,2023,361
Galle,31,2023,99
Gampaha,31,2023,355
Hambantota,31,2023,22
Jaffna,31,2023,18
Kalmunai,31,2023,0
Kalutara,31,2023,0
Kandy,31,2023,287
Kegalle,31,2023,59
Kilinochchi,31,2023,0
Kurunegala,31,2023,60
Mannar,31,2023,3
Matale,31,2023,42
Matara,31,2023,41
Monaragala,31,2023,0
Mullaitivu,31,2023,2
Nuwara Eliya,31,2023,3
Polonnaruwa,31,2023,8
Puttalam,31,2023,0
Ratnapura,31,2023,73
Trincomalee,31,2023,14
Vavuniya,31,2023,4
Ampara,32,2023,3
Anuradhapura,32,2023,6
Badulla,32,2023,27
Batticaloa,32,2023,20
Colombo,32,2023,321
Galle,32,2023,105
Gampaha,32,2023,240
Hambantota,32,2023,17
Jaffna,32,2023,29
Kalmunai,32,2023,0
Kalutara,32,2023,0
Kandy,32,2023,250
Kegalle,32,2023,75
Kilinochchi,32,2023,1
Kurunegala,32,2023,45
Mannar,32,2023,0
Matale,32,2023,60
Matara,32,2023,34
Monaragala,32,2023,0
Mullaitivu,32,2023,1
Nuwara Eliya,32,2023,8
Polonnaruwa,32,2023,7
Puttalam,32,2023,0
Ratnapura,32,2023,73
Trincomalee,32,2023,6
Vavuniya,32,2023,2
Ampara,33,2023,1
Anuradhapura,33,2023,5
Badulla,33,2023,20
Batticaloa,33,2023,21
Colombo,33,2023,247
Galle,33,2023,97
Gampaha,33,2023,236
Hambantota,33,2023,15
Jaffna,33,2023,19
Kalmunai,33,2023,0
Kalutara,33,2023,0
Kandy,33,2023,260
Kegalle,33,2023,59
Kilinochchi,33,2023,0
Kurunegala,33,2023,52
Mannar,33,2023,0
Matale,33,2023,39
Matara,33,2023,37
Monaragala,33,2023,0
Mullaitivu,33,2023,2
Nuwara Eliya,33,2023,3
Polonnaruwa,33,2023,6
Puttalam,33,2023,0
Ratnapura,33,2023,73
Trincomalee,33,2023,7
Vavuniya,33,2023,2
Ampara,34,2023,1
Anuradhapura,34,2023,3
Badulla,34,2023,16
Batticaloa,34,2023,13
Colombo,34,2023,198
Galle,34,2023,91
Gampaha,34,2023,164
Hambantota,34,2023,18
Jaffna,34,2023,32
Kalmunai,34,2023,0
Kalutara,34,2023,0
Kandy,34,2023,209
Kegalle,34,2023,66
Kilinochchi,34,2023,1
Kurunegala,34,2023,39
Mannar,34,2023,0
Matale,34,2023,45
Matara,34,2023,30
Monaragala,34,2023,0
Mullaitivu,34,2023,0
Nuwara Eliya,34,2023,5
Polonnaruwa,34,2023,7
Puttalam,34,2023,0
Ratnapura,34,2023,57
Trincomalee,34,2023,10
Vavuniya,34,2023,0
Ampara,35,2023,2
Anuradhapura,35,2023,1
Badulla,35,2023,15
Batticaloa,35,2023,10
Colombo,35,2023,160
Galle,35,2023,75
Gampaha,35,2023,146
Hambantota,35,2023,9
Jaffna,35,2023,35
Kalmunai,35,2023,0
Kalutara,35,2023,0
Kandy,35,2023,202
Kegalle,35,2023,62
Kilinochchi,35,2023,0
Kurunegala,35,2023,38
Mannar,35,2023,0
Matale,35,2023,47
Matara,35,2023,32
Monaragala,35,2023,0
Mullaitivu,35,2023,1
Nuwara Eliya,35,2023,0
Polonnaruwa,35,2023,6
Puttalam,35,2023,0
Ratnapura,35,2023,59
Trincomalee,35,2023,5
Vavuniya,35,2023,0
Ampara,36,2023,1
Anuradhapura,36,2023,10
Badulla,36,2023,13
Batticaloa,36,2023,13
Colombo,36,2023,127
Galle,36,2023,62
Gampaha,36,2023,107
Hambantota,36,2023,11
Jaffna,36,2023,17
Kalmunai,36,2023,0
Kalutara,36,2023,0
Kandy,36,2023,138
Kegalle,36,2023,41
Kilinochchi,36,2023,0
Kurunegala,36,2023,27
Mannar,36,2023,0
Matale,36,2023,22
Matara,36,2023,16
Monaragala,36,2023,0
Mullaitivu,36,2023,2
Nuwara Eliya,36,2023,3
Polonnaruwa,36,2023,3
Puttalam,36,2023,0
Ratnapura,36,2023,33
Trincomalee,36,2023,5
Vavuniya,36,2023,1
Ampara,37,2023,1
Anuradhapura,37,2023,2
Badulla,37,2023,18
Batticaloa,37,2023,9
Colombo,37,2023,97
Galle,37,2023,54
Gampaha,37,2023,73
Hambantota,37,2023,9
Jaffna,37,2023,31
Kalmunai,37,2023,0
Kalutara,37,2023,0
Kandy,37,2023,134
Kegalle,37,2023,45
Kilinochchi,37,2023,0
Kurunegala,37,2023,26
Mannar,37,2023,0
Matale,37,2023,17
Matara,37,2023,22
Monaragala,37,2023,0
Mullaitivu,37,2023,0
Nuwara Eliya,37,2023,4
Polonnaruwa,37,2023,3
Puttalam,37,2023,0
Ratnapura,37,2023,25
Trincomalee,37,2023,4
Vavuniya,37,2023,1
Ampara,38,2023,4
Anuradhapura,38,2023,6
Badulla,38,2023,10
Batticaloa,38,2023,5
Colombo,38,2023,102
Galle,38,2023,51
Gampaha,38,2023,82
Hambantota,38,2023,5
Jaffna,38,2023,16
Kalmunai,38,2023,0
Kalutara,38,2023,0
Kandy,38,2023,108
Kegalle,38,2023,41
Kilinochchi,38,2023,0
Kurunegala,38,2023,26
Mannar,38,2023,2
Matale,38,2023,23
Matara,38,2023,18
Monaragala,38,2023,0
Mullaitivu,38,2023,0
Nuwara Eliya,38,2023,2
Polonnaruwa,38,2023,3
Puttalam,38,2023,0
Ratnapura,38,2023,35
Trincomalee,38,2023,3
Vavuniya,38,2023,0
Ampara,39,2023,4
Anuradhapura,39,2023,3
Badulla,39,2023,20
Batticaloa,39,2023,12
Colombo,39,2023,72
Galle,39,2023,47
Gampaha,39,2023,69
Hambantota,39,2023,7
Jaffna,39,2023,38
Kalmunai,39,2023,0
Kalutara,39,2023,0
Kandy,39,2023,134
Kegalle,39,2023,28
Kilinochchi,39,2023,2
Kurunegala,39,2023,18
Mannar,39,2023,0
Matale,39,2023,11
Matara,39,2023,23
Monaragala,39,2023,0
Mullaitivu,39,2023,0
Nuwara Eliya,39,2023,2
Polonnaruwa,39,2023,4
Puttalam,39,2023,0
Ratnapura,39,2023,27
Trincomalee,39,2023,1
Vavuniya,39,2023,0
Ampara,40,2023,4
Anuradhapura,40,2023,6
Badulla,40,2023,8
Batticaloa,40,2023,11
Colombo,40,2023,83
Galle,40,2023,40
Gampaha,40,2023,61
Hambantota,40,2023,10
Jaffna,40,2023,21
Kalmunai,40,2023,0
Kalutara,40,2023,0
Kandy,40,2023,96
Kegalle,40,2023,21
Kilinochchi,40,2023,0
Kurunegala,40,2023,27
Mannar,40,2023,1
Matale,40,2023,27
Matara,40,2023,14
Monaragala,40,2023,0
Mullaitivu,40,2023,1
Nuwara Eliya,40,2023,1
Polonnaruwa,40,2023,4
Puttalam,40,2023,0
Ratnapura,40,2023,29
Trincomalee,40,2023,4
Vavuniya,40,2023,0
Ampara,41,2023,0
Anuradhapura,41,2023,1
Badulla,41,2023,23
Batticaloa,41,2023,9
Colombo,41,2023,146
Galle,41,2023,50
Gampaha,41,2023,121
Hambantota,41,2023,7
Jaffna,41,2023,23
Kalmunai,41,2023,0
Kalutara,41,2023,0
Kandy,41,2023,128
Kegalle,41,2023,19
Kilinochchi,41,2023,0
Kurunegala,41,2023,29
Mannar,41,2023,0
Matale,41,2023,32
Matara,41,2023,16
Monaragala,41,2023,0
Mullaitivu,41,2023,0
Nuwara Eliya,41,2023,1
Polonnaruwa,41,2023,2
Puttalam,41,2023,0
Ratnapura,41,2023,15
Trincomalee,41,2023,6
Vavuniya,41,2023,0
Ampara,42,2023,5
Anuradhapura,42,2023,4
Badulla,42,2023,24
Batticaloa,42,2023,9
Colombo,42,2023,176
Galle,42,2023,67
Gampaha,42,2023,106
Hambantota,42,2023,1
Jaffna,42,2023,17
Kalmunai,42,2023,0
Kalutara,42,2023,0
Kandy,42,2023,136
Kegalle,42,2023,34
Kilinochchi,42,2023,0
Kurunegala,42,2023,30
Mannar,42,2023,1
Matale,42,2023,25
Matara,42,2023,21
Monaragala,42,2023,0
Mullaitivu,42,2023,1
Nuwara Eliya,42,2023,1
Polonnaruwa,42,2023,3
Puttalam,42,2023,0
Ratnapura,42,2023,26
Trincomalee,42,2023,7
Vavuniya,42,2023,2
Ampara,43,2023,1
Anuradhapura,43,2023,4
Badulla,43,2023,32
Batticaloa,43,2023,11
Colombo,43,2023,213
Galle,43,2023,79
Gampaha,43,2023,155
Hambantota,43,2023,3
Jaffna,43,2023,14
Kalmunai,43,2023,0
Kalutara,43,2023,0
Kandy,43,2023,135
Kegalle,43,2023,48
Kilinochchi,43,2023,3
Kurunegala,43,2023,55
Mannar,43,2023,0
Matale,43,2023,43
Matara,43,2023,24
Monaragala,43,2023,0
Mullaitivu,43,2023,0
Nuwara Eliya,43,2023,1
Polonnaruwa,43,2023,6
Puttalam,43,2023,0
Ratnapura,43,2023,18
Trincomalee,43,2023,3
Vavuniya,43,2023,4
Ampara,44,2023,5
Anuradhapura,44,2023,8
Badulla,44,2023,37
Batticaloa,44,2023,19
Colombo,44,2023,308
Galle,44,2023,58
Gampaha,44,2023,197
Hambantota,44,2023,6
Jaffna,44,2023,24
Kalmunai,44,2023,0
Kalutara,44,2023,0
Kandy,44,2023,197
Kegalle,44,2023,38
Kilinochchi,44,2023,1
Kurunegala,44,2023,86
Mannar,44,2023,0
Matale,44,2023,57
Matara,44,2023,14
Monaragala,44,2023,0
Mullaitivu,44,2023,0
Nuwara Eliya,44,2023,6
Polonnaruwa,44,2023,15
Puttalam,44,2023,0
Ratnapura,44,2023,25
Trincomalee,44,2023,12
Vavuniya,44,2023,1
Ampara,45,2023,6
Anuradhapura,45,2023,8
Badulla,45,2023,37
Batticaloa,45,2023,30
Colombo,45,2023,315
Galle,45,2023,111
Gampaha,45,2023,206
Hambantota,45,2023,11
Jaffna,45,2023,20
Kalmunai,45,2023,0
Kalutara,45,2023,0
Kandy,45,2023,266
Kegalle,45,2023,85
Kilinochchi,45,2023,2
Kurunegala,45,2023,89
Mannar,45,2023,7
Matale,45,2023,39
Matara,45,2023,50
Monaragala,45,2023,0
Mullaitivu,45,2023,0
Nuwara Eliya,45,2023,4
Polonnaruwa,45,2023,5
Puttalam,45,2023,0
Ratnapura,45,2023,57
Trincomalee,45,2023,12
Vavuniya,45,2023,0
Ampara,46,2023,8
Anuradhapura,46,2023,13
Badulla,46,2023,11
Batticaloa,46,2023,36
Colombo,46,2023,360
Galle,46,2023,108
Gampaha,46,2023,215
Hambantota,46,2023,27
Jaffna,46,2023,0
Kalmunai,46,2023,0
Kalutara,46,2023,0
Kandy,46,2023,309
Kegalle,46,2023,67
Kilinochchi,46,2023,2
Kurunegala,46,2023,91
Mannar,46,2023,2
Matale,46,2023,41
Matara,46,2023,31
Monaragala,46,2023,0
Mullaitivu,46,2023,0
Nuwara Eliya,46,2023,10
Polonnaruwa,46,2023,6
Puttalam,46,2023,0
Ratnapura,46,2023,36
Trincomalee,46,2023,11
Vavuniya,46,2023,2
Ampara,47,2023,3
Anuradhapura,47,2023,13
Badulla,47,2023,10
Batticaloa,47,2023,24
Colombo,47,2023,433
Galle,47,2023,155
Gampaha,47,2023,233
Hambantota,47,2023,32
Jaffna,47,2023,0
Kalmunai,47,2023,0
Kalutara,47,2023,0
Kandy,47,2023,320
Kegalle,47,2023,80
Kilinochchi,47,2023,1
Kurunegala,47,2023,110
Mannar,47,2023,5
Matale,47,2023,40
Matara,47,2023,29
Monaragala,47,2023,0
Mullaitivu,47,2023,5
Nuwara Eliya,47,2023,16
Polonnaruwa,47,2023,1
Puttalam,47,2023,0
Ratnapura,47,2023,68
Trincomalee,47,2023,11
Vavuniya,47,2023,0
Ampara,48,2023,4
Anuradhapura,48,2023,9
Badulla,48,2023,113
Batticaloa,48,2023,45
Colombo,48,2023,359
Galle,48,2023,158
Gampaha,48,2023,253
Hambantota,48,2023,11
Jaffna,48,2023,52
Kalmunai,48,2023,0
Kalutara,48,2023,0
Kandy,48,2023,334
Kegalle,48,2023,68
Kilinochchi,48,2023,3
Kurunegala,48,2023,113
Mannar,48,2023,0
Matale,48,2023,118
Matara,48,2023,56
Monaragala,48,2023,0
Mullaitivu,48,2023,0
Nuwara Eliya,48,2023,11
Polonnaruwa,48,2023,1
Puttalam,48,2023,0
Ratnapura,48,2023,74
Trincomalee,48,2023,9
Vavuniya,48,2023,0
Ampara,49,2023,5
Anuradhapura,49,2023,36
Badulla,49,2023,152
Batticaloa,49,2023,90
Colombo,49,2023,495
Galle,49,2023,133
Gampaha,49,2023,297
Hambantota,49,2023,11
Jaffna,49,2023,208
Kalmunai,49,2023,0
Kalutara,49,2023,0
Kandy,49,2023,355
Kegalle,49,2023,104
Kilinochchi,49,2023,1
Kurunegala,49,2023,139
Mannar,49,2023,15
Matale,49,2023,43
Matara,49,2023,30
Monaragala,49,2023,0
Mullaitivu,49,2023,12
Nuwara Eliya,49,2023,6
Polonnaruwa,49,2023,34
Puttalam,49,2023,0
Ratnapura,49,2023,35
Trincomalee,49,2023,18
Vavuniya,49,2023,1
Ampara,50,2023,6
Anuradhapura,50,2023,28
Badulla,50,2023,189
Batticaloa,50,2023,85
Colombo,50,2023,582
Galle,50,2023,102
Gampaha,50,2023,257
Hambantota,50,2023,31
Jaffna,50,2023,306
Kalmunai,50,2023,0
Kalutara,50,2023,0
Kandy,50,2023,399
Kegalle,50,2023,110
Kilinochchi,50,2023,4
Kurunegala,50,2023,139
Mannar,50,2023,10
Matale,50,2023,10
Matara,50,2023,13
Monaragala,50,2023,0
Mullaitivu,50,2023,0
Nuwara Eliya,50,2023,16
Polonnaruwa,50,2023,28
Puttalam,50,2023,0
Ratnapura,50,2023,77
Trincomalee,50,2023,27
Vavuniya,50,2023,7
Ampara,51,2023,13
Anuradhapura,51,2023,17
Badulla,51,2023,130
Batticaloa,51,2023,109
Colombo,51,2023,478
Galle,51,2023,42
Gampaha,51,2023,224
Hambantota,51,2023,37
Jaffna,51,2023,431
Kalmunai,51,2023,0
Kalutara,51,2023,0
Kandy,51,2023,360
Kegalle,51,2023,32
Kilinochchi,51,2023,3
Kurunegala,51,2023,99
Mannar,51,2023,17
Matale,51,2023,17
Matara,51,2023,8
Monaragala,51,2023,0
Mullaitivu,51,2023,4
Nuwara Eliya,51,2023,4
Polonnaruwa,51,2023,23
Puttalam,51,2023,0
Ratnapura,51,2023,66
Trincomalee,51,2023,15
Vavuniya,51,2023,1
Ampara,52,2023,6
Anuradhapura,52,2023,35
Badulla,52,2023,138
Batticaloa,52,2023,61
Colombo,52,2023,489
Galle,52,2023,27
Gampaha,52,2023,240
Hambantota,52,2023,15
Jaffna,52,2023,687
Kalmunai,52,2023,0
Kalutara,52,2023,0
Kandy,52,2023,76
Kegalle,52,2023,46
Kilinochchi,52,2023,10
Kurunegala,52,2023,21
Mannar,52,2023,29
Matale,52,2023,10
Matara,52,2023,5
Monaragala,52,2023,0
Mullaitivu,52,2023,2
Nuwara Eliya,52,2023,0
Polonnaruwa,52,2023,11
Puttalam,52,2023,0
Ratnapura,52,2023,61
Trincomalee,52,2023,16
Vavuniya,52,2023,0
Ampara,1,2024,11
Anuradhapura,1,2024,5
Badulla,1,2024,83
Batticaloa,1,2024,37
Colombo,1,2024,334
Galle,1,2024,30
Gampaha,1,2024,78
Hambantota,1,2024,12
Jaffna,1,2024,407
Kalmunai,1,2024,0
Kalutara,1,2024,21
Kandy,1,2024,226
Kegalle,1,2024,20
Kilinochchi,1,2024,5
Kurunegala,1,2024,45
Mannar,1,2024,48
Matale,1,2024,6
Matara,1,2024,12
Monaragala,1,2024,19
Mullaitivu,1,2024,0
Nuwara Eliya,1,2024,7
Polonnaruwa,1,2024,6
Puttalam,1,2024,56
Ratnapura,1,2024,25
Trincomalee,1,2024,15
Vavuniya,1,2024,11
Ampara,2,2024,5
Anuradhapura,2,2024,43
Badulla,2,2024,76
Batticaloa,2,2024,198
Colombo,2,2024,686
Galle,2,2024,146
Gampaha,2,2024,249
Hambantota,2,2024,38
Jaffna,2,2024,614
Kalmunai,2,2024,0
Kalutara,2,2024,145
Kandy,2,2024,198
Kegalle,2,2024,150
Kilinochchi,2,2024,51
Kurunegala,2,2024,161
Mannar,2,2024,13
Matale,2,2024,36
Matara,2,2024,28
Monaragala,2,2024,42
Mullaitivu,2,2024,29
Nuwara Eliya,2,2024,15
Polonnaruwa,2,2024,15
Puttalam,2,2024,166
Ratnapura,2,2024,91
Trincomalee,2,2024,39
Vavuniya,2,2024,15
Ampara,3,2024,7
Anuradhapura,3,2024,14
Badulla,3,2024,41
Batticaloa,3,2024,103
Colombo,3,2024,515
Galle,3,2024,169
Gampaha,3,2024,214
Hambantota,3,2024,30
Jaffna,3,2024,652
Kalmunai,3,2024,0
Kalutara,3,2024,69
Kandy,3,2024,154
Kegalle,3,2024,92
Kilinochchi,3,2024,25
Kurunegala,3,2024,137
Mannar,3,2024,13
Matale,3,2024,36
Matara,3,2024,22
Monaragala,3,2024,36
Mullaitivu,3,2024,27
Nuwara Eliya,3,2024,5
Polonnaruwa,3,2024,13
Puttalam,3,2024,83
Ratnapura,3,2024,75
Trincomalee,3,2024,41
Vavuniya,3,2024,7
Ampara,4,2024,8
Anuradhapura,4,2024,10
Badulla,4,2024,36
Batticaloa,4,2024,70
Colombo,4,2024,529
Galle,4,2024,118
Gampaha,4,2024,172
Hambantota,4,2024,11
Jaffna,4,2024,522
Kalmunai,4,2024,0
Kalutara,4,2024,89
Kandy,4,2024,159
Kegalle,4,2024,67
Kilinochchi,4,2024,26
Kurunegala,4,2024,62
Mannar,4,2024,27
Matale,4,2024,18
Matara,4,2024,35
Monaragala,4,2024,32
Mullaitivu,4,2024,9
Nuwara Eliya,4,2024,2
Polonnaruwa,4,2024,14
Puttalam,4,2024,56
Ratnapura,4,2024,90
Trincomalee,4,2024,25
Vavuniya,4,2024,9
Ampara,5,2024,9
Anuradhapura,5,2024,11
Badulla,5,2024,36
Batticaloa,5,2024,70
Colombo,5,2024,430
Galle,5,2024,103
Gampaha,5,2024,207
Hambantota,5,2024,23
Jaffna,5,2024,477
Kalmunai,5,2024,0
Kalutara,5,2024,70
Kandy,5,2024,116
Kegalle,5,2024,80
Kilinochchi,5,2024,22
Kurunegala,5,2024,103
Mannar,5,2024,11
Matale,5,2024,17
Matara,5,2024,36
Monaragala,5,2024,25
Mullaitivu,5,2024,21
Nuwara Eliya,5,2024,3
Polonnaruwa,5,2024,6
Puttalam,5,2024,49
Ratnapura,5,2024,63
Trincomalee,5,2024,20
Vavuniya,5,2024,1
Ampara,6,2024,14
Anuradhapura,6,2024,47
Badulla,6,2024,21
Batticaloa,6,2024,80
Colombo,6,2024,342
Galle,6,2024,96
Gampaha,6,2024,173
Hambantota,6,2024,24
Jaffna,6,2024,289
Kalmunai,6,2024,0
Kalutara,6,2024,78
Kandy,6,2024,97
Kegalle,6,2024,78
Kilinochchi,6,2024,22
Kurunegala,6,2024,97
Mannar,6,2024,15
Matale,6,2024,16
Matara,6,2024,26
Monaragala,6,2024,30
Mullaitivu,6,2024,13
Nuwara Eliya,6,2024,18
Polonnaruwa,6,2024,18
Puttalam,6,2024,43
Ratnapura,6,2024,63
Trincomalee,6,2024,39
Vavuniya,6,2024,8
Ampara,7,2024,7
Anuradhapura,7,2024,16
Badulla,7,2024,13
Batticaloa,7,2024,57
Colombo,7,2024,320
Galle,7,2024,46
Gampaha,7,2024,157
Hambantota,7,2024,17
Jaffna,7,2024,254
Kalmunai,7,2024,0
Kalutara,7,2024,57
Kandy,7,2024,79
Kegalle,7,2024,49
Kilinochchi,7,2024,10
Kurunegala,7,2024,66
Mannar,7,2024,1
Matale,7,2024,9
Matara,7,2024,13
Monaragala,7,2024,21
Mullaitivu,7,2024,7
Nuwara Eliya,7,2024,3
Polonnaruwa,7,2024,7
Puttalam,7,2024,40
Ratnapura,7,2024,69
Trincomalee,7,2024,31
Vavuniya,7,2024,3
Ampara,8,2024,3
Anuradhapura,8,2024,33
Badulla,8,2024,16
Batticaloa,8,2024,53
Colombo,8,2024,315
Galle,8,2024,74
Gampaha,8,2024,105
Hambantota,8,2024,24
Jaffna,8,2024,167
Kalmunai,8,2024,0
Kalutara,8,2024,43
Kandy,8,2024,84
Kegalle,8,2024,57
Kilinochchi,8,2024,11
Kurunegala,8,2024,48
Mannar,8,2024,5
Matale,8,2024,12
Matara,8,2024,19
Monaragala,8,2024,23
Mullaitivu,8,2024,4
Nuwara Eliya,8,2024,6
Polonnaruwa,8,2024,8
Puttalam,8,2024,22
Ratnapura,8,2024,50
Trincomalee,8,2024,18
Vavuniya,8,2024,0
Ampara,9,2024,7
Anuradhapura,9,2024,25
Badulla,9,2024,7
Batticaloa,9,2024,56
Colombo,9,2024,208
Galle,9,2024,43
Gampaha,9,2024,84
Hambantota,9,2024,21
Jaffna,9,2024,117
Kalmunai,9,2024,0
Kalutara,9,2024,35
Kandy,9,2024,57
Kegalle,9,2024,38
Kilinochchi,9,2024,4
Kurunegala,9,2024,56
Mannar,9,2024,2
Matale,9,2024,14
Matara,9,2024,19
Monaragala,9,2024,28
Mullaitivu,9,2024,4
Nuwara Eliya,9,2024,3
Polonnaruwa,9,2024,4
Puttalam,9,2024,17
Ratnapura,9,2024,53
Trincomalee,9,2024,28
Vavuniya,9,2024,2
Ampara,10,2024,5
Anuradhapura,10,2024,10
Badulla,10,2024,11
Batticaloa,10,2024,67
Colombo,10,2024,211
Galle,10,2024,49
Gampaha,10,2024,112
Hambantota,10,2024,16
Jaffna,10,2024,107
Kalmunai,10,2024,0
Kalutara,10,2024,54
Kandy,10,2024,57
Kegalle,10,2024,36
Kilinochchi,10,2024,11
Kurunegala,10,2024,44
Mannar,10,2024,4
Matale,10,2024,8
Matara,10,2024,31
Monaragala,10,2024,23
Mullaitivu,10,2024,4
Nuwara Eliya,10,2024,6
Polonnaruwa,10,2024,8
Puttalam,10,2024,30
Ratnapura,10,2024,61
Trincomalee,10,2024,9
Vavuniya,10,2024,2
Ampara,11,2024,6
Anuradhapura,11,2024,15
Badulla,11,2024,6
Batticaloa,11,2024,44
Colombo,11,2024,181
Galle,11,2024,38
Gampaha,11,2024,102
Hambantota,11,2024,17
Jaffna,11,2024,72
Kalmunai,11,2024,0
Kalutara,11,2024,65
Kandy,11,2024,46
Kegalle,11,2024,39
Kilinochchi,11,2024,6
Kurunegala,11,2024,39
Mannar,11,2024,2
Matale,11,2024,9
Matara,11,2024,10
Monaragala,11,2024,13
Mullaitivu,11,2024,3
Nuwara Eliya,11,2024,1
Polonnaruwa,11,2024,11
Puttalam,11,2024,12
Ratnapura,11,2024,49
Trincomalee,11,2024,24
Vavuniya,11,2024,4
Ampara,12,2024,4
Anuradhapura,12,2024,5
Badulla,12,2024,1
Batticaloa,12,2024,24
Colombo,12,2024,171
Galle,12,2024,30
Gampaha,12,2024,73
Hambantota,12,2024,20
Jaffna,12,2024,76
Kalmunai,12,2024,0
Kalutara,12,2024,46
Kandy,12,2024,41
Kegalle,12,2024,32
Kilinochchi,12,2024,6
Kurunegala,12,2024,27
Mannar,12,2024,0
Matale,12,2024,8
Matara,12,2024,12
Monaragala,12,2024,5
Mullaitivu,12,2024,1
Nuwara Eliya,12,2024,1
Polonnaruwa,12,2024,4
Puttalam,12,2024,14
Ratnapura,12,2024,31
Trincomalee,12,2024,14
Vavuniya,12,2024,0
Ampara,13,2024,3
Anuradhapura,13,2024,1
Badulla,13,2024,4
Batticaloa,13,2024,25
Colombo,13,2024,137
Galle,13,2024,29
Gampaha,13,2024,75
Hambantota,13,2024,14
Jaffna,13,2024,48
Kalmunai,13,2024,0
Kalutara,13,2024,56
Kandy,13,2024,42
Kegalle,13,2024,35
Kilinochchi,13,2024,3
Kurunegala,13,2024,13
Mannar,13,2024,0
Matale,13,2024,8
Matara,13,2024,20
Monaragala,13,2024,9
Mullaitivu,13,2024,2
Nuwara Eliya,13,2024,3
Polonnaruwa,13,2024,8
Puttalam,13,2024,18
Ratnapura,13,2024,30
Trincomalee,13,2024,14
Vavuniya,13,2024,1
Ampara,14,2024,1
Anuradhapura,14,2024,6
Badulla,14,2024,7
Batticaloa,14,2024,19
Colombo,14,2024,109
Galle,14,2024,25
Gampaha,14,2024,72
Hambantota,14,2024,6
Jaffna,14,2024,34
Kalmunai,14,2024,0
Kalutara,14,2024,50
Kandy,14,2024,49
Kegalle,14,2024,19
Kilinochchi,14,2024,4
Kurunegala,14,2024,23
Mannar,14,2024,3
Matale,14,2024,8
Matara,14,2024,10
Monaragala,14,2024,5
Mullaitivu,14,2024,3
Nuwara Eliya,14,2024,1
Polonnaruwa,14,2024,8
Puttalam,14,2024,12
Ratnapura,14,2024,47
Trincomalee,14,2024,11
Vavuniya,14,2024,0
Ampara,15,2024,5
Anuradhapura,15,2024,11
Badulla,15,2024,4
Batticaloa,15,2024,12
Colombo,15,2024,87
Galle,15,2024,19
Gampaha,15,2024,59
Hambantota,15,2024,21
Jaffna,15,2024,29
Kalmunai,15,2024,0
Kalutara,15,2024,23
Kandy,15,2024,52
Kegalle,15,2024,21
Kilinochchi,15,2024,5
Kurunegala,15,2024,19
Mannar,15,2024,0
Matale,15,2024,10
Matara,15,2024,11
Monaragala,15,2024,9
Mullaitivu,15,2024,2
Nuwara Eliya,15,2024,3
Polonnaruwa,15,2024,2
Puttalam,15,2024,12
Ratnapura,15,2024,38
Trincomalee,15,2024,6
Vavuniya,15,2024,0
Ampara,16,2024,2
Anuradhapura,16,2024,3
Badulla,16,2024,6
Batticaloa,16,2024,9
Colombo,16,2024,102
Galle,16,2024,26
Gampaha,16,2024,52
Hambantota,16,2024,15
Jaffna,16,2024,32
Kalmunai,16,2024,0
Kalutara,16,2024,27
Kandy,16,2024,67
Kegalle,16,2024,43
Kilinochchi,16,2024,0
Kurunegala,16,2024,6
Mannar,16,2024,9
Matale,16,2024,10
Matara,16,2024,5
Monaragala,16,2024,8
Mullaitivu,16,2024,0
Nuwara Eliya,16,2024,0
Polonnaruwa,16,2024,5
Puttalam,16,2024,11
Ratnapura,16,2024,53
Trincomalee,16,2024,25
Vavuniya,16,2024,0
Ampara,17,2024,1
Anuradhapura,17,2024,0
Badulla,17,2024,15
Batticaloa,17,2024,11
Colombo,17,2024,125
Galle,17,2024,27
Gampaha,17,2024,45
Hambantota,17,2024,15
Jaffna,17,2024,35
Kalmunai,17,2024,0
Kalutara,17,2024,28
Kandy,17,2024,69
Kegalle,17,2024,31
Kilinochchi,17,2024,0
Kurunegala,17,2024,14
Mannar,17,2024,0
Matale,17,2024,6
Matara,17,2024,9
Monaragala,17,2024,9
Mullaitivu,17,2024,2
Nuwara Eliya,17,2024,1
Polonnaruwa,17,2024,5
Puttalam,17,2024,10
Ratnapura,17,2024,44
Trincomalee,17,2024,6
Vavuniya,17,2024,0
Ampara,18,2024,2
Anuradhapura,18,2024,0
Badulla,18,2024,4
Batticaloa,18,2024,22
Colombo,18,2024,86
Galle,18,2024,19
Gampaha,18,2024,55
Hambantota,18,2024,6
Jaffna,18,2024,24
Kalmunai,18,2024,0
Kalutara,18,2024,31
Kandy,18,2024,66
Kegalle,18,2024,52
Kilinochchi,18,2024,0
Kurunegala,18,2024,26
Mannar,18,2024,0
Matale,18,2024,11
Matara,18,2024,27
Monaragala,18,2024,8
Mullaitivu,18,2024,1
Nuwara Eliya,18,2024,0
Polonnaruwa,18,2024,5
Puttalam,18,2024,7
Ratnapura,18,2024,55
Trincomalee,18,2024,20
Vavuniya,18,2024,0
Ampara,19,2024,1
Anuradhapura,19,2024,2
Badulla,19,2024,3
Batticaloa,19,2024,15
Colombo,19,2024,106
Galle,19,2024,25
Gampaha,19,2024,67
Hambantota,19,2024,5
Jaffna,19,2024,12
Kalmunai,19,2024,0
Kalutara,19,2024,32
Kandy,19,2024,74
Kegalle,19,2024,38
Kilinochchi,19,2024,2
Kurunegala,19,2024,20
Mannar,19,2024,4
Matale,19,2024,2
Matara,19,2024,14
Monaragala,19,2024,12
Mullaitivu,19,2024,0
Nuwara Eliya,19,2024,4
Polonnaruwa,19,2024,1
Puttalam,19,2024,12
Ratnapura,19,2024,59
Trincomalee,19,2024,14
Vavuniya,19,2024,1
Ampara,20,2024,1
Anuradhapura,20,2024,2
Badulla,20,2024,9
Batticaloa,20,2024,20
Colombo,20,2024,164
Galle,20,2024,31
Gampaha,20,2024,76
Hambantota,20,2024,2
Jaffna,20,2024,5
Kalmunai,20,2024,0
Kalutara,20,2024,27
Kandy,20,2024,87
Kegalle,20,2024,53
Kilinochchi,20,2024,0
Kurunegala,20,2024,62
Mannar,20,2024,0
Matale,20,2024,7
Matara,20,2024,18
Monaragala,20,2024,4
Mullaitivu,20,2024,1
Nuwara Eliya,20,2024,2
Polonnaruwa,20,2024,7
Puttalam,20,2024,13
Ratnapura,20,2024,150
Trincomalee,20,2024,12
Vavuniya,20,2024,0
Ampara,21,2024,7
Anuradhapura,21,2024,7
Badulla,21,2024,3
Batticaloa,21,2024,19
Colombo,21,2024,130
Galle,21,2024,27
Gampaha,21,2024,65
Hambantota,21,2024,1
Jaffna,21,2024,8
Kalmunai,21,2024,0
Kalutara,21,2024,26
Kandy,21,2024,58
Kegalle,21,2024,20
Kilinochchi,21,2024,0
Kurunegala,21,2024,34
Mannar,21,2024,0
Matale,21,2024,5
Matara,21,2024,6
Monaragala,21,2024,9
Mullaitivu,21,2024,0
Nuwara Eliya,21,2024,1
Polonnaruwa,21,2024,5
Puttalam,21,2024,12
Ratnapura,21,2024,91
Trincomalee,21,2024,5
Vavuniya,21,2024,0
Ampara,22,2024,3
Anuradhapura,22,2024,4
Badulla,22,2024,5
Batticaloa,22,2024,10
Colombo,22,2024,162
Galle,22,2024,18
Gampaha,22,2024,74
Hambantota,22,2024,0
Jaffna,22,2024,10
Kalmunai,22,2024,0
Kalutara,22,2024,48
Kandy,22,2024,68
Kegalle,22,2024,46
Kilinochchi,22,2024,0
Kurunegala,22,2024,27
Mannar,22,2024,0
Matale,22,2024,5
Matara,22,2024,13
Monaragala,22,2024,17
Mullaitivu,22,2024,0
Nuwara Eliya,22,2024,4
Polonnaruwa,22,2024,2
Puttalam,22,2024,8
Ratnapura,22,2024,72
Trincomalee,22,2024,6
Vavuniya,22,2024,0
Ampara,23,2024,4
Anuradhapura,23,2024,11
Badulla,23,2024,6
Batticaloa,23,2024,15
Colombo,23,2024,196
Galle,23,2024,31
Gampaha,23,2024,89
Hambantota,23,2024,4
Jaffna,23,2024,23
Kalmunai,23,2024,0
Kalutara,23,2024,33
Kandy,23,2024,68
Kegalle,23,2024,26
Kilinochchi,23,2024,0
Kurunegala,23,2024,42
Mannar,23,2024,2
Matale,23,2024,4
Matara,23,2024,7
Monaragala,23,2024,13
Mullaitivu,23,2024,0
Nuwara Eliya,23,2024,3
Polonnaruwa,23,2024,4
Puttalam,23,2024,9
Ratnapura,23,2024,88
Trincomalee,23,2024,10
Vavuniya,23,2024,3
Ampara,24,2024,1
Anuradhapura,24,2024,5
Badulla,24,2024,18
Batticaloa,24,2024,19
Colombo,24,2024,198
Galle,24,2024,23
Gampaha,24,2024,102
Hambantota,24,2024,2
Jaffna,24,2024,24
Kalmunai,24,2024,0
Kalutara,24,2024,28
Kandy,24,2024,77
Kegalle,24,2024,32
Kilinochchi,24,2024,0
Kurunegala,24,2024,27
Mannar,24,2024,0
Matale,24,2024,7
Matara,24,2024,2
Monaragala,24,2024,19
Mullaitivu,24,2024,0
Nuwara Eliya,24,2024,4
Polonnaruwa,24,2024,6
Puttalam,24,2024,10
Ratnapura,24,2024,98
Trincomalee,24,2024,8
Vavuniya,24,2024,0
Ampara,25,2024,3
Anuradhapura,25,2024,2
Badulla,25,2024,14
Batticaloa,25,2024,12
Colombo,25,2024,275
Galle,25,2024,45
Gampaha,25,2024,106
Hambantota,25,2024,2
Jaffna,25,2024,12
Kalmunai,25,2024,0
Kalutara,25,2024,54
Kandy,25,2024,74
Kegalle,25,2024,32
Kilinochchi,25,2024,0
Kurunegala,25,2024,42
Mannar,25,2024,0
Matale,25,2024,15
Matara,25,2024,6
Monaragala,25,2024,12
Mullaitivu,25,2024,0
Nuwara Eliya,25,2024,6
Polonnaruwa,25,2024,5
Puttalam,25,2024,16
Ratnapura,25,2024,83
Trincomalee,25,2024,11
Vavuniya,25,2024,0
Ampara,26,2024,5
Anuradhapura,26,2024,1
Badulla,26,2024,14
Batticaloa,26,2024,15
Colombo,26,2024,270
Galle,26,2024,31
Gampaha,26,2024,141
Hambantota,26,2024,9
Jaffna,26,2024,18
Kalmunai,26,2024,0
Kalutara,26,2024,35
Kandy,26,2024,91
Kegalle,26,2024,32
Kilinochchi,26,2024,0
Kurunegala,26,2024,29
Mannar,26,2024,0
Matale,26,2024,13
Matara,26,2024,13
Monaragala,26,2024,9
Mullaitivu,26,2024,1
Nuwara Eliya,26,2024,8
Polonnaruwa,26,2024,8
Puttalam,26,2024,21
Ratnapura,26,2024,44
Trincomalee,26,2024,10
Vavuniya,26,2024,0
Ampara,27,2024,7
Anuradhapura,27,2024,13
Badulla,27,2024,11
Batticaloa,27,2024,12
Colombo,27,2024,304
Galle,27,2024,43
Gampaha,27,2024,150
Hambantota,27,2024,19
Jaffna,27,2024,15
Kalmunai,27,2024,0
Kalutara,27,2024,50
Kandy,27,2024,99
Kegalle,27,2024,22
Kilinochchi,27,2024,0
Kurunegala,27,2024,36
Mannar,27,2024,0
Matale,27,2024,15
Matara,27,2024,21
Monaragala,27,2024,11
Mullaitivu,27,2024,2
Nuwara Eliya,27,2024,4
Polonnaruwa,27,2024,5
Puttalam,27,2024,20
Ratnapura,27,2024,118
Trincomalee,27,2024,13
Vavuniya,27,2024,2
Ampara,28,2024,1
Anuradhapura,28,2024,11
Badulla,28,2024,13
Batticaloa,28,2024,17
Colombo,28,2024,333
Galle,28,2024,28
Gampaha,28,2024,173
Hambantota,28,2024,19
Jaffna,28,2024,12
Kalmunai,28,2024,0
Kalutara,28,2024,40
Kandy,28,2024,129
Kegalle,28,2024,32
Kilinochchi,28,2024,0
Kurunegala,28,2024,41
Mannar,28,2024,8
Matale,28,2024,18
Matara,28,2024,21
Monaragala,28,2024,11
Mullaitivu,28,2024,0
Nuwara Eliya,28,2024,4
Polonnaruwa,28,2024,9
Puttalam,28,2024,20
Ratnapura,28,2024,63
Trincomalee,28,2024,11
Vavuniya,28,2024,1
Ampara,29,2024,2
Anuradhapura,29,2024,11
Badulla,29,2024,6
Batticaloa,29,2024,9
Colombo,29,2024,333
Galle,29,2024,44
Gampaha,29,2024,140
Hambantota,29,2024,8
Jaffna,29,2024,10
Kalmunai,29,2024,0
Kalutara,29,2024,38
Kandy,29,2024,101
Kegalle,29,2024,27
Kilinochchi,29,2024,2
Kurunegala,29,2024,29
Mannar,29,2024,0
Matale,29,2024,24
Matara,29,2024,20
Monaragala,29,2024,14
Mullaitivu,29,2024,1
Nuwara Eliya,29,2024,2
Polonnaruwa,29,2024,8
Puttalam,29,2024,16
Ratnapura,29,2024,91
Trincomalee,29,2024,12
Vavuniya,29,2024,4
Ampara,30,2024,6
Anuradhapura,30,2024,8
Badulla,30,2024,15
Batticaloa,30,2024,19
Colombo,30,2024,307
Galle,30,2024,31
Gampaha,30,2024,188
Hambantota,30,2024,9
Jaffna,30,2024,12
Kalmunai,30,2024,0
Kalutara,30,2024,45
Kandy,30,2024,125
Kegalle,30,2024,33
Kilinochchi,30,2024,0
Kurunegala,30,2024,39
Mannar,30,2024,7
Matale,30,2024,11
Matara,30,2024,33
Monaragala,30,2024,8
Mullaitivu,30,2024,1
Nuwara Eliya,30,2024,3
Polonnaruwa,30,2024,4
Puttalam,30,2024,21
Ratnapura,30,2024,82
Trincomalee,30,2024,6
Vavuniya,30,2024,3
Ampara,31,2024,2
Anuradhapura,31,2024,9
Badulla,31,2024,11
Batticaloa,31,2024,19
Colombo,31,2024,320
Galle,31,2024,31
Gampaha,31,2024,175
Hambantota,31,2024,10
Jaffna,31,2024,7
Kalmunai,31,2024,0
Kalutara,31,2024,26
Kandy,31,2024,94
Kegalle,31,2024,29
Kilinochchi,31,2024,4
Kurunegala,31,2024,39
Mannar,31,2024,5
Matale,31,2024,15
Matara,31,2024,24
Monaragala,31,2024,6
Mullaitivu,31,2024,2
Nuwara Eliya,31,2024,3
Polonnaruwa,31,2024,7
Puttalam,31,2024,16
Ratnapura,31,2024,45
Trincomalee,31,2024,13
Vavuniya,31,2024,2
Ampara,32,2024,4
Anuradhapura,32,2024,6
Badulla,32,2024,22
Batticaloa,32,2024,15
Colombo,32,2024,272
Galle,32,2024,49
Gampaha,32,2024,153
Hambantota,32,2024,10
Jaffna,32,2024,7
Kalmunai,32,2024,0
Kalutara,32,2024,40
Kandy,32,2024,108
Kegalle,32,2024,29
Kilinochchi,32,2024,3
Kurunegala,32,2024,26
Mannar,32,2024,7
Matale,32,2024,9
Matara,32,2024,24
Monaragala,32,2024,4
Mullaitivu,32,2024,1
Nuwara Eliya,32,2024,6
Polonnaruwa,32,2024,12
Puttalam,32,2024,19
Ratnapura,32,2024,62
Trincomalee,32,2024,5
Vavuniya,32,2024,1
Ampara,33,2024,2
Anuradhapura,33,2024,13
Badulla,33,2024,15
Batticaloa,33,2024,24
Colombo,33,2024,299
Galle,33,2024,31
Gampaha,33,2024,149
Hambantota,33,2024,15
Jaffna,33,2024,6
Kalmunai,33,2024,0
Kalutara,33,2024,42
Kandy,33,2024,97
Kegalle,33,2024,38
Kilinochchi,33,2024,3
Kurunegala,33,2024,23
Mannar,33,2024,12
Matale,33,2024,12
Matara,33,2024,22
Monaragala,33,2024,29
Mullaitivu,33,2024,0
Nuwara Eliya,33,2024,9
Polonnaruwa,33,2024,2
Puttalam,33,2024,25
Ratnapura,33,2024,63
Trincomalee,33,2024,11
Vavuniya,33,2024,3
Ampara,34,2024,1
Anuradhapura,34,2024,9
Badulla,34,2024,14
Batticaloa,34,2024,24
Colombo,34,2024,279
Galle,34,2024,29
Gampaha,34,2024,123
Hambantota,34,2024,7
Jaffna,34,2024,13
Kalmunai,34,2024,0
Kalutara,34,2024,36
Kandy,34,2024,68
Kegalle,34,2024,26
Kilinochchi,34,2024,0
Kurunegala,34,2024,22
Mannar,34,2024,0
Matale,34,2024,46
Matara,34,2024,8
Monaragala,34,2024,14
Mullaitivu,34,2024,1
Nuwara Eliya,34,2024,4
Polonnaruwa,34,2024,3
Puttalam,34,2024,11
Ratnapura,34,2024,59
Trincomalee,34,2024,2
Vavuniya,34,2024,5
Ampara,35,2024,4
Anuradhapura,35,2024,4
Badulla,35,2024,14
Batticaloa,35,2024,18
Colombo,35,2024,223
Galle,35,2024,40
Gampaha,35,2024,124
Hambantota,35,2024,12
Jaffna,35,2024,11
Kalmunai,35,2024,0
Kalutara,35,2024,42
Kandy,35,2024,90
Kegalle,35,2024,19
Kilinochchi,35,2024,0
Kurunegala,35,2024,29
Mannar,35,2024,13
Matale,35,2024,12
Matara,35,2024,18
Monaragala,35,2024,16
Mullaitivu,35,2024,3
Nuwara Eliya,35,2024,2
Polonnaruwa,35,2024,9
Puttalam,35,2024,11
Ratnapura,35,2024,44
Trincomalee,35,2024,8
Vavuniya,35,2024,1
Ampara,36,2024,3
Anuradhapura,36,2024,4
Badulla,36,2024,8
Batticaloa,36,2024,17
Colombo,36,2024,209
Galle,36,2024,33
Gampaha,36,2024,100
Hambantota,36,2024,9
Jaffna,36,2024,11
Kalmunai,36,2024,0
Kalutara,36,2024,22
Kandy,36,2024,60
Kegalle,36,2024,33
Kilinochchi,36,2024,0
Kurunegala,36,2024,20
Mannar,36,2024,3
Matale,36,2024,18
Matara,36,2024,18
Monaragala,36,2024,9
Mullaitivu,36,2024,1
Nuwara Eliya,36,2024,3
Polonnaruwa,36,2024,3
Puttalam,36,2024,13
Ratnapura,36,2024,34
Trincomalee,36,2024,6
Vavuniya,36,2024,0
Ampara,37,2024,2
Anuradhapura,37,2024,4
Badulla,37,2024,5
Batticaloa,37,2024,19
Colombo,37,2024,230
Galle,37,2024,42
Gampaha,37,2024,115
Hambantota,37,2024,9
Jaffna,37,2024,5
Kalmunai,37,2024,0
Kalutara,37,2024,26
Kandy,37,2024,66
Kegalle,37,2024,22
Kilinochchi,37,2024,0
Kurunegala,37,2024,25
Mannar,37,2024,12
Matale,37,2024,14
Matara,37,2024,29
Monaragala,37,2024,10
Mullaitivu,37,2024,2
Nuwara Eliya,37,2024,5
Polonnaruwa,37,2024,4
Puttalam,37,2024,14
Ratnapura,37,2024,34
Trincomalee,37,2024,2
Vavuniya,37,2024,1
Ampara,38,2024,1
Anuradhapura,38,2024,5
Badulla,38,2024,7
Batticaloa,38,2024,14
Colombo,38,2024,195
Galle,38,2024,31
Gampaha,38,2024,82
Hambantota,38,2024,9
Jaffna,38,2024,8
Kalmunai,38,2024,0
Kalutara,38,2024,26
Kandy,38,2024,62
Kegalle,38,2024,23
Kilinochchi,38,2024,0
Kurunegala,38,2024,9
Mannar,38,2024,8
Matale,38,2024,13
Matara,38,2024,15
Monaragala,38,2024,16
Mullaitivu,38,2024,3
Nuwara Eliya,38,2024,3
Polonnaruwa,38,2024,11
Puttalam,38,2024,13
Ratnapura,38,2024,28
Trincomalee,38,2024,2
Vavuniya,38,2024,1
Ampara,39,2024,0
Anuradhapura,39,2024,5
Badulla,39,2024,6
Batticaloa,39,2024,11
Colombo,39,2024,160
Galle,39,2024,42
Gampaha,39,2024,103
Hambantota,39,2024,7
Jaffna,39,2024,11
Kalmunai,39,2024,0
Kalutara,39,2024,37
Kandy,39,2024,65
Kegalle,39,2024,23
Kilinochchi,39,2024,2
Kurunegala,39,2024,17
Mannar,39,2024,4
Matale,39,2024,13
Matara,39,2024,29
Monaragala,39,2024,6
Mullaitivu,39,2024,1
Nuwara Eliya,39,2024,4
Polonnaruwa,39,2024,2
Puttalam,39,2024,17
Ratnapura,39,2024,39
Trincomalee,39,2024,3
Vavuniya,39,2024,1
Ampara,40,2024,6
Anuradhapura,40,2024,4
Badulla,40,2024,4
Batticaloa,40,2024,6
Colombo,40,2024,174
Galle,40,2024,27
Gampaha,40,2024,112
Hambantota,40,2024,8
Jaffna,40,2024,9
Kalmunai,40,2024,0
Kalutara,40,2024,34
Kandy,40,2024,55
Kegalle,40,2024,14
Kilinochchi,40,2024,3
Kurunegala,40,2024,23
Mannar,40,2024,3
Matale,40,2024,14
Matara,40,2024,43
Monaragala,40,2024,33
Mullaitivu,40,2024,1
Nuwara Eliya,40,2024,2
Polonnaruwa,40,2024,8
Puttalam,40,2024,21
Ratnapura,40,2024,43
Trincomalee,40,2024,1
Vavuniya,40,2024,6
Ampara,41,2024,2
Anuradhapura,41,2024,6
Badulla,41,2024,9
Batticaloa,41,2024,13
Colombo,41,2024,215
Galle,41,2024,31
Gampaha,41,2024,122
Hambantota,41,2024,17
Jaffna,41,2024,7
Kalmunai,41,2024,0
Kalutara,41,2024,23
Kandy,41,2024,55
Kegalle,41,2024,17
Kilinochchi,41,2024,1
Kurunegala,41,2024,13
Mannar,41,2024,1
Matale,41,2024,29
Matara,41,2024,34
Monaragala,41,2024,19
Mullaitivu,41,2024,0
Nuwara Eliya,41,2024,3
Polonnaruwa,41,2024,3
Puttalam,41,2024,12
Ratnapura,41,2024,51
Trincomalee,41,2024,3
Vavuniya,41,2024,0
Ampara,42,2024,0
Anuradhapura,42,2024,8
Badulla,42,2024,9
Batticaloa,42,2024,8
Colombo,42,2024,180
Galle,42,2024,30
Gampaha,42,2024,86
Hambantota,42,2024,6
Jaffna,42,2024,12
Kalmunai,42,2024,0
Kalutara,42,2024,25
Kandy,42,2024,64
Kegalle,42,2024,14
Kilinochchi,42,2024,2
Kurunegala,42,2024,11
Mannar,42,2024,8
Matale,42,2024,10
Matara,42,2024,26
Monaragala,42,2024,21
Mullaitivu,42,2024,1
Nuwara Eliya,42,2024,2
Polonnaruwa,42,2024,6
Puttalam,42,2024,32
Ratnapura,42,2024,44
Trincomalee,42,2024,4
Vavuniya,42,2024,3
Ampara,43,2024,9
Anuradhapura,43,2024,11
Badulla,43,2024,11
Batticaloa,43,2024,8
Colombo,43,2024,177
Galle,43,2024,22
Gampaha,43,2024,100
Hambantota,43,2024,8
Jaffna,43,2024,17
Kalmunai,43,2024,0
Kalutara,43,2024,27
Kandy,43,2024,60
Kegalle,43,2024,18
Kilinochchi,43,2024,0
Kurunegala,43,2024,13
Mannar,43,2024,2
Matale,43,2024,35
Matara,43,2024,24
Monaragala,43,2024,39
Mullaitivu,43,2024,0
Nuwara Eliya,43,2024,0
Polonnaruwa,43,2024,4
Puttalam,43,2024,22
Ratnapura,43,2024,55
Trincomalee,43,2024,4
Vavuniya,43,2024,0
Ampara,44,2024,3
Anuradhapura,44,2024,14
Badulla,44,2024,6
Batticaloa,44,2024,9
Colombo,44,2024,141
Galle,44,2024,54
Gampaha,44,2024,121
Hambantota,44,2024,12
Jaffna,44,2024,22
Kalmunai,44,2024,0
Kalutara,44,2024,26
Kandy,44,2024,66
Kegalle,44,2024,10
Kilinochchi,44,2024,1
Kurunegala,44,2024,17
Mannar,44,2024,2
Matale,44,2024,33
Matara,44,2024,12
Monaragala,44,2024,14
Mullaitivu,44,2024,0
Nuwara Eliya,44,2024,4
Polonnaruwa,44,2024,7
Puttalam,44,2024,29
Ratnapura,44,2024,53
Trincomalee,44,2024,4
Vavuniya,44,2024,3
Ampara,45,2024,1
Anuradhapura,45,2024,8
Badulla,45,2024,13
Batticaloa,45,2024,15
Colombo,45,2024,182
Galle,45,2024,15
Gampaha,45,2024,123
Hambantota,45,2024,6
Jaffna,45,2024,26
Kalmunai,45,2024,0
Kalutara,45,2024,22
Kandy,45,2024,76
Kegalle,45,2024,14
Kilinochchi,45,2024,4
Kurunegala,45,2024,20
Mannar,45,2024,1
Matale,45,2024,32
Matara,45,2024,14
Monaragala,45,2024,19
Mullaitivu,45,2024,0
Nuwara Eliya,45,2024,5
Polonnaruwa,45,2024,2
Puttalam,45,2024,5
Ratnapura,45,2024,54
Trincomalee,45,2024,6
Vavuniya,45,2024,0
Ampara,46,2024,0
Anuradhapura,46,2024,12
Badulla,46,2024,7
Batticaloa,46,2024,9
Colombo,46,2024,203
Galle,46,2024,33
Gampaha,46,2024,112
Hambantota,46,2024,12
Jaffna,46,2024,23
Kalmunai,46,2024,0
Kalutara,46,2024,25
Kandy,46,2024,54
Kegalle,46,2024,12
Kilinochchi,46,2024,2
Kurunegala,46,2024,18
Mannar,46,2024,7
Matale,46,2024,15
Matara,46,2024,13
Monaragala,46,2024,26
Mullaitivu,46,2024,0
Nuwara Eliya,46,2024,2
Polonnaruwa,46,2024,9
Puttalam,46,2024,41
Ratnapura,46,2024,45
Trincomalee,46,2024,21
Vavuniya,46,2024,1
Ampara,47,2024,2
Anuradhapura,47,2024,12
Badulla,47,2024,18
Batticaloa,47,2024,14
Colombo,47,2024,236
Galle,47,2024,54
Gampaha,47,2024,165
Hambantota,47,2024,7
Jaffna,47,2024,34
Kalmunai,47,2024,0
Kalutara,47,2024,33
Kandy,47,2024,79
Kegalle,47,2024,31
Kilinochchi,47,2024,1
Kurunegala,47,2024,18
Mannar,47,2024,5
Matale,47,2024,29
Matara,47,2024,17
Monaragala,47,2024,58
Mullaitivu,47,2024,0
Nuwara Eliya,47,2024,2
Polonnaruwa,47,2024,14
Puttalam,47,2024,23
Ratnapura,47,2024,56
Trincomalee,47,2024,14
Vavuniya,47,2024,5
Ampara,48,2024,6
Anuradhapura,48,2024,10
Badulla,48,2024,20
Batticaloa,48,2024,38
Colombo,48,2024,268
Galle,48,2024,40
Gampaha,48,2024,164
Hambantota,48,2024,16
Jaffna,48,2024,55
Kalmunai,48,2024,0
Kalutara,48,2024,30
Kandy,48,2024,76
Kegalle,48,2024,21
Kilinochchi,48,2024,1
Kurunegala,48,2024,10
Mannar,48,2024,4
Matale,48,2024,56
Matara,48,2024,22
Monaragala,48,2024,19
Mullaitivu,48,2024,0
Nuwara Eliya,48,2024,0
Polonnaruwa,48,2024,6
Puttalam,48,2024,33
Ratnapura,48,2024,61
Trincomalee,48,2024,11
Vavuniya,48,2024,1
Ampara,49,2024,4
Anuradhapura,49,2024,2
Badulla,49,2024,9
Batticaloa,49,2024,25
Colombo,49,2024,216
Galle,49,2024,38
Gampaha,49,2024,128
Hambantota,49,2024,18
Jaffna,49,2024,42
Kalmunai,49,2024,0
Kalutara,49,2024,27
Kandy,49,2024,62
Kegalle,49,2024,15
Kilinochchi,49,2024,2
Kurunegala,49,2024,11
Mannar,49,2024,2
Matale,49,2024,23
Matara,49,2024,8
Monaragala,49,2024,20
Mullaitivu,49,2024,1
Nuwara Eliya,49,2024,1
Polonnaruwa,49,2024,6
Puttalam,49,2024,21
Ratnapura,49,2024,38
Trincomalee,49,2024,14
Vavuniya,49,2024,2
Ampara,50,2024,3
Anuradhapura,50,2024,14
Badulla,50,2024,11
Batticaloa,50,2024,38
Colombo,50,2024,222
Galle,50,2024,41
Gampaha,50,2024,114
Hambantota,50,2024,9
Jaffna,50,2024,44
Kalmunai,50,2024,0
Kalutara,50,2024,33
Kandy,50,2024,71
Kegalle,50,2024,18
Kilinochchi,50,2024,3
Kurunegala,50,2024,18
Mannar,50,2024,1
Matale,50,2024,21
Matara,50,2024,18
Monaragala,50,2024,19
Mullaitivu,50,2024,0
Nuwara Eliya,50,2024,4
Polonnaruwa,50,2024,6
Puttalam,50,2024,34
Ratnapura,50,2024,36
Trincomalee,50,2024,20
Vavuniya,50,2024,0
Ampara,51,2024,1
Anuradhapura,51,2024,9
Badulla,51,2024,15
Batticaloa,51,2024,26
Colombo,51,2024,141
Galle,51,2024,19
Gampaha,51,2024,120
Hambantota,51,2024,4
Jaffna,51,2024,58
Kalmunai,51,2024,0
Kalutara,51,2024,31
Kandy,51,2024,44
Kegalle,51,2024,14
Kilinochchi,51,2024,1
Kurunegala,51,2024,8
Mannar,51,2024,18
Matale,51,2024,3
Matara,51,2024,26
Monaragala,51,2024,5
Mullaitivu,51,2024,1
Nuwara Eliya,51,2024,1
Polonnaruwa,51,2024,1
Puttalam,51,2024,18
Ratnapura,51,2024,23
Trincomalee,51,2024,23
Vavuniya,51,2024,4
Ampara,52,2024,1
Anuradhapura,52,2024,10
Badulla,52,2024,21
Batticaloa,52,2024,39
Colombo,52,2024,294
Galle,52,2024,12
Gampaha,52,2024,143
Hambantota,52,2024,38
Jaffna,52,2024,88
Kalmunai,52,2024,0
Kalutara,52,2024,24
Kandy,52,2024,58
Kegalle,52,2024,40
Kilinochchi,52,2024,3
Kurunegala,52,2024,18
Mannar,52,2024,2
Matale,52,2024,25
Matara,52,2024,18
Monaragala,52,2024,15
Mullaitivu,52,2024,1
Nuwara Eliya,52,2024,5
Polonnaruwa,52,2024,10
Puttalam,52,2024,10
Ratnapura,52,2024,69
Trincomalee,52,2024,9
Vavuniya,52,2024,0
Ampara,1,2025,2
Anuradhapura,1,2025,21
Badulla,1,2025,9
Batticaloa,1,2025,40
Colombo,1,2025,197
Galle,1,2025,62
Gampaha,1,2025,136
Hambantota,1,2025,23
Jaffna,1,2025,17
Kalmunai,1,2025,9
Kalutara,1,2025,21
Kandy,1,2025,42
Kegalle,1,2025,29
Kilinochchi,1,2025,2
Kurunegala,1,2025,29
Mannar,1,2025,6
Matale,1,2025,7
Matara,1,2025,30
Monaragala,1,2025,20
Mullaitivu,1,2025,0
Nuwara Eliya,1,2025,4
Polonnaruwa,1,2025,4
Puttalam,1,2025,27
Ratnapura,1,2025,33
Trincomalee,1,2025,9
Vavuniya,1,2025,2
Ampara,2,2025,4
Anuradhapura,2,2025,14
Badulla,2,2025,25
Batticaloa,2,2025,62
Colombo,2,2025,316
Galle,2,2025,100
Gampaha,2,2025,184
Hambantota,2,2025,38
Jaffna,2,2025,79
Kalmunai,2,2025,22
Kalutara,2,2025,26
Kandy,2,2025,72
Kegalle,2,2025,45
Kilinochchi,2,2025,4
Kurunegala,2,2025,19
Mannar,2,2025,23
Matale,2,2025,30
Matara,2,2025,37
Monaragala,2,2025,24
Mullaitivu,2,2025,1
Nuwara Eliya,2,2025,3
Polonnaruwa,2,2025,4
Puttalam,2,2025,23
Ratnapura,2,2025,45
Trincomalee,2,2025,41
Vavuniya,2,2025,0
Ampara,3,2025,1
Anuradhapura,3,2025,27
Badulla,3,2025,24
Batticaloa,3,2025,77
Colombo,3,2025,315
Galle,3,2025,38
Gampaha,3,2025,164
Hambantota,3,2025,30
Jaffna,3,2025,29
Kalmunai,3,2025,14
Kalutara,3,2025,38
Kandy,3,2025,77
Kegalle,3,2025,28
Kilinochchi,3,2025,1
Kurunegala,3,2025,26
Mannar,3,2025,7
Matale,3,2025,43
Matara,3,2025,33
Monaragala,3,2025,22
Mullaitivu,3,2025,0
Nuwara Eliya,3,2025,1
Polonnaruwa,3,2025,7
Puttalam,3,2025,14
Ratnapura,3,2025,88
Trincomalee,3,2025,26
Vavuniya,3,2025,1
Ampara,4,2025,3
Anuradhapura,4,2025,15
Badulla,4,2025,21
Batticaloa,4,2025,59
Colombo,4,2025,232
Galle,4,2025,61
Gampaha,4,2025,133
Hambantota,4,2025,27
Jaffna,4,2025,63
Kalmunai,4,2025,14
Kalutara,4,2025,37
Kandy,4,2025,61
Kegalle,4,2025,24
Kilinochchi,4,2025,5
Kurunegala,4,2025,13
Mannar,4,2025,0
Matale,4,2025,29
Matara,4,2025,46
Monaragala,4,2025,15
Mullaitivu,4,2025,0
Nuwara Eliya,4,2025,1
Polonnaruwa,4,2025,12
Puttalam,4,2025,16
Ratnapura,4,2025,65
Trincomalee,4,2025,27
Vavuniya,4,2025,0
Ampara,5,2025,3
Anuradhapura,5,2025,15
Badulla,5,2025,30
Batticaloa,5,2025,60
Colombo,5,2025,273
Galle,5,2025,73
Gampaha,5,2025,198
Hambantota,5,2025,19
Jaffna,5,2025,22
Kalmunai,5,2025,10
Kalutara,5,2025,37
Kandy,5,2025,75
Kegalle,5,2025,19
Kilinochchi,5,2025,0
Kurunegala,5,2025,24
Mannar,5,2025,11
Matale,5,2025,36
Matara,5,2025,55
Monaragala,5,2025,15
Mullaitivu,5,2025,1
Nuwara Eliya,5,2025,0
Polonnaruwa,5,2025,11
Puttalam,5,2025,17
Ratnapura,5,2025,52
Trincomalee,5,2025,18
Vavuniya,5,2025,1
Ampara,6,2025,4
Anuradhapura,6,2025,12
Badulla,6,2025,14
Batticaloa,6,2025,86
Colombo,6,2025,252
Galle,6,2025,52
Gampaha,6,2025,143
Hambantota,6,2025,18
Jaffna,6,2025,23
Kalmunai,6,2025,13
Kalutara,6,2025,35
Kandy,6,2025,75
Kegalle,6,2025,24
Kilinochchi,6,2025,0
Kurunegala,6,2025,20
Mannar,6,2025,8
Matale,6,2025,32
Matara,6,2025,42
Monaragala,6,2025,16
Mullaitivu,6,2025,1
Nuwara Eliya,6,2025,2
Polonnaruwa,6,2025,5
Puttalam,6,2025,18
Ratnapura,6,2025,30
Trincomalee,6,2025,46
Vavuniya,6,2025,1
Ampara,7,2025,4
Anuradhapura,7,2025,15
Badulla,7,2025,15
Batticaloa,7,2025,73
Colombo,7,2025,251
Galle,7,2025,44
Gampaha,7,2025,109
Hambantota,7,2025,12
Jaffna,7,2025,19
Kalmunai,7,2025,13
Kalutara,7,2025,26
Kandy,7,2025,65
Kegalle,7,2025,30
Kilinochchi,7,2025,2
Kurunegala,7,2025,23
Mannar,7,2025,0
Matale,7,2025,15
Matara,7,2025,37
Monaragala,7,2025,8
Mullaitivu,7,2025,0
Nuwara Eliya,7,2025,3
Polonnaruwa,7,2025,3
Puttalam,7,2025,44
Ratnapura,7,2025,38
Trincomalee,7,2025,18
Vavuniya,7,2025,0
Ampara,8,2025,1
Anuradhapura,8,2025,12
Badulla,8,2025,11
Batticaloa,8,2025,78
Colombo,8,2025,258
Galle,8,2025,28
Gampaha,8,2025,151
Hambantota,8,2025,10
Jaffna,8,2025,42
Kalmunai,8,2025,11
Kalutara,8,2025,31
Kandy,8,2025,53
Kegalle,8,2025,29
Kilinochchi,8,2025,1
Kurunegala,8,2025,17
Mannar,8,2025,0
Matale,8,2025,38
Matara,8,2025,42
Monaragala,8,2025,11
Mullaitivu,8,2025,0
Nuwara Eliya,8,2025,2
Polonnaruwa,8,2025,8
Puttalam,8,2025,25
Ratnapura,8,2025,43
Trincomalee,8,2025,34
Vavuniya,8,2025,0
Ampara,9,2025,1
Anuradhapura,9,2025,18
Badulla,9,2025,8
Batticaloa,9,2025,60
Colombo,9,2025,228
Galle,9,2025,43
Gampaha,9,2025,109
Hambantota,9,2025,18
Jaffna,9,2025,22
Kalmunai,9,2025,13
Kalutara,9,2025,36
Kandy,9,2025,50
Kegalle,9,2025,15
Kilinochchi,9,2025,2
Kurunegala,9,2025,11
Mannar,9,2025,6
Matale,9,2025,27
Matara,9,2025,34
Monaragala,9,2025,11
Mullaitivu,9,2025,0
Nuwara Eliya,9,2025,4
Polonnaruwa,9,2025,6
Puttalam,9,2025,21
Ratnapura,9,2025,52
Trincomalee,9,2025,25
Vavuniya,9,2025,0
Ampara,10,2025,3
Anuradhapura,10,2025,15
Badulla,10,2025,17
Batticaloa,10,2025,58
Colombo,10,2025,312
Galle,10,2025,37
Gampaha,10,2025,137
Hambantota,10,2025,14
Jaffna,10,2025,7
Kalmunai,10,2025,19
Kalutara,10,2025,42
Kandy,10,2025,53
Kegalle,10,2025,16
Kilinochchi,10,2025,2
Kurunegala,10,2025,8
Mannar,10,2025,0
Matale,10,2025,35
Matara,10,2025,34
Monaragala,10,2025,7
Mullaitivu,10,2025,0
Nuwara Eliya,10,2025,1
Polonnaruwa,10,2025,16
Puttalam,10,2025,20
Ratnapura,10,2025,54
Trincomalee,10,2025,29
Vavuniya,10,2025,3
Ampara,11,2025,2
Anuradhapura,11,2025,3
Badulla,11,2025,7
Batticaloa,11,2025,34
Colombo,11,2025,255
Galle,11,2025,30
Gampaha,11,2025,142
Hambantota,11,2025,15
Jaffna,11,2025,23
Kalmunai,11,2025,9
Kalutara,11,2025,26
Kandy,11,2025,56
Kegalle,11,2025,36
Kilinochchi,11,2025,3
Kurunegala,11,2025,24
Mannar,11,2025,3
Matale,11,2025,7
Matara,11,2025,35
Monaragala,11,2025,18
Mullaitivu,11,2025,0
Nuwara Eliya,11,2025,4
Polonnaruwa,11,2025,1
Puttalam,11,2025,19
Ratnapura,11,2025,46
Trincomalee,11,2025,16
Vavuniya,11,2025,1
Ampara,12,2025,3
Anuradhapura,12,2025,5
Badulla,12,2025,12
Batticaloa,12,2025,29
Colombo,12,2025,261
Galle,12,2025,31
Gampaha,12,2025,108
Hambantota,12,2025,16
Jaffna,12,2025,15
Kalmunai,12,2025,5
Kalutara,12,2025,38
Kandy,12,2025,60
Kegalle,12,2025,17
Kilinochchi,12,2025,1
Kurunegala,12,2025,22
Mannar,12,2025,0
Matale,12,2025,28
Matara,12,2025,36
Monaragala,12,2025,22
Mullaitivu,12,2025,1
Nuwara Eliya,12,2025,5
Polonnaruwa,12,2025,2
Puttalam,12,2025,10
Ratnapura,12,2025,74
Trincomalee,12,2025,22
Vavuniya,12,2025,2
Ampara,13,2025,2
Anuradhapura,13,2025,8
Badulla,13,2025,8
Batticaloa,13,2025,47
Colombo,13,2025,257
Galle,13,2025,39
Gampaha,13,2025,144
Hambantota,13,2025,11
Jaffna,13,2025,15
Kalmunai,13,2025,12
Kalutara,13,2025,31
Kandy,13,2025,46
Kegalle,13,2025,22
Kilinochchi,13,2025,0
Kurunegala,13,2025,14
Mannar,13,2025,5
Matale,13,2025,35
Matara,13,2025,43
Monaragala,13,2025,15
Mullaitivu,13,2025,1
Nuwara Eliya,13,2025,16
Polonnaruwa,13,2025,2
Puttalam,13,2025,5
Ratnapura,13,2025,51
Trincomalee,13,2025,36
Vavuniya,13,2025,0
Ampara,14,2025,3
Anuradhapura,14,2025,3
Badulla,14,2025,10
Batticaloa,14,2025,58
Colombo,14,2025,295
Galle,14,2025,42
Gampaha,14,2025,138
Hambantota,14,2025,7
Jaffna,14,2025,8
Kalmunai,14,2025,9
Kalutara,14,2025,25
Kandy,14,2025,66
Kegalle,14,2025,18
Kilinochchi,14,2025,1
Kurunegala,14,2025,21
Mannar,14,2025,2
Matale,14,2025,45
Matara,14,2025,34
Monaragala,14,2025,25
Mullaitivu,14,2025,1
Nuwara Eliya,14,2025,1
Polonnaruwa,14,2025,4
Puttalam,14,2025,15
Ratnapura,14,2025,128
Trincomalee,14,2025,23
Vavuniya,14,2025,2
Ampara,15,2025,8
Anuradhapura,15,2025,6
Badulla,15,2025,13
Batticaloa,15,2025,78
Colombo,15,2025,279
Galle,15,2025,36
Gampaha,15,2025,154
Hambantota,15,2025,19
Jaffna,15,2025,13
Kalmunai,15,2025,11
Kalutara,15,2025,49
Kandy,15,2025,58
Kegalle,15,2025,25
Kilinochchi,15,2025,0
Kurunegala,15,2025,37
Mannar,15,2025,0
Matale,15,2025,37
Matara,15,2025,41
Monaragala,15,2025,61
Mullaitivu,15,2025,0
Nuwara Eliya,15,2025,2
Polonnaruwa,15,2025,7
Puttalam,15,2025,7
Ratnapura,15,2025,195
Trincomalee,15,2025,37
Vavuniya,15,2025,1
Ampara,16,2025,5
Anuradhapura,16,2025,5
Badulla,16,2025,14
Batticaloa,16,2025,55
Colombo,16,2025,273
Galle,16,2025,36
Gampaha,16,2025,177
Hambantota,16,2025,18
Jaffna,16,2025,15
Kalmunai,16,2025,10
Kalutara,16,2025,31
Kandy,16,2025,42
Kegalle,16,2025,31
Kilinochchi,16,2025,4
Kurunegala,16,2025,30
Mannar,16,2025,3
Matale,16,2025,38
Matara,16,2025,45
Monaragala,16,2025,25
Mullaitivu,16,2025,1
Nuwara Eliya,16,2025,5
Polonnaruwa,16,2025,11
Puttalam,16,2025,6
Ratnapura,16,2025,246
Trincomalee,16,2025,51
Vavuniya,16,2025,4
Ampara,17,2025,1
Anuradhapura,17,2025,16
Badulla,17,2025,10
Batticaloa,17,2025,107
Colombo,17,2025,336
Galle,17,2025,27
Gampaha,17,2025,184
Hambantota,17,2025,19
Jaffna,17,2025,23
Kalmunai,17,2025,12
Kalutara,17,2025,59
Kandy,17,2025,68
Kegalle,17,2025,20
Kilinochchi,17,2025,2
Kurunegala,17,2025,30
Mannar,17,2025,0
Matale,17,2025,29
Matara,17,2025,16
Monaragala,17,2025,7
Mullaitivu,17,2025,0
Nuwara Eliya,17,2025,3
Polonnaruwa,17,2025,9
Puttalam,17,2025,17
Ratnapura,17,2025,305
Trincomalee,17,2025,43
Vavuniya,17,2025,0
Ampara,18,2025,3
Anuradhapura,18,2025,16
Badulla,18,2025,14
Batticaloa,18,2025,84
Colombo,18,2025,335
Galle,18,2025,49
Gampaha,18,2025,202
Hambantota,18,2025,14
Jaffna,18,2025,8
Kalmunai,18,2025,18
Kalutara,18,2025,39
Kandy,18,2025,64
Kegalle,18,2025,36
Kilinochchi,18,2025,1
Kurunegala,18,2025,26
Mannar,18,2025,8
Matale,18,2025,21
Matara,18,2025,19
Monaragala,18,2025,18
Mullaitivu,18,2025,0
Nuwara Eliya,18,2025,2
Polonnaruwa,18,2025,7
Puttalam,18,2025,12
Ratnapura,18,2025,281
Trincomalee,18,2025,63
Vavuniya,18,2025,2
Ampara,19,2025,3
Anuradhapura,19,2025,5
Badulla,19,2025,7
Batticaloa,19,2025,63
Colombo,19,2025,354
Galle,19,2025,53
Gampaha,19,2025,163
Hambantota,19,2025,16
Jaffna,19,2025,14
Kalmunai,19,2025,13
Kalutara,19,2025,44
Kandy,19,2025,92
Kegalle,19,2025,44
Kilinochchi,19,2025,1
Kurunegala,19,2025,28
Mannar,19,2025,1
Matale,19,2025,17
Matara,19,2025,16
Monaragala,19,2025,13
Mullaitivu,19,2025,0
Nuwara Eliya,19,2025,7
Polonnaruwa,19,2025,6
Puttalam,19,2025,14
Ratnapura,19,2025,249
Trincomalee,19,2025,38
Vavuniya,19,2025,0
Ampara,20,2025,4
Anuradhapura,20,2025,9
Badulla,20,2025,14
Batticaloa,20,2025,52
Colombo,20,2025,348
Galle,20,2025,51
Gampaha,20,2025,215
Hambantota,20,2025,20
Jaffna,20,2025,19
Kalmunai,20,2025,11
Kalutara,20,2025,41
Kandy,20,2025,100
Kegalle,20,2025,39
Kilinochchi,20,2025,7
Kurunegala,20,2025,50
Mannar,20,2025,6
Matale,20,2025,10
Matara,20,2025,33
Monaragala,20,2025,10
Mullaitivu,20,2025,0
Nuwara Eliya,20,2025,3
Polonnaruwa,20,2025,11
Puttalam,20,2025,11
Ratnapura,20,2025,263
Trincomalee,20,2025,37
Vavuniya,20,2025,2
Ampara,21,2025,4
Anuradhapura,21,2025,5
Badulla,21,2025,21
Batticaloa,21,2025,56
Colombo,21,2025,360
Galle,21,2025,57
Gampaha,21,2025,214
Hambantota,21,2025,20
Jaffna,21,2025,15
Kalmunai,21,2025,6
Kalutara,21,2025,49
Kandy,21,2025,115
Kegalle,21,2025,45
Kilinochchi,21,2025,1
Kurunegala,21,2025,45
Mannar,21,2025,0
Matale,21,2025,21
Matara,21,2025,31
Monaragala,21,2025,19
Mullaitivu,21,2025,1
Nuwara Eliya,21,2025,7
Polonnaruwa,21,2025,6
Puttalam,21,2025,8
Ratnapura,21,2025,311
Trincomalee,21,2025,36
Vavuniya,21,2025,0
Ampara,22,2025,12
Anuradhapura,22,2025,11
Badulla,22,2025,30
Batticaloa,22,2025,62
Colombo,22,2025,317
Galle,22,2025,55
Gampaha,22,2025,217
Hambantota,22,2025,11
Jaffna,22,2025,19
Kalmunai,22,2025,12
Kalutara,22,2025,48
Kandy,22,2025,120
Kegalle,22,2025,66
Kilinochchi,22,2025,1
Kurunegala,22,2025,53
Mannar,22,2025,0
Matale,22,2025,13
Matara,22,2025,19
Monaragala,22,2025,28
Mullaitivu,22,2025,1
Nuwara Eliya,22,2025,4
Polonnaruwa,22,2025,24
Puttalam,22,2025,15
Ratnapura,22,2025,175
Trincomalee,22,2025,43
Vavuniya,22,2025,0
Ampara,23,2025,4
Anuradhapura,23,2025,3
Badulla,23,2025,28
Batticaloa,23,2025,44
Colombo,23,2025,304
Galle,23,2025,45
Gampaha,23,2025,223
Hambantota,23,2025,20
Jaffna,23,2025,15
Kalmunai,23,2025,6
Kalutara,23,2025,52
Kandy,23,2025,107
Kegalle,23,2025,42
Kilinochchi,23,2025,2
Kurunegala,23,2025,63
Mannar,23,2025,7
Matale,23,2025,17
Matara,23,2025,57
Monaragala,23,2025,39
Mullaitivu,23,2025,0
Nuwara Eliya,23,2025,4
Polonnaruwa,23,2025,5
Puttalam,23,2025,8
Ratnapura,23,2025,177
Trincomalee,23,2025,32
Vavuniya,23,2025,3
Ampara,24,2025,4
Anuradhapura,24,2025,7
Badulla,24,2025,20
Batticaloa,24,2025,45
Colombo,24,2025,292
Galle,24,2025,43
Gampaha,24,2025,213
Hambantota,24,2025,18
Jaffna,24,2025,91
Kalmunai,24,2025,5
Kalutara,24,2025,54
Kandy,24,2025,151
Kegalle,24,2025,47
Kilinochchi,24,2025,3
Kurunegala,24,2025,64
Mannar,24,2025,0
Matale,24,2025,11
Matara,24,2025,43
Monaragala,24,2025,22
Mullaitivu,24,2025,1
Nuwara Eliya,24,2025,13
Polonnaruwa,24,2025,15
Puttalam,24,2025,7
Ratnapura,24,2025,136
Trincomalee,24,2025,17
Vavuniya,24,2025,2
Ampara,25,2025,3
Anuradhapura,25,2025,17
Badulla,25,2025,28
Batticaloa,25,2025,27
Colombo,25,2025,259
Galle,25,2025,85
Gampaha,25,2025,183
Hambantota,25,2025,28
Jaffna,25,2025,33
Kalmunai,25,2025,7
Kalutara,25,2025,49
Kandy,25,2025,189
Kegalle,25,2025,45
Kilinochchi,25,2025,1
Kurunegala,25,2025,65
Mannar,25,2025,6
Matale,25,2025,12
Matara,25,2025,51
Monaragala,25,2025,40
Mullaitivu,25,2025,3
Nuwara Eliya,25,2025,14
Polonnaruwa,25,2025,8
Puttalam,25,2025,18
Ratnapura,25,2025,109
Trincomalee,25,2025,15
Vavuniya,25,2025,1
Ampara,26,2025,5
Anuradhapura,26,2025,17
Badulla,26,2025,13
Batticaloa,26,2025,18
Colombo,26,2025,329
Galle,26,2025,61
Gampaha,26,2025,193
Hambantota,26,2025,27
Jaffna,26,2025,6
Kalmunai,26,2025,7
Kalutara,26,2025,63
Kandy,26,2025,172
Kegalle,26,2025,38
Kilinochchi,26,2025,1
Kurunegala,26,2025,41
Mannar,26,2025,0
Matale,26,2025,16
Matara,26,2025,45
Monaragala,26,2025,13
Mullaitivu,26,2025,1
Nuwara Eliya,26,2025,6
Polonnaruwa,26,2025,9
Puttalam,26,2025,4
Ratnapura,26,2025,107
Trincomalee,26,2025,6
Vavuniya,26,2025,0
Ampara,27,2025,5
Anuradhapura,27,2025,6
Badulla,27,2025,17
Batticaloa,27,2025,18
Colombo,27,2025,231
Galle,27,2025,53
Gampaha,27,2025,152
Hambantota,27,2025,30
Jaffna,27,2025,15
Kalmunai,27,2025,21
Kalutara,27,2025,42
Kandy,27,2025,147
Kegalle,27,2025,26
Kilinochchi,27,2025,1
Kurunegala,27,2025,56
Mannar,27,2025,0
Matale,27,2025,14
Matara,27,2025,36
Monaragala,27,2025,28
Mullaitivu,27,2025,2
Nuwara Eliya,27,2025,13
Polonnaruwa,27,2025,9
Puttalam,27,2025,13
Ratnapura,27,2025,111
Trincomalee,27,2025,4
Vavuniya,27,2025,0
Ampara,28,2025,8
Anuradhapura,28,2025,15
Badulla,28,2025,19
Batticaloa,28,2025,18
Colombo,28,2025,249
Galle,28,2025,56
Gampaha,28,2025,165
Hambantota,28,2025,37
Jaffna,28,2025,25
Kalmunai,28,2025,3
Kalutara,28,2025,66
Kandy,28,2025,145
Kegalle,28,2025,41
Kilinochchi,28,2025,0
Kurunegala,28,2025,54
Mannar,28,2025,2
Matale,28,2025,12
Matara,28,2025,21
Monaragala,28,2025,24
Mullaitivu,28,2025,0
Nuwara Eliya,28,2025,7
Polonnaruwa,28,2025,10
Puttalam,28,2025,8
Ratnapura,28,2025,87
Trincomalee,28,2025,11
Vavuniya,28,2025,0
Ampara,29,2025,8
Anuradhapura,29,2025,23
Badulla,29,2025,28
Batticaloa,29,2025,9
Colombo,29,2025,297
Galle,29,2025,35
Gampaha,29,2025,198
Hambantota,29,2025,29
Jaffna,29,2025,43
Kalmunai,29,2025,6
Kalutara,29,2025,31
Kandy,29,2025,160
Kegalle,29,2025,24
Kilinochchi,29,2025,3
Kurunegala,29,2025,53
Mannar,29,2025,2
Matale,29,2025,20
Matara,29,2025,25
Monaragala,29,2025,10
Mullaitivu,29,2025,0
Nuwara Eliya,29,2025,23
Polonnaruwa,29,2025,9
Puttalam,29,2025,13
Ratnapura,29,2025,83
Trincomalee,29,2025,14
Vavuniya,29,2025,3
Ampara,30,2025,2
Anuradhapura,30,2025,6
Badulla,30,2025,14
Batticaloa,30,2025,9
Colombo,30,2025,217
Galle,30,2025,78
Gampaha,30,2025,154
Hambantota,30,2025,31
Jaffna,30,2025,20
Kalmunai,30,2025,7
Kalutara,30,2025,42
Kandy,30,2025,133
Kegalle,30,2025,34
Kilinochchi,30,2025,1
Kurunegala,30,2025,55
Mannar,30,2025,5
Matale,30,2025,10
Matara,30,2025,57
Monaragala,30,2025,13
Mullaitivu,30,2025,0
Nuwara Eliya,30,2025,13
Polonnaruwa,30,2025,4
Puttalam,30,2025,29
Ratnapura,30,2025,108
Trincomalee,30,2025,6
Vavuniya,30,2025,1
Ampara,31,2025,0
Anuradhapura,31,2025,15
Badulla,31,2025,12
Batticaloa,31,2025,6
Colombo,31,2025,265
Galle,31,2025,44
Gampaha,31,2025,132
Hambantota,31,2025,15
Jaffna,31,2025,15
Kalmunai,31,2025,2
Kalutara,31,2025,33
Kandy,31,2025,139
Kegalle,31,2025,32
Kilinochchi,31,2025,0
Kurunegala,31,2025,27
Mannar,31,2025,1
Matale,31,2025,15
Matara,31,2025,46
Monaragala,31,2025,13
Mullaitivu,31,2025,1
Nuwara Eliya,31,2025,8
Polonnaruwa,31,2025,4
Puttalam,31,2025,17
Ratnapura,31,2025,82
Trincomalee,31,2025,10
Vavuniya,31,2025,0
Ampara,32,2025,3
Anuradhapura,32,2025,4
Badulla,32,2025,10
Batticaloa,32,2025,8
Colombo,32,2025,116
Galle,32,2025,32
Gampaha,32,2025,87
Hambantota,32,2025,18
Jaffna,32,2025,14
Kalmunai,32,2025,1
Kalutara,32,2025,26
Kandy,32,2025,106
Kegalle,32,2025,28
Kilinochchi,32,2025,0
Kurunegala,32,2025,33
Mannar,32,2025,3
Matale,32,2025,25
Matara,32,2025,22
Monaragala,32,2025,10
Mullaitivu,32,2025,0
Nuwara Eliya,32,2025,4
Polonnaruwa,32,2025,5
Puttalam,32,2025,12
Ratnapura,32,2025,76
Trincomalee,32,2025,2
Vavuniya,32,2025,2
Ampara,33,2025,2
Anuradhapura,33,2025,4
Badulla,33,2025,13
Batticaloa,33,2025,6
Colombo,33,2025,119
Galle,33,2025,40
Gampaha,33,2025,99
Hambantota,33,2025,16
Jaffna,33,2025,10
Kalmunai,33,2025,10
Kalutara,33,2025,30
Kandy,33,2025,85
Kegalle,33,2025,16
Kilinochchi,33,2025,2
Kurunegala,33,2025,22
Mannar,33,2025,1
Matale,33,2025,12
Matara,33,2025,29
Monaragala,33,2025,18
Mullaitivu,33,2025,0
Nuwara Eliya,33,2025,8
Polonnaruwa,33,2025,18
Puttalam,33,2025,8
Ratnapura,33,2025,49
Trincomalee,33,2025,3
Vavuniya,33,2025,0
Ampara,34,2025,1
Anuradhapura,34,2025,15
Badulla,34,2025,15
Batticaloa,34,2025,6
Colombo,34,2025,114
Galle,34,2025,37
Gampaha,34,2025,63
Hambantota,34,2025,11
Jaffna,34,2025,7
Kalmunai,34,2025,2
Kalutara,34,2025,37
Kandy,34,2025,74
Kegalle,34,2025,24
Kilinochchi,34,2025,0
Kurunegala,34,2025,22
Mannar,34,2025,1
Matale,34,2025,17
Matara,34,2025,18
Monaragala,34,2025,13
Mullaitivu,34,2025,1
Nuwara Eliya,34,2025,6
Polonnaruwa,34,2025,6
Puttalam,34,2025,7
Ratnapura,34,2025,75
Trincomalee,34,2025,1
Vavuniya,34,2025,3
Ampara,35,2025,0
Anuradhapura,35,2025,5
Badulla,35,2025,16
Batticaloa,35,2025,11
Colombo,35,2025,121
Galle,35,2025,37
Gampaha,35,2025,68
Hambantota,35,2025,13
Jaffna,35,2025,10
Kalmunai,35,2025,2
Kalutara,35,2025,27
Kandy,35,2025,72
Kegalle,35,2025,15
Kilinochchi,35,2025,3
Kurunegala,35,2025,13
Mannar,35,2025,2
Matale,35,2025,19
Matara,35,2025,19
Monaragala,35,2025,7
Mullaitivu,35,2025,0
Nuwara Eliya,35,2025,3
Polonnaruwa,35,2025,5
Puttalam,35,2025,9
Ratnapura,35,2025,71
Trincomalee,35,2025,2
Vavuniya,35,2025,0
Ampara,36,2025,1
Anuradhapura,36,2025,3
Badulla,36,2025,6
Batticaloa,36,2025,10
Colombo,36,2025,99
Galle,36,2025,32
Gampaha,36,2025,70
Hambantota,36,2025,4
Jaffna,36,2025,20
Kalmunai,36,2025,3
Kalutara,36,2025,22
Kandy,36,2025,85
Kegalle,36,2025,14
Kilinochchi,36,2025,1
Kurunegala,36,2025,14
Mannar,36,2025,2
Matale,36,2025,21
Matara,36,2025,17
Monaragala,36,2025,4
Mullaitivu,36,2025,0
Nuwara Eliya,36,2025,3
Polonnaruwa,36,2025,5
Puttalam,36,2025,7
Ratnapura,36,2025,72
Trincomalee,36,2025,0
Vavuniya,36,2025,0
Ampara,37,2025,1
Anuradhapura,37,2025,4
Badulla,37,2025,17
Batticaloa,37,2025,9
Colombo,37,2025,144
Galle,37,2025,31
Gampaha,37,2025,95
Hambantota,37,2025,13
Jaffna,37,2025,6
Kalmunai,37,2025,12
Kalutara,37,2025,26
Kandy,37,2025,56
Kegalle,37,2025,12
Kilinochchi,37,2025,0
Kurunegala,37,2025,13
Mannar,37,2025,4
Matale,37,2025,33
Matara,37,2025,14
Monaragala,37,2025,11
Mullaitivu,37,2025,1
Nuwara Eliya,37,2025,5
Polonnaruwa,37,2025,1
Puttalam,37,2025,10
Ratnapura,37,2025,66
Trincomalee,37,2025,12
Vavuniya,37,2025,1
Ampara,38,2025,8
Anuradhapura,38,2025,2
Badulla,38,2025,14
Batticaloa,38,2025,6
Colombo,38,2025,147
Galle,38,2025,29
Gampaha,38,2025,81
Hambantota,38,2025,13
Jaffna,38,2025,8
Kalmunai,38,2025,4
Kalutara,38,2025,25
Kandy,38,2025,70
Kegalle,38,2025,21
Kilinochchi,38,2025,1
Kurunegala,38,2025,13
Mannar,38,2025,0
Matale,38,2025,31
Matara,38,2025,16
Monaragala,38,2025,12
Mullaitivu,38,2025,1
Nuwara Eliya,38,2025,6
Polonnaruwa,38,2025,5
Puttalam,38,2025,4
Ratnapura,38,2025,68
Trincomalee,38,2025,1
Vavuniya,38,2025,0
Ampara,39,2025,6
Anuradhapura,39,2025,5
Badulla,39,2025,9
Batticaloa,39,2025,13
Colombo,39,2025,134
Galle,39,2025,30
Gampaha,39,2025,56
Hambantota,39,2025,11
Jaffna,39,2025,14
Kalmunai,39,2025,5
Kalutara,39,2025,19
Kandy,39,2025,42
Kegalle,39,2025,20
Kilinochchi,39,2025,0
Kurunegala,39,2025,12
Mannar,39,2025,0
Matale,39,2025,16
Matara,39,2025,13
Monaragala,39,2025,14
Mullaitivu,39,2025,0
Nuwara Eliya,39,2025,3
Polonnaruwa,39,2025,7
Puttalam,39,2025,4
Ratnapura,39,2025,55
Trincomalee,39,2025,5
Vavuniya,39,2025,0
Ampara,40,2025,4
Anuradhapura,40,2025,7
Badulla,40,2025,7
Batticaloa,40,2025,15
Colombo,40,2025,152
Galle,40,2025,35
Gampaha,40,2025,82
Hambantota,40,2025,9
Jaffna,40,2025,12
Kalmunai,40,2025,8
Kalutara,40,2025,26
Kandy,40,2025,33
Kegalle,40,2025,16
Kilinochchi,40,2025,3
Kurunegala,40,2025,7
Mannar,40,2025,4
Matale,40,2025,14
Matara,40,2025,15
Monaragala,40,2025,7
Mullaitivu,40,2025,1
Nuwara Eliya,40,2025,8
Polonnaruwa,40,2025,3
Puttalam,40,2025,5
Ratnapura,40,2025,56
Trincomalee,40,2025,10
Vavuniya,40,2025,2
Ampara,41,2025,1
Anuradhapura,41,2025,4
Badulla,41,2025,6
Batticaloa,41,2025,14
Colombo,41,2025,148
Galle,41,2025,31
Gampaha,41,2025,81
Hambantota,41,2025,5
Jaffna,41,2025,15
Kalmunai,41,2025,15
Kalutara,41,2025,23
Kandy,41,2025,44
Kegalle,41,2025,10
Kilinochchi,41,2025,3
Kurunegala,41,2025,15
Mannar,41,2025,0
Matale,41,2025,14
Matara,41,2025,14
Monaragala,41,2025,7
Mullaitivu,41,2025,2
Nuwara Eliya,41,2025,5
Polonnaruwa,41,2025,3
Puttalam,41,2025,2
Ratnapura,41,2025,45
Trincomalee,41,2025,1
Vavuniya,41,2025,3
Ampara,42,2025,4
Anuradhapura,42,2025,9
Badulla,42,2025,10
Batticaloa,42,2025,17
Colombo,42,2025,215
Galle,42,2025,30
Gampaha,42,2025,84
Hambantota,42,2025,16
Jaffna,42,2025,29
Kalmunai,42,2025,9
Kalutara,42,2025,27
Kandy,42,2025,40
Kegalle,42,2025,14
Kilinochchi,42,2025,2
Kurunegala,42,2025,22
Mannar,42,2025,5
Matale,42,2025,13
Matara,42,2025,23
Monaragala,42,2025,11
Mullaitivu,42,2025,0
Nuwara Eliya,42,2025,4
Polonnaruwa,42,2025,1
Puttalam,42,2025,16
Ratnapura,42,2025,44
Trincomalee,42,2025,4
Vavuniya,42,2025,0
Ampara,43,2025,2
Anuradhapura,43,2025,6
Badulla,43,2025,9
Batticaloa,43,2025,14
Colombo,43,2025,172
Galle,43,2025,35
Gampaha,43,2025,103
Hambantota,43,2025,8
Jaffna,43,2025,41
Kalmunai,43,2025,10
Kalutara,43,2025,28
Kandy,43,2025,50
Kegalle,43,2025,16
Kilinochchi,43,2025,1
Kurunegala,43,2025,12
Mannar,43,2025,6
Matale,43,2025,25
Matara,43,2025,25
Monaragala,43,2025,16
Mullaitivu,43,2025,0
Nuwara Eliya,43,2025,1
Polonnaruwa,43,2025,8
Puttalam,43,2025,8
Ratnapura,43,2025,45
Trincomalee,43,2025,12
Vavuniya,43,2025,0
Ampara,44,2025,0
Anuradhapura,44,2025,4
Badulla,44,2025,11
Batticaloa,44,2025,13
Colombo,44,2025,214
Galle,44,2025,29
Gampaha,44,2025,95
Hambantota,44,2025,6
Jaffna,44,2025,26
Kalmunai,44,2025,9
Kalutara,44,2025,35
Kandy,44,2025,52
Kegalle,44,2025,17
Kilinochchi,44,2025,2
Kurunegala,44,2025,17
Mannar,44,2025,5
Matale,44,2025,24
Matara,44,2025,10
Monaragala,44,2025,17
Mullaitivu,44,2025,0
Nuwara Eliya,44,2025,2
Polonnaruwa,44,2025,3
Puttalam,44,2025,5
Ratnapura,44,2025,36
Trincomalee,44,2025,7
Vavuniya,44,2025,0
Ampara,45,2025,5
Anuradhapura,45,2025,9
Badulla,45,2025,7
Batticaloa,45,2025,19
Colombo,45,2025,153
Galle,45,2025,30
Gampaha,45,2025,112
Hambantota,45,2025,14
Jaffna,45,2025,55
Kalmunai,45,2025,10
Kalutara,45,2025,32
Kandy,45,2025,58
Kegalle,45,2025,19
Kilinochchi,45,2025,2
Kurunegala,45,2025,15
Mannar,45,2025,7
Matale,45,2025,22
Matara,45,2025,23
Monaragala,45,2025,16
Mullaitivu,45,2025,1
Nuwara Eliya,45,2025,5
Polonnaruwa,45,2025,3
Puttalam,45,2025,11
Ratnapura,45,2025,57
Trincomalee,45,2025,15
Vavuniya,45,2025,1
Ampara,46,2025,7
Anuradhapura,46,2025,3
Badulla,46,2025,14
Batticaloa,46,2025,29
Colombo,46,2025,184
Galle,46,2025,27
Gampaha,46,2025,128
Hambantota,46,2025,18
Jaffna,46,2025,54
Kalmunai,46,2025,3
Kalutara,46,2025,27
Kandy,46,2025,56
Kegalle,46,2025,17
Kilinochchi,46,2025,6
Kurunegala,46,2025,13
Mannar,46,2025,6
Matale,46,2025,12
Matara,46,2025,17
Monaragala,46,2025,7
Mullaitivu,46,2025,0
Nuwara Eliya,46,2025,5
Polonnaruwa,46,2025,3
Puttalam,46,2025,23
Ratnapura,46,2025,47
Trincomalee,46,2025,12
Vavuniya,46,2025,1
Ampara,47,2025,5
Anuradhapura,47,2025,8
Badulla,47,2025,17
Batticaloa,47,2025,21
Colombo,47,2025,266
Galle,47,2025,36
Gampaha,47,2025,131
Hambantota,47,2025,14
Jaffna,47,2025,54
Kalmunai,47,2025,12
Kalutara,47,2025,35
Kandy,47,2025,71
Kegalle,47,2025,18
Kilinochchi,47,2025,5
Kurunegala,47,2025,20
Mannar,47,2025,12
Matale,47,2025,22
Matara,47,2025,36
Monaragala,47,2025,10
Mullaitivu,47,2025,2
Nuwara Eliya,47,2025,5
Polonnaruwa,47,2025,15
Puttalam,47,2025,0
Ratnapura,47,2025,43
Trincomalee,47,2025,11
Vavuniya,47,2025,2
Ampara,48,2025,10
Anuradhapura,48,2025,10
Badulla,48,2025,18
Batticaloa,48,2025,21
Colombo,48,2025,226
Galle,48,2025,48
Gampaha,48,2025,159
Hambantota,48,2025,15
Jaffna,48,2025,57
Kalmunai,48,2025,14
Kalutara,48,2025,34
Kandy,48,2025,88
Kegalle,48,2025,34
Kilinochchi,48,2025,3
Kurunegala,48,2025,23
Mannar,48,2025,5
Matale,48,2025,25
Matara,48,2025,22
Monaragala,48,2025,15
Mullaitivu,48,2025,4
Nuwara Eliya,48,2025,8
Polonnaruwa,48,2025,15
Puttalam,48,2025,0
Ratnapura,48,2025,54
Trincomalee,48,2025,19
Vavuniya,48,2025,0
Ampara,49,2025,7
Anuradhapura,49,2025,8
Badulla,49,2025,14
Batticaloa,49,2025,10
Colombo,49,2025,286
Galle,49,2025,68
Gampaha,49,2025,138
Hambantota,49,2025,13
Jaffna,49,2025,49
Kalmunai,49,2025,4
Kalutara,49,2025,57
Kandy,49,2025,60
Kegalle,49,2025,30
Kilinochchi,49,2025,1
Kurunegala,49,2025,21
Mannar,49,2025,5
Matale,49,2025,15
Matara,49,2025,37
Monaragala,49,2025,15
Mullaitivu,49,2025,2
Nuwara Eliya,49,2025,8
Polonnaruwa,49,2025,8
Puttalam,49,2025,0
Ratnapura,49,2025,54
Trincomalee,49,2025,16
Vavuniya,49,2025,0
Ampara,50,2025,3
Anuradhapura,50,2025,11
Badulla,50,2025,10
Batticaloa,50,2025,16
Colombo,50,2025,186
Galle,50,2025,68
Gampaha,50,2025,186
Hambantota,50,2025,24
Jaffna,50,2025,58
Kalmunai,50,2025,4
Kalutara,50,2025,63
Kandy,50,2025,50
Kegalle,50,2025,18
Kilinochchi,50,2025,4
Kurunegala,50,2025,19
Mannar,50,2025,0
Matale,50,2025,21
Matara,50,2025,45
Monaragala,50,2025,10
Mullaitivu,50,2025,0
Nuwara Eliya,50,2025,1
Polonnaruwa,50,2025,5
Puttalam,50,2025,0
Ratnapura,50,2025,64
Trincomalee,50,2025,8
Vavuniya,50,2025,1
Ampara,51,2025,12
Anuradhapura,51,2025,12
Badulla,51,2025,18
Batticaloa,51,2025,14
Colombo,51,2025,202
Galle,51,2025,81
Gampaha,51,2025,202
Hambantota,51,2025,28
Jaffna,51,2025,78
Kalmunai,51,2025,10
Kalutara,51,2025,53
Kandy,51,2025,82
Kegalle,51,2025,36
Kilinochchi,51,2025,10
Kurunegala,51,2025,24
Mannar,51,2025,5
Matale,51,2025,25
Matara,51,2025,67
Monaragala,51,2025,14
Mullaitivu,51,2025,2
Nuwara Eliya,51,2025,3
Polonnaruwa,51,2025,6
Puttalam,51,2025,0
Ratnapura,51,2025,43
Trincomalee,51,2025,26
Vavuniya,51,2025,2
Ampara,52,2025,10
Anuradhapura,52,2025,13
Badulla,52,2025,25
Batticaloa,52,2025,20
Colombo,52,2025,214
Galle,52,2025,82
Gampaha,52,2025,214
Hambantota,52,2025,42
Jaffna,52,2025,76
Kalmunai,52,2025,8
Kalutara,52,2025,85
Kandy,52,2025,85
Kegalle,52,2025,37
Kilinochchi,52,2025,5
Kurunegala,52,2025,32
Mannar,52,2025,0
Matale,52,2025,16
Matara,52,2025,64
Monaragala,52,2025,24
Mullaitivu,52,2025,3
Nuwara Eliya,52,2025,7
Polonnaruwa,52,2025,14
Puttalam,52,2025,0
Ratnapura,52,2025,60
Trincomalee,52,2025,9
Vavuniya,52,2025,3
Ampara,1,2026,7
Anuradhapura,1,2026,23
Badulla,1,2026,28
Batticaloa,1,2026,15
Colombo,1,2026,388
Galle,1,2026,88
Gampaha,1,2026,259
Hambantota,1,2026,49
Jaffna,1,2026,54
Kalmunai,1,2026,20
Kalutara,1,2026,85
Kandy,1,2026,86
Kegalle,1,2026,42
Kilinochchi,1,2026,4
Kurunegala,1,2026,37
Mannar,1,2026,2
Matale,1,2026,30
Matara,1,2026,69
Monaragala,1,2026,22
Mullaitivu,1,2026,0
Nuwara Eliya,1,2026,15
Polonnaruwa,1,2026,14
Puttalam,1,2026,25
Ratnapura,1,2026,59
Trincomalee,1,2026,18
Vavuniya,1,2026,4
Ampara,2,2026,10
Anuradhapura,2,2026,23
Badulla,2,2026,25
Batticaloa,2,2026,18
Colombo,2,2026,434
Galle,2,2026,63
Gampaha,2,2026,305
Hambantota,2,2026,60
Jaffna,2,2026,64
Kalmunai,2,2026,15
Kalutara,2,2026,116
Kandy,2,2026,91
Kegalle,2,2026,54
Kilinochchi,2,2026,2
Kurunegala,2,2026,36
Mannar,2,2026,2
Matale,2,2026,32
Matara,2,2026,79
Monaragala,2,2026,16
Mullaitivu,2,2026,1
Nuwara Eliya,2,2026,7
Polonnaruwa,2,2026,14
Puttalam,2,2026,21
Ratnapura,2,2026,63
Trincomalee,2,2026,15
Vavuniya,2,2026,3
Ampara,3,2026,21
Anuradhapura,3,2026,27
Badulla,3,2026,40
Batticaloa,3,2026,16
Colombo,3,2026,594
Galle,3,2026,128
Gampaha,3,2026,298
Hambantota,3,2026,63
Jaffna,3,2026,44
Kalmunai,3,2026,18
Kalutara,3,2026,116
Kandy,3,2026,106
Kegalle,3,2026,48
Kilinochchi,3,2026,3
Kurunegala,3,2026,51
Mannar,3,2026,4
Matale,3,2026,33
Matara,3,2026,123
Monaragala,3,2026,32
Mullaitivu,3,2026,6
Nuwara Eliya,3,2026,9
Polonnaruwa,3,2026,9
Puttalam,3,2026,46
Ratnapura,3,2026,94
Trincomalee,3,2026,26
Vavuniya,3,2026,2
Ampara,4,2026,14
Anuradhapura,4,2026,20
Badulla,4,2026,29
Batticaloa,4,2026,49
Colombo,4,2026,555
Galle,4,2026,148
Gampaha,4,2026,234
Hambantota,4,2026,92
Jaffna,4,2026,37
Kalmunai,4,2026,26
Kalutara,4,2026,91
Kandy,4,2026,66
Kegalle,4,2026,50
Kilinochchi,4,2026,2
Kurunegala,4,2026,44
Mannar,4,2026,0
Matale,4,2026,25
Matara,4,2026,180
Monaragala,4,2026,26
Mullaitivu,4,2026,7
Nuwara Eliya,4,2026,9
Polonnaruwa,4,2026,19
Puttalam,4,2026,26
Ratnapura,4,2026,101
Trincomalee,4,2026,20
Vavuniya,4,2026,4
Ampara,5,2026,19
Anuradhapura,5,2026,14
Badulla,5,2026,27
Batticaloa,5,2026,42
Colombo,5,2026,484
Galle,5,2026,129
Gampaha,5,2026,269
Hambantota,5,2026,88
Jaffna,5,2026,46
Kalmunai,5,2026,37
Kalutara,5,2026,98
Kandy,5,2026,84
Kegalle,5,2026,50
Kilinochchi,5,2026,2
Kurunegala,5,2026,44
Mannar,5,2026,2
Matale,5,2026,37
Matara,5,2026,148
Monaragala,5,2026,23
Mullaitivu,5,2026,3
Nuwara Eliya,5,2026,9
Polonnaruwa,5,2026,11
Puttalam,5,2026,25
Ratnapura,5,2026,93
Trincomalee,5,2026,16
Vavuniya,5,2026,6
Ampara,6,2026,9
Anuradhapura,6,2026,24
Badulla,6,2026,21
Batticaloa,6,2026,58
Colombo,6,2026,447
Galle,6,2026,116
Gampaha,6,2026,191
Hambantota,6,2026,52
Jaffna,6,2026,51
Kalmunai,6,2026,38
Kalutara,6,2026,101
Kandy,6,2026,56
Kegalle,6,2026,45
Kilinochchi,6,2026,5
Kurunegala,6,2026,40
Mannar,6,2026,3
Matale,6,2026,43
Matara,6,2026,148
Monaragala,6,2026,30
Mullaitivu,6,2026,3
Nuwara Eliya,6,2026,13
Polonnaruwa,6,2026,15
Puttalam,6,2026,26
Ratnapura,6,2026,107
Trincomalee,6,2026,17
Vavuniya,6,2026,5
Ampara,7,2026,19
Anuradhapura,7,2026,19
Badulla,7,2026,15
Batticaloa,7,2026,70
Colombo,7,2026,418
Galle,7,2026,133
Gampaha,7,2026,287
Hambantota,7,2026,50
Jaffna,7,2026,37
Kalmunai,7,2026,37
Kalutara,7,2026,61
Kandy,7,2026,54
Kegalle,7,2026,23
Kilinochchi,7,2026,0
Kurunegala,7,2026,54
Mannar,7,2026,4
Matale,7,2026,22
Matara,7,2026,163
Monaragala,7,2026,16
Mullaitivu,7,2026,1
Nuwara Eliya,7,2026,7
Polonnaruwa,7,2026,10
Puttalam,7,2026,24
Ratnapura,7,2026,70
Trincomalee,7,2026,17
Vavuniya,7,2026,4
Ampara,8,2026,17
Anuradhapura,8,2026,23
Badulla,8,2026,35
Batticaloa,8,2026,52
Colombo,8,2026,366
Galle,8,2026,126
Gampaha,8,2026,249
Hambantota,8,2026,37
Jaffna,8,2026,35
Kalmunai,8,2026,16
Kalutara,8,2026,89
Kandy,8,2026,59
Kegalle,8,2026,41
Kilinochchi,8,2026,3
Kurunegala,8,2026,36
Mannar,8,2026,3
Matale,8,2026,26
Matara,8,2026,146
Monaragala,8,2026,16
Mullaitivu,8,2026,2
Nuwara Eliya,8,2026,7
Polonnaruwa,8,2026,10
Puttalam,8,2026,22
Ratnapura,8,2026,106
Trincomalee,8,2026,22
Vavuniya,8,2026,5
Ampara,9,2026,12
Anuradhapura,9,2026,15
Badulla,9,2026,20
Batticaloa,9,2026,25
Colombo,9,2026,347
Galle,9,2026,109
Gampaha,9,2026,219
Hambantota,9,2026,15
Jaffna,9,2026,24
Kalmunai,9,2026,18
Kalutara,9,2026,78
Kandy,9,2026,47
Kegalle,9,2026,47
Kilinochchi,9,2026,9
Kurunegala,9,2026,25
Mannar,9,2026,1
Matale,9,2026,27
Matara,9,2026,40
Monaragala,9,2026,13
Mullaitivu,9,2026,2
Nuwara Eliya,9,2026,13
Polonnaruwa,9,2026,17
Puttalam,9,2026,26
Ratnapura,9,2026,101
Trincomalee,9,2026,16
Vavuniya,9,2026,5
Ampara,10,2026,12
Anuradhapura,10,2026,27
Badulla,10,2026,20
Batticaloa,10,2026,49
Colombo,10,2026,301
Galle,10,2026,98
Gampaha,10,2026,177
Hambantota,10,2026,38
Jaffna,10,2026,36
Kalmunai,10,2026,25
Kalutara,10,2026,68
Kandy,10,2026,56
Kegalle,10,2026,35
Kilinochchi,10,2026,1
Kurunegala,10,2026,30
Mannar,10,2026,2
Matale,10,2026,16
Matara,10,2026,83
Monaragala,10,2026,16
Mullaitivu,10,2026,2
Nuwara Eliya,10,2026,6
Polonnaruwa,10,2026,4
Puttalam,10,2026,30
Ratnapura,10,2026,93
Trincomalee,10,2026,13
Vavuniya,10,2026,5
Ampara,11,2026,3
Anuradhapura,11,2026,8
Badulla,11,2026,21
Batticaloa,11,2026,58
Colombo,11,2026,350
Galle,11,2026,90
Gampaha,11,2026,200
Hambantota,11,2026,40
Jaffna,11,2026,18
Kalmunai,11,2026,31
Kalutara,11,2026,63
Kandy,11,2026,40
Kegalle,11,2026,43
Kilinochchi,11,2026,2
Kurunegala,11,2026,37
Mannar,11,2026,3
Matale,11,2026,20
Matara,11,2026,96
Monaragala,11,2026,18
Mullaitivu,11,2026,2
Nuwara Eliya,11,2026,8
Polonnaruwa,11,2026,3
Puttalam,11,2026,25
Ratnapura,11,2026,67
Trincomalee,11,2026,8
Vavuniya,11,2026,0
Ampara,12,2026,17
Anuradhapura,12,2026,20
Badulla,12,2026,25
Batticaloa,12,2026,60
Colombo,12,2026,287
Galle,12,2026,114
Gampaha,12,2026,191
Hambantota,12,2026,43
Jaffna,12,2026,24
Kalmunai,12,2026,33
Kalutara,12,2026,84
Kandy,12,2026,57
Kegalle,12,2026,32
Kilinochchi,12,2026,3
Kurunegala,12,2026,37
Mannar,12,2026,0
Matale,12,2026,29
Matara,12,2026,120
Monaragala,12,2026,26
Mullaitivu,12,2026,2
Nuwara Eliya,12,2026,8
Polonnaruwa,12,2026,17
Puttalam,12,2026,22
Ratnapura,12,2026,97
Trincomalee,12,2026,27
Vavuniya,12,2026,4
Ampara,13,2026,5
Anuradhapura,13,2026,13
Badulla,13,2026,13
Batticaloa,13,2026,51
Colombo,13,2026,282
Galle,13,2026,89
Gampaha,13,2026,180
Hambantota,13,2026,35
Jaffna,13,2026,22
Kalmunai,13,2026,20
Kalutara,13,2026,111
Kandy,13,2026,50
Kegalle,13,2026,44
Kilinochchi,13,2026,0
Kurunegala,13,2026,31
Mannar,13,2026,1
Matale,13,2026,17
Matara,13,2026,112
Monaragala,13,2026,10
Mullaitivu,13,2026,1
Nuwara Eliya,13,2026,6
Polonnaruwa,13,2026,2
Puttalam,13,2026,15
Ratnapura,13,2026,91
Trincomalee,13,2026,20
Vavuniya,13,2026,1
Ampara,14,2026,7
Anuradhapura,14,2026,12
Badulla,14,2026,21
Batticaloa,14,2026,40
Colombo,14,2026,316
Galle,14,2026,114
Gampaha,14,2026,194
Hambantota,14,2026,29
Jaffna,14,2026,30
Kalmunai,14,2026,36
Kalutara,14,2026,122
Kandy,14,2026,68
Kegalle,14,2026,37
Kilinochchi,14,2026,4
Kurunegala,14,2026,26
Mannar,14,2026,1
Matale,14,2026,17
Matara,14,2026,83
Monaragala,14,2026,16
Mullaitivu,14,2026,1
Nuwara Eliya,14,2026,4
Polonnaruwa,14,2026,14
Puttalam,14,2026,14
Ratnapura,14,2026,90
Trincomalee,14,2026,30
Vavuniya,14,2026,5
Ampara,15,2026,1
Anuradhapura,15,2026,2
Badulla,15,2026,14
Batticaloa,15,2026,28
Colombo,15,2026,9
Galle,15,2026,170
Gampaha,15,2026,10
Hambantota,15,2026,28
Jaffna,15,2026,32
Kalmunai,15,2026,4
Kalutara,15,2026,10
Kandy,15,2026,42
Kegalle,15,2026,16
Kilinochchi,15,2026,117
Kurunegala,15,2026,96
Mannar,15,2026,47
Matale,15,2026,256
Matara,15,2026,21
Monaragala,15,2026,18
Mullaitivu,15,2026,1
Nuwara Eliya,15,2026,113
Polonnaruwa,15,2026,4
Puttalam,15,2026,29
Ratnapura,15,2026,92
Trincomalee,15,2026,18
Vavuniya,15,2026,39
Ampara,16,2026,6
Anuradhapura,16,2026,17
Badulla,16,2026,18
Batticaloa,16,2026,37
Colombo,16,2026,291
Galle,16,2026,93
Gampaha,16,2026,145
Hambantota,16,2026,46
Jaffna,16,2026,16
Kalmunai,16,2026,33
Kalutara,16,2026,165
Kandy,16,2026,36
Kegalle,16,2026,39
Kilinochchi,16,2026,1
Kurunegala,16,2026,31
Mannar,16,2026,3
Matale,16,2026,18
Matara,16,2026,110
Monaragala,16,2026,27
Mullaitivu,16,2026,1
Nuwara Eliya,16,2026,8
Polonnaruwa,16,2026,18
Puttalam,16,2026,14
Ratnapura,16,2026,103
Trincomalee,16,2026,22
Vavuniya,16,2026,0
Ampara,17,2026,12
Anuradhapura,17,2026,4
Badulla,17,2026,9
Batticaloa,17,2026,29
Colombo,17,2026,240
Galle,17,2026,57
Gampaha,17,2026,189
Hambantota,17,2026,25
Jaffna,17,2026,19
Kalmunai,17,2026,24
Kalutara,17,2026,85
Kandy,17,2026,65
Kegalle,17,2026,34
Kilinochchi,17,2026,1
Kurunegala,17,2026,41
Mannar,17,2026,1
Matale,17,2026,10
Matara,17,2026,85
Monaragala,17,2026,20
Mullaitivu,17,2026,1
Nuwara Eliya,17,2026,3
Polonnaruwa,17,2026,3
Puttalam,17,2026,19
Ratnapura,17,2026,79
Trincomalee,17,2026,24
Vavuniya,17,2026,0
Ampara,18,2026,8
Anuradhapura,18,2026,15
Badulla,18,2026,20
Batticaloa,18,2026,37
Colombo,18,2026,279
Galle,18,2026,86
Gampaha,18,2026,192
Hambantota,18,2026,54
Jaffna,18,2026,29
Kalmunai,18,2026,32
Kalutara,18,2026,121
Kandy,18,2026,56
Kegalle,18,2026,48
Kilinochchi,18,2026,3
Kurunegala,18,2026,36
Mannar,18,2026,4
Matale,18,2026,10
Matara,18,2026,82
Monaragala,18,2026,20
Mullaitivu,18,2026,4
Nuwara Eliya,18,2026,8
Polonnaruwa,18,2026,27
Puttalam,18,2026,20
Ratnapura,18,2026,162
Trincomalee,18,2026,26
Vavuniya,18,2026,2
Ampara,19,2026,7
Anuradhapura,19,2026,10
Badulla,19,2026,18
Batticaloa,19,2026,29
Colombo,19,2026,300
Galle,19,2026,82
Gampaha,19,2026,178
Hambantota,19,2026,31
Jaffna,19,2026,16
Kalmunai,19,2026,34
Kalutara,19,2026,112
Kandy,19,2026,69
Kegalle,19,2026,63
Kilinochchi,19,2026,1
Kurunegala,19,2026,36
Mannar,19,2026,2
Matale,19,2026,11
Matara,19,2026,100
Monaragala,19,2026,20
Mullaitivu,19,2026,3
Nuwara Eliya,19,2026,6
Polonnaruwa,19,2026,11
Puttalam,19,2026,12
Ratnapura,19,2026,133
Trincomalee,19,2026,9
Vavuniya,19,2026,1
Ampara,20,2026,10
Anuradhapura,20,2026,12
Badulla,20,2026,13
Batticaloa,20,2026,46
Colombo,20,2026,328
Galle,20,2026,71
Gampaha,20,2026,199
Hambantota,20,2026,24
Jaffna,20,2026,20
Kalmunai,20,2026,36
Kalutara,20,2026,123
Kandy,20,2026,103
Kegalle,20,2026,52
Kilinochchi,20,2026,1
Kurunegala,20,2026,56
Mannar,20,2026,2
Matale,20,2026,15
Matara,20,2026,88
Monaragala,20,2026,32
Mullaitivu,20,2026,0
Nuwara Eliya,20,2026,10
Polonnaruwa,20,2026,18
Puttalam,20,2026,18
Ratnapura,20,2026,164
Trincomalee,20,2026,35
Vavuniya,20,2026,4
Ampara,21,2026,5
Anuradhapura,21,2026,7
Badulla,21,2026,20
Batticaloa,21,2026,45
Colombo,21,2026,308
Galle,21,2026,104
Gampaha,21,2026,213
Hambantota,21,2026,58
Jaffna,21,2026,22
Kalmunai,21,2026,24
Kalutara,21,2026,157
Kandy,21,2026,135
Kegalle,21,2026,73
Kilinochchi,21,2026,2
Kurunegala,21,2026,45
Mannar,21,2026,4
Matale,21,2026,11
Matara,21,2026,93
Monaragala,21,2026,19
Mullaitivu,21,2026,1
Nuwara Eliya,21,2026,9
Polonnaruwa,21,2026,13
Puttalam,21,2026,13
Ratnapura,21,2026,168
Trincomalee,21,2026,20
Vavuniya,21,2026,5
Ampara,22,2026,14
Anuradhapura,22,2026,13
Badulla,22,2026,19
Batticaloa,22,2026,47
Colombo,22,2026,358
Galle,22,2026,137
Gampaha,22,2026,406
Hambantota,22,2026,53
Jaffna,22,2026,18
Kalmunai,22,2026,27
Kalutara,22,2026,181
Kandy,22,2026,180
Kegalle,22,2026,69
Kilinochchi,22,2026,6
Kurunegala,22,2026,43
Mannar,22,2026,1
Matale,22,2026,15
Matara,22,2026,181
Monaragala,22,2026,13
Mullaitivu,22,2026,4
Nuwara Eliya,22,2026,17
Polonnaruwa,22,2026,16
Puttalam,22,2026,30
Ratnapura,22,2026,219
Trincomalee,22,2026,25
Vavuniya,22,2026,2
Ampara,23,2026,5
Anuradhapura,23,2026,8
Badulla,23,2026,23
Batticaloa,23,2026,37
Colombo,23,2026,398
Galle,23,2026,140
Gampaha,23,2026,462
Hambantota,23,2026,31
Jaffna,23,2026,15
Kalmunai,23,2026,18
Kalutara,23,2026,243
Kandy,23,2026,168
Kegalle,23,2026,60
Kilinochchi,23,2026,1
Kurunegala,23,2026,51
Mannar,23,2026,1
Matale,23,2026,23
Matara,23,2026,156
Monaragala,23,2026,17
Mullaitivu,23,2026,3
Nuwara Eliya,23,2026,5
Polonnaruwa,23,2026,8
Puttalam,23,2026,16
Ratnapura,23,2026,173
Trincomalee,23,2026,21
Vavuniya,23,2026,5
Ampara,24,2026,15
Anuradhapura,24,2026,24
Badulla,24,2026,36
Batticaloa,24,2026,48
Colombo,24,2026,507
Galle,24,2026,150
Gampaha,24,2026,502
Hambantota,24,2026,100
Jaffna,24,2026,18
Kalmunai,24,2026,13
Kalutara,24,2026,318
Kandy,24,2026,286
Kegalle,24,2026,92
Kilinochchi,24,2026,4
Kurunegala,24,2026,100
Mannar,24,2026,5
Matale,24,2026,38
Matara,24,2026,214
Monaragala,24,2026,35
Mullaitivu,24,2026,3
Nuwara Eliya,24,2026,13
Polonnaruwa,24,2026,23
Puttalam,24,2026,43
Ratnapura,24,2026,198
Trincomalee,24,2026,38
Vavuniya,24,2026,9
Ampara,25,2026,2
Anuradhapura,25,2026,3
Badulla,25,2026,34
Batticaloa,25,2026,89
Colombo,25,2026,20
Galle,25,2026,742
Gampaha,25,2026,24
Hambantota,25,2026,119
Jaffna,25,2026,14
Kalmunai,25,2026,8
Kalutara,25,2026,53
Kandy,25,2026,47
Kegalle,25,2026,25
Kilinochchi,25,2026,419
Kurunegala,25,2026,423
Mannar,25,2026,387
Matale,25,2026,889
Matara,25,2026,21
Monaragala,25,2026,65
Mullaitivu,25,2026,2
Nuwara Eliya,25,2026,154
Polonnaruwa,25,2026,23
Puttalam,25,2026,29
Ratnapura,25,2026,228
Trincomalee,25,2026,39
Vavuniya,25,2026,114
