year,week,district,avg_temp,humidity,precipitation,wind_speed
2020,1,Ampara,27.08,84.24,22.06,14.06
2020,1,Anuradhapura,26.94,83.68,8.13,14.98
2020,1,Badulla,21.84,86.88,19.74,10.9
2020,1,Batticaloa,27.54,83.8,38.4,17.78
2020,1,Colombo,27.5,83.06,145.84,18.18
2020,1,Galle,25.78,78.98,8.83,43.76
2020,1,Gampaha,27.68,83.76,79.45,16.78
2020,1,Hambantota,27.02,88.24,11.4,25.48
2020,1,Jaffna,27.5,83.06,145.84,18.18
2020,1,Kalmunai,27.32,83.94,29.47,16.22
2020,1,Kalutara,26.3,81.58,105.58,30.26
2020,1,Kandy,23.62,83.16,0.35,11.44
2020,1,Kegalle,27.38,82.66,55.96,13.36
2020,1,Kilinochchi,27.5,83.44,3.64,18.42
2020,1,Kurunegala,27.68,81.54,35.5,13.36
2020,1,Mannar,27.56,82.38,1.69,24.78
2020,1,Matale,26.02,78.86,1.29,11.58
2020,1,Matara,26.94,85.72,17.81,34.7
2020,1,Monaragala,23.44,85.26,12.59,14.12
2020,1,Mullaitivu,27.36,83.46,4.3,16.98
2020,1,Nuwara Eliya,19.28,85.36,1.56,12.9
2020,1,Polonnaruwa,26.88,84.4,10.9,13.74
2020,1,Puttalam,27.74,81.44,1.6,19.36
2020,1,Ratnapura,23.76,82.78,43.8,34.48
2020,1,Trincomalee,27.48,83.22,11.6,18.38
2020,1,Vavuniya,27.06,84.96,3.8,14.32
2020,2,Ampara,26.14,80.39,48.58,20.83
2020,2,Anuradhapura,25.5,79.29,0.99,16.41
2020,2,Badulla,20.64,85.06,16.61,13.11
2020,2,Batticaloa,26.8,78.59,18.9,23.97
2020,2,Colombo,27.74,72.37,0,24.31
2020,2,Galle,27.33,78.29,7.3,31.01
2020,2,Gampaha,27.53,73.71,0.02,23.34
2020,2,Hambantota,25.69,81.03,1.8,38.77
2020,2,Jaffna,27.74,72.37,0,24.31
2020,2,Kalmunai,26.5,79.3,38.05,22.93
2020,2,Kalutara,27.64,72.99,0.3,26.87
2020,2,Kandy,22.04,83.14,0.73,11.89
2020,2,Kegalle,26.73,74.54,0.41,22.27
2020,2,Kilinochchi,26.53,73.43,7.55,21.54
2020,2,Kurunegala,26.99,73.89,0.52,22.27
2020,2,Mannar,26.81,72.51,7.71,29.99
2020,2,Matale,24.54,78.59,1.18,14.66
2020,2,Matara,26.26,81.39,3.12,37.26
2020,2,Monaragala,22.47,81.66,26.17,18.63
2020,2,Mullaitivu,26.44,73.63,23.3,19.97
2020,2,Nuwara Eliya,18.2,82.19,1.57,16.94
2020,2,Polonnaruwa,25.57,81.2,11.43,14.6
2020,2,Puttalam,26.61,75.76,0.9,23.6
2020,2,Ratnapura,24.9,81.23,11.4,18.21
2020,2,Trincomalee,26.57,74.67,20.6,20.9
2020,2,Vavuniya,25.63,78.4,23.3,16.19
2020,3,Ampara,26,81.16,50.67,15.27
2020,3,Anuradhapura,25.19,81.94,4.96,13.87
2020,3,Badulla,20.74,84.43,11.33,10.69
2020,3,Batticaloa,26.64,79.1,60.2,17.4
2020,3,Colombo,27.46,74.8,3.46,18.76
2020,3,Galle,27.47,78.06,31.95,28.59
2020,3,Gampaha,27.3,75.36,6.22,18.13
2020,3,Hambantota,26.87,82.09,0.6,26.91
2020,3,Jaffna,27.46,74.8,3.46,18.76
2020,3,Kalmunai,26.36,79.84,56.92,16.53
2020,3,Kalutara,27.41,75.1,15.6,21.81
2020,3,Kandy,22.19,82.46,4.09,9.76
2020,3,Kegalle,26.54,75.51,11.18,16.99
2020,3,Kilinochchi,26.06,78.93,13.23,18.74
2020,3,Kurunegala,26.8,74.84,5.5,16.99
2020,3,Mannar,26.44,76.83,1.67,26.6
2020,3,Matale,24.73,76.66,3.99,11.93
2020,3,Matara,26.91,83.4,28.15,21.63
2020,3,Monaragala,22.47,80.89,14.1,14.44
2020,3,Mullaitivu,25.99,78.49,10.4,17.13
2020,3,Nuwara Eliya,18.34,81.13,6.19,13.7
2020,3,Polonnaruwa,25.33,82.97,17.45,12.89
2020,3,Puttalam,26.46,77.69,2,20.79
2020,3,Ratnapura,24.77,82.24,79.48,16.63
2020,3,Trincomalee,26.24,78.39,10.5,17.26
2020,3,Vavuniya,25.24,82.49,8.1,13.51
2020,4,Ampara,26.46,81.43,44.66,18.41
2020,4,Anuradhapura,25.93,82.5,1.7,17.96
2020,4,Badulla,21.16,86.46,29.62,14.97
2020,4,Batticaloa,27.26,78.63,14.4,22.59
2020,4,Colombo,28.33,75.33,0.64,23.79
2020,4,Galle,27.56,78.39,2,28.16
2020,4,Gampaha,28.23,76.03,2.66,23.41
2020,4,Hambantota,27.29,83.33,18.6,32.81
2020,4,Jaffna,28.33,75.33,0.64,23.79
2020,4,Kalmunai,26.93,79.71,34.64,20.71
2020,4,Kalutara,28.21,75.81,2.13,26.71
2020,4,Kandy,22.6,85.9,21.36,11.73
2020,4,Kegalle,27.44,76.23,17.47,23.29
2020,4,Kilinochchi,26.77,77.76,3.24,24.81
2020,4,Kurunegala,27.71,75.6,25.13,23.29
2020,4,Mannar,27.09,76.29,1.13,30.3
2020,4,Matale,25.27,79.2,21.89,16.24
2020,4,Matara,27.2,82.81,5.4,27.44
2020,4,Monaragala,22.97,82.07,36.19,21.86
2020,4,Mullaitivu,26.64,77.56,9,21.97
2020,4,Nuwara Eliya,18.73,82.63,26.64,21.51
2020,4,Polonnaruwa,26.06,83.23,11.68,15.63
2020,4,Puttalam,27.17,77.26,1,24.76
2020,4,Ratnapura,25.46,83.17,7.6,20.9
2020,4,Trincomalee,27.06,77.03,13.7,22.36
2020,4,Vavuniya,26.01,81.74,5.94,18.51
2020,5,Ampara,26.13,74.64,1.4,16.44
2020,5,Anuradhapura,25.61,76.87,0.4,14.81
2020,5,Badulla,20.21,76.63,0.6,14.19
2020,5,Batticaloa,26.93,73.63,1.8,17.76
2020,5,Colombo,27.51,75.23,0.1,16.4
2020,5,Galle,26.86,76.27,0.6,31.59
2020,5,Gampaha,27.43,75.34,0,15.63
2020,5,Hambantota,26.56,78.4,0,28.7
2020,5,Jaffna,27.51,75.23,0.1,16.4
2020,5,Kalmunai,26.61,73.91,2.8,17.49
2020,5,Kalutara,27.1,75.53,0,23.36
2020,5,Kandy,21.99,76.3,0.9,10.7
2020,5,Kegalle,26.73,73.3,0,15.36
2020,5,Kilinochchi,26.69,74.73,1.3,18.99
2020,5,Kurunegala,27.07,72.69,0,15.36
2020,5,Mannar,27.03,72.91,0.2,25.77
2020,5,Matale,24.87,71.3,0.1,12.81
2020,5,Matara,26.71,80.71,0,27.46
2020,5,Monaragala,22.24,72.56,1.2,19.13
2020,5,Mullaitivu,26.59,74.03,2.4,16.6
2020,5,Nuwara Eliya,18.44,63.06,0.1,19.51
2020,5,Polonnaruwa,25.27,79.53,1.38,13.09
2020,5,Puttalam,27.11,72.06,0.1,20.36
2020,5,Ratnapura,24.17,77.11,11.6,24.09
2020,5,Trincomalee,26.79,72.41,1.5,17.66
2020,5,Vavuniya,25.73,77.39,0.73,14.91
2020,6,Ampara,26.29,75.17,4.1,16.87
2020,6,Anuradhapura,25.94,75.27,0,15.84
2020,6,Badulla,20.9,82.51,1.52,10.61
2020,6,Batticaloa,26.96,74.29,2.9,20.16
2020,6,Colombo,27.7,73.04,0.07,21.69
2020,6,Galle,27.13,75.54,6.9,50.14
2020,6,Gampaha,27.6,73.64,0.31,20.39
2020,6,Hambantota,27.07,79.7,0,29.81
2020,6,Jaffna,27.7,73.04,0.07,21.69
2020,6,Kalmunai,26.69,75.1,3.3,18.77
2020,6,Kalutara,27.27,73.56,1.41,33.36
2020,6,Kandy,22.53,78.5,0.01,10.06
2020,6,Kegalle,27.06,72.87,0.21,16.13
2020,6,Kilinochchi,26.73,73.21,0.6,20.59
2020,6,Kurunegala,27.61,71.76,0,16.13
2020,6,Mannar,26.99,73.07,0,28.4
2020,6,Matale,25.47,71.16,0,12.6
2020,6,Matara,27.37,79.11,5.58,36.09
2020,6,Monaragala,22.97,76.36,1.9,14.67
2020,6,Mullaitivu,26.67,72.76,0.9,18.41
2020,6,Nuwara Eliya,18.77,73.74,0.4,12.14
2020,6,Polonnaruwa,25.74,78.04,1,13.17
2020,6,Puttalam,27.33,70.93,0,21.3
2020,6,Ratnapura,24.73,78.5,6.2,33.49
2020,6,Trincomalee,26.87,72,2,19.5
2020,6,Vavuniya,26.03,76.03,0,15.66
2020,7,Ampara,26.94,78.73,13.1,20.51
2020,7,Anuradhapura,26.8,76.41,1.1,18.36
2020,7,Badulla,21.54,86.77,20.43,12.41
2020,7,Batticaloa,27.27,78.56,5.9,24.51
2020,7,Colombo,28.91,72.06,0.13,22.01
2020,7,Galle,26.86,77.76,20.1,34.19
2020,7,Gampaha,28.83,72.51,0.89,21.71
2020,7,Hambantota,27.24,84.1,15.5,32.73
2020,7,Jaffna,28.91,72.06,0.13,22.01
2020,7,Kalmunai,27.04,79.51,9.83,22.36
2020,7,Kalutara,28.63,72.53,3.88,22.13
2020,7,Kandy,23.2,83.03,4.53,12.11
2020,7,Kegalle,28.2,72.2,3.34,21.71
2020,7,Kilinochchi,27.06,75.14,0.9,22.79
2020,7,Kurunegala,28.89,70.19,0.02,21.71
2020,7,Mannar,27.2,74.36,0.5,30.96
2020,7,Matale,26.29,74.06,3.67,15.89
2020,7,Matara,26.86,82.09,29.87,37.31
2020,7,Monaragala,23.4,82.5,20.48,17.76
2020,7,Mullaitivu,26.89,76.21,1.9,20.74
2020,7,Nuwara Eliya,19.01,84.8,19.05,16.1
2020,7,Polonnaruwa,26.54,79.41,2.6,16.57
2020,7,Puttalam,27.83,73.23,0.2,24.44
2020,7,Ratnapura,25.26,82.3,22.7,11.29
2020,7,Trincomalee,27.14,76,4.5,22.87
2020,7,Vavuniya,26.8,76.81,0.5,18.16
2020,8,Ampara,26.66,80.19,85.74,18.93
2020,8,Anuradhapura,26.3,78,35.59,19.53
2020,8,Badulla,20.97,85.99,43.75,14.84
2020,8,Batticaloa,27.11,79.49,79.6,23.24
2020,8,Colombo,28.97,68.73,0,20.93
2020,8,Galle,27.77,75.21,0.6,26.94
2020,8,Gampaha,28.87,68.83,0.12,20.93
2020,8,Hambantota,27.31,81.34,22.3,33.76
2020,8,Jaffna,28.97,68.73,0,20.93
2020,8,Kalmunai,26.84,80.2,76.88,21.13
2020,8,Kalutara,28.76,69.44,0.16,20.93
2020,8,Kandy,22.74,81.99,2.28,15.27
2020,8,Kegalle,28.17,68.64,2.33,20.93
2020,8,Kilinochchi,27.07,75.63,18.71,23.7
2020,8,Kurunegala,28.83,66.96,0.51,20.93
2020,8,Mannar,27.27,74.24,3.91,31.14
2020,8,Matale,25.74,74,3.24,17.83
2020,8,Matara,27.49,79.74,15.53,30.84
2020,8,Monaragala,23,80.39,43.72,20.93
2020,8,Mullaitivu,26.79,77.36,18.7,21.14
2020,8,Nuwara Eliya,18.77,78.9,20.24,22.11
2020,8,Polonnaruwa,26.16,80.41,31.14,16.49
2020,8,Puttalam,27.83,71.31,0.6,25.13
2020,8,Ratnapura,25.24,80,13.6,11.31
2020,8,Trincomalee,26.93,76.79,22.7,22.67
2020,8,Vavuniya,26.5,78.73,30.91,19.34
2020,9,Ampara,27.01,78.84,5.4,17.33
2020,9,Anuradhapura,27.07,75.57,0.1,16.37
2020,9,Badulla,21.73,82.51,2.3,10.9
2020,9,Batticaloa,27.44,78.17,4.2,20.51
2020,9,Colombo,28.99,72.53,0,19.27
2020,9,Galle,27.99,74.31,1.8,27.71
2020,9,Gampaha,28.97,72.2,0,18.3
2020,9,Hambantota,28.16,79.29,0,29.97
2020,9,Jaffna,28.99,72.53,0,19.27
2020,9,Kalmunai,27.16,78.83,6.3,19.29
2020,9,Kalutara,28.67,72.67,0.06,26.86
2020,9,Kandy,23.71,77.37,1.4,12.29
2020,9,Kegalle,28.47,70.74,0,18.01
2020,9,Kilinochchi,27.21,76.19,0.8,20.31
2020,9,Kurunegala,29.11,68.97,0,18.01
2020,9,Mannar,27.53,74.74,0,29.43
2020,9,Matale,26.86,69.53,0,14.4
2020,9,Matara,28.49,77.04,0.72,22.67
2020,9,Monaragala,23.76,77.66,2.1,15.31
2020,9,Mullaitivu,27.04,76.73,1.8,17.96
2020,9,Nuwara Eliya,19.54,75.21,2.6,13.43
2020,9,Polonnaruwa,26.8,78.61,3.7,14.14
2020,9,Puttalam,28.3,70.77,0,22.74
2020,9,Ratnapura,25.91,77.67,16.3,27.27
2020,9,Trincomalee,27.29,75.74,3.2,19.01
2020,9,Vavuniya,27.07,76.87,0.4,16.44
2020,10,Ampara,27.3,73.53,0.93,13.63
2020,10,Anuradhapura,27.6,73.01,1.04,11.47
2020,10,Badulla,22.47,80.06,15.78,9.3
2020,10,Batticaloa,27.39,75.87,0,16.77
2020,10,Colombo,28.57,76.36,2.46,16.01
2020,10,Galle,27.64,79.07,1.98,30.79
2020,10,Gampaha,28.51,76.81,7.95,14.56
2020,10,Hambantota,27.79,81.06,1.6,18.59
2020,10,Jaffna,28.57,76.36,2.46,16.01
2020,10,Kalmunai,27.23,76.23,0.2,16.37
2020,10,Kalutara,28.19,76.59,13.89,23.14
2020,10,Kandy,24.13,77.36,35.33,8.74
2020,10,Kegalle,28.11,75.01,24.02,14.03
2020,10,Kilinochchi,27.49,76.39,3.19,17.27
2020,10,Kurunegala,28.76,73.57,17.24,14.03
2020,10,Mannar,27.44,76.8,0.38,21.86
2020,10,Matale,26.96,70.57,30.71,8.59
2020,10,Matara,27.96,82.56,1.1,19.87
2020,10,Monaragala,24.33,74.23,5.91,11.2
2020,10,Mullaitivu,27.33,77.41,13.1,15.81
2020,10,Nuwara Eliya,20.36,70.87,11.95,8.8
2020,10,Polonnaruwa,27.13,75.94,8.03,12.11
2020,10,Puttalam,28.13,75.39,3.2,15.37
2020,10,Ratnapura,25.71,80.43,86.98,22.8
2020,10,Trincomalee,27.29,75.67,0.3,17.11
2020,10,Vavuniya,27.6,74.79,13.6,11.61
2020,11,Ampara,27.8,73.37,2,16.26
2020,11,Anuradhapura,28.06,71.91,0.6,15.59
2020,11,Badulla,22.71,75.14,0.24,9.99
2020,11,Batticaloa,27.81,75.8,1.3,18.11
2020,11,Colombo,29.21,77.33,21.43,16.67
2020,11,Galle,28.11,75.94,3.21,38.07
2020,11,Gampaha,29.37,75.96,19.33,14.93
2020,11,Hambantota,28.37,76.74,0.1,25.7
2020,11,Jaffna,29.21,77.33,21.43,16.67
2020,11,Kalmunai,27.57,76.29,1.8,18
2020,11,Kalutara,29,77.61,19.9,25.27
2020,11,Kandy,24.16,76.37,0.05,10.44
2020,11,Kegalle,29.07,72.56,18.12,14.29
2020,11,Kilinochchi,27.83,75.06,0.2,20.11
2020,11,Kurunegala,29.64,71.07,17,14.39
2020,11,Mannar,28.13,74.49,0,28.99
2020,11,Matale,27.66,67.59,2.6,11.34
2020,11,Matara,28.7,76.54,2.34,26.23
2020,11,Monaragala,24.81,70.3,3.4,13.43
2020,11,Mullaitivu,27.64,75.69,0.3,17.54
2020,11,Nuwara Eliya,21,64.84,0.01,10.83
2020,11,Polonnaruwa,27.61,75.47,1.1,14.46
2020,11,Puttalam,28.91,71.03,0.5,20.63
2020,11,Ratnapura,26.11,80.94,30.1,26.5
2020,11,Trincomalee,27.73,74.94,0.8,18.47
2020,11,Vavuniya,28.04,73.97,0.6,15.43
2020,12,Ampara,27.73,77.54,6.66,14.34
2020,12,Anuradhapura,28.73,71.04,14.84,12.7
2020,12,Badulla,22.73,79.67,9.93,11.84
2020,12,Batticaloa,28.03,78.4,2.9,17.39
2020,12,Colombo,28.61,79,62.6,16.23
2020,12,Galle,28,78.66,10.31,30.94
2020,12,Gampaha,28.53,79.51,52.38,15.66
2020,12,Hambantota,28.29,80.54,6.9,20.21
2020,12,Jaffna,28.61,79,62.6,16.23
2020,12,Kalmunai,27.76,78.77,4.49,16.76
2020,12,Kalutara,28.63,79.3,51.93,21.44
2020,12,Kandy,24.66,75.41,10.98,10.01
2020,12,Kegalle,28.2,77.64,57.08,15.57
2020,12,Kilinochchi,28.29,77.37,1.1,20.11
2020,12,Kurunegala,28.81,76.66,61.46,15.57
2020,12,Mannar,28.63,77.27,1.6,19.79
2020,12,Matale,27.51,71.16,14.77,9.81
2020,12,Matara,28.1,80.97,11.48,23.29
2020,12,Monaragala,24.5,76.21,8.84,14.74
2020,12,Mullaitivu,28.14,77.81,1.6,17.7
2020,12,Nuwara Eliya,20.43,71.5,2.1,20.17
2020,12,Polonnaruwa,28,76.29,7.81,14.44
2020,12,Puttalam,29.16,75.6,3.3,16.36
2020,12,Ratnapura,25.91,82.31,23.2,21.44
2020,12,Trincomalee,27.96,78.21,3.2,18.53
2020,12,Vavuniya,28.84,72.06,3.35,13.59
2020,13,Ampara,28.23,72.39,4.98,16.36
2020,13,Anuradhapura,28.63,70.21,0.64,14.77
2020,13,Badulla,22.91,74.49,1.12,11.5
2020,13,Batticaloa,28.4,73.73,0.2,19.44
2020,13,Colombo,29.09,78.57,7.13,15.36
2020,13,Galle,28.43,75.44,10.83,39.74
2020,13,Gampaha,28.97,78.93,5.6,15.36
2020,13,Hambantota,27.51,76.09,0.8,29.87
2020,13,Jaffna,29.09,78.57,7.13,15.36
2020,13,Kalmunai,28.14,74.01,3.18,18.9
2020,13,Kalutara,29.07,78.29,8.34,15.36
2020,13,Kandy,24.63,71.36,10.98,10.64
2020,13,Kegalle,28.59,76.73,14.92,15.36
2020,13,Kilinochchi,28.21,74.4,0,19.29
2020,13,Kurunegala,29.11,75.8,20.34,15.36
2020,13,Mannar,28.54,72.41,0.2,27.57
2020,13,Matale,27.8,67.11,12.12,11.46
2020,13,Matara,28.04,77.86,7.57,24.8
2020,13,Monaragala,24.94,71.33,2.81,15.26
2020,13,Mullaitivu,28.19,75.01,0,17.23
2020,13,Nuwara Eliya,20.81,63.96,0.08,17.36
2020,13,Polonnaruwa,28.03,73.96,3.85,13.99
2020,13,Puttalam,28.94,74.14,14.3,19.71
2020,13,Ratnapura,25.79,80.59,54.29,8.09
2020,13,Trincomalee,28.24,73.37,0.3,18.33
2020,13,Vavuniya,28.5,72.63,0.1,14.4
2020,14,Ampara,28.41,73.54,7.83,14.36
2020,14,Anuradhapura,28.73,72.5,7.55,13.31
2020,14,Badulla,23.14,74.81,5.02,9.97
2020,14,Batticaloa,28.47,76.14,0.9,15.47
2020,14,Colombo,28.89,80.04,78.5,15.87
2020,14,Galle,27.89,74.64,34.08,48.24
2020,14,Gampaha,28.74,80.29,43.33,15.87
2020,14,Hambantota,28.16,77.49,0.5,26.96
2020,14,Jaffna,28.89,80.04,78.5,15.87
2020,14,Kalmunai,28.26,76.34,4.44,16.4
2020,14,Kalutara,28.99,79.31,47.45,17.79
2020,14,Kandy,24.7,74.51,5.6,9.71
2020,14,Kegalle,28.23,78.31,45.63,15.06
2020,14,Kilinochchi,28.71,77.06,3.11,17.54
2020,14,Kurunegala,28.81,77.44,54.61,15.06
2020,14,Mannar,28.67,74.8,3.97,23.24
2020,14,Matale,27.53,70.46,10.49,9.34
2020,14,Matara,28.33,79.7,25.82,18.97
2020,14,Monaragala,24.93,71.89,10.15,12.89
2020,14,Mullaitivu,28.57,77.49,5.3,16.2
2020,14,Nuwara Eliya,20.64,68.19,9.48,14.5
2020,14,Polonnaruwa,28.29,75.69,7.01,12.44
2020,14,Puttalam,28.94,75.79,9.5,16.81
2020,14,Ratnapura,26.29,81.51,17.4,18.84
2020,14,Trincomalee,28.41,76.36,2.7,16.26
2020,14,Vavuniya,28.83,75.33,1.1,13.16
2020,15,Ampara,29.19,74.37,9.66,13.61
2020,15,Anuradhapura,29.07,74.53,6.11,11.61
2020,15,Badulla,23.44,79.47,50.88,11.37
2020,15,Batticaloa,29.19,76.53,1.2,16.99
2020,15,Colombo,28.87,79.84,121.82,22.47
2020,15,Galle,27.13,76.36,42.83,53.24
2020,15,Gampaha,28.76,80.23,89.71,21.11
2020,15,Hambantota,27.04,79.81,26.9,27.77
2020,15,Jaffna,28.87,79.84,121.82,22.47
2020,15,Kalmunai,28.93,77.33,3.2,16.36
2020,15,Kalutara,28.6,79.84,84.78,31.77
2020,15,Kandy,25.01,77.21,24.65,9.06
2020,15,Kegalle,28.2,79.59,98.58,16.34
2020,15,Kilinochchi,29.33,76.76,5.56,17.49
2020,15,Kurunegala,28.71,78.97,131.52,16.34
2020,15,Mannar,29.29,77.63,6.58,24.49
2020,15,Matale,27.33,76.07,38.83,8.17
2020,15,Matara,28.36,79.9,46.7,20.74
2020,15,Monaragala,25.27,77.24,26.79,13.34
2020,15,Mullaitivu,29.09,77.53,12.4,16
2020,15,Nuwara Eliya,20.9,74.53,1.44,15.24
2020,15,Polonnaruwa,29.31,73.39,17.02,11.89
2020,15,Puttalam,29.24,77.7,21.8,14.91
2020,15,Ratnapura,25.4,84.19,71.95,34.01
2020,15,Trincomalee,29.3,75.41,7.7,17.49
2020,15,Vavuniya,29.19,76.1,13.44,11.86
2020,16,Ampara,28.44,79.56,13.04,12.34
2020,16,Anuradhapura,28.7,77.83,70.88,11.33
2020,16,Badulla,22.77,85.93,24.48,9.21
2020,16,Batticaloa,29.04,78.54,9.9,16.53
2020,16,Colombo,27.69,80.63,163.31,33.07
2020,16,Galle,26.11,80.91,69.45,42.89
2020,16,Gampaha,27.7,81.77,164.64,32.24
2020,16,Hambantota,26.97,83.06,48.8,20.36
2020,16,Jaffna,27.69,80.63,163.31,33.07
2020,16,Kalmunai,28.67,79.64,13.75,15.23
2020,16,Kalutara,26.27,80.99,174.88,40.07
2020,16,Kandy,24.16,84.17,30.4,11.8
2020,16,Kegalle,27.51,82.93,230.98,18.5
2020,16,Kilinochchi,29.49,77.61,9.14,18.21
2020,16,Kurunegala,27.9,82.56,311.03,18.5
2020,16,Mannar,29.54,75.61,22.27,19.73
2020,16,Matale,26.51,81.36,57.1,10.13
2020,16,Matara,28,85.13,105.57,19.86
2020,16,Monaragala,24.3,85.33,18.32,10.91
2020,16,Mullaitivu,29.21,78.63,3.2,16.03
2020,16,Nuwara Eliya,19.97,87.13,43.27,11.63
2020,16,Polonnaruwa,28.77,77.06,29.51,12.09
2020,16,Puttalam,28.93,78.33,72.7,13.11
2020,16,Ratnapura,23.1,86.93,45.5,44.21
2020,16,Trincomalee,29.2,77.53,7.6,17.19
2020,16,Vavuniya,29.17,77.43,37.91,11.09
2020,17,Ampara,29.07,78.47,14.11,12.27
2020,17,Anuradhapura,28.77,79.14,64.16,10.64
2020,17,Badulla,23.76,81.83,23.7,7.56
2020,17,Batticaloa,29.54,78.27,6.4,17.69
2020,17,Colombo,28.6,83.21,87.98,24.96
2020,17,Galle,27.19,83.1,69.2,36.81
2020,17,Gampaha,28.4,84.33,88.27,24.91
2020,17,Hambantota,27.09,83.01,57,26.49
2020,17,Jaffna,28.6,83.21,87.98,24.96
2020,17,Kalmunai,29.17,79.56,10.58,15.89
2020,17,Kalutara,28.01,83.31,96.15,26.7
2020,17,Kandy,24.79,83.59,47.7,7.16
2020,17,Kegalle,28.01,83.89,111.04,14.09
2020,17,Kilinochchi,29.87,77.6,25.6,15.7
2020,17,Kurunegala,28.46,83.4,146.49,15.09
2020,17,Mannar,29.71,79.64,1.14,24.53
2020,17,Matale,26.73,82.26,58.32,8.84
2020,17,Matara,28.09,86.47,103.2,30.64
2020,17,Monaragala,24.79,84.23,20.55,7.99
2020,17,Mullaitivu,29.33,79.77,51.9,15.1
2020,17,Nuwara Eliya,20.37,86.13,13.07,11.74
2020,17,Polonnaruwa,29.5,76.04,30.98,10.07
2020,17,Puttalam,29.19,81.13,2.71,15.89
2020,17,Ratnapura,25.14,87.19,68.73,27.83
2020,17,Trincomalee,29.79,76.27,3.4,15.57
2020,17,Vavuniya,29.33,78.81,61.24,9.44
2020,18,Ampara,29.5,75.76,13.56,10.89
2020,18,Anuradhapura,29.43,76.9,39.77,10.4
2020,18,Badulla,24.47,77.63,3.5,10.47
2020,18,Batticaloa,29.61,78.39,7,16.06
2020,18,Colombo,29.8,81.8,14.51,15.23
2020,18,Galle,27.8,84.09,27.31,31.63
2020,18,Gampaha,29.57,83.01,17.23,14.6
2020,18,Hambantota,27.2,83.13,61.9,26.53
2020,18,Jaffna,29.8,81.8,14.51,15.23
2020,18,Kalmunai,29.3,79.11,12.03,14.09
2020,18,Kalutara,29.41,82.13,21.31,17.74
2020,18,Kandy,25.26,81.07,13.01,7.99
2020,18,Kegalle,28.74,83.04,28.46,14.37
2020,18,Kilinochchi,30.11,77.89,8.51,13.06
2020,18,Kurunegala,29.14,82.91,40.88,14.29
2020,18,Mannar,29.94,79.79,29.43,22.06
2020,18,Matale,27.2,80.54,15.52,10.54
2020,18,Matara,27.94,86.13,54.7,24.53
2020,18,Monaragala,25.13,82.81,22.09,8.73
2020,18,Mullaitivu,29.73,80.01,4.3,13.37
2020,18,Nuwara Eliya,20.6,83.71,17.73,11.06
2020,18,Polonnaruwa,29.63,76.41,12.78,10.09
2020,18,Puttalam,29.7,80.63,14.1,16.16
2020,18,Ratnapura,26.03,85.87,36.9,15.16
2020,18,Trincomalee,29.61,77.39,9.5,14.91
2020,18,Vavuniya,29.93,77.33,4.63,10.07
2020,19,Ampara,28.77,78.71,29.25,11.67
2020,19,Anuradhapura,28.13,83.21,132.55,10.19
2020,19,Badulla,23.2,87.96,166.88,8.01
2020,19,Batticaloa,29.2,79.31,10.3,14.99
2020,19,Colombo,27.83,84.31,84.24,33.84
2020,19,Galle,25.77,84.46,80.49,44.67
2020,19,Gampaha,27.81,85.49,67.33,33.41
2020,19,Hambantota,26.64,85.91,119.7,23.7
2020,19,Jaffna,27.83,84.31,84.24,33.84
2020,19,Kalmunai,28.83,80.39,13.16,12.9
2020,19,Kalutara,26.66,84.1,71.67,39.36
2020,19,Kandy,24.19,88.14,154.68,6.36
2020,19,Kegalle,27.61,86.83,133.24,20.16
2020,19,Kilinochchi,29.44,80.03,87.08,13.13
2020,19,Kurunegala,28,86.6,154.69,20.16
2020,19,Mannar,29.33,80.26,51.83,24.39
2020,19,Matale,26.13,86.13,154.05,9.97
2020,19,Matara,27.86,89.09,87.1,31.26
2020,19,Monaragala,24.53,86.46,114.85,10.81
2020,19,Mullaitivu,28.89,82.93,169.7,12.61
2020,19,Nuwara Eliya,20,90.71,84.42,7.23
2020,19,Polonnaruwa,28.46,82.19,114.74,8.59
2020,19,Puttalam,28.66,83.19,77.72,18.41
2020,19,Ratnapura,24.11,86.74,73.6,40.67
2020,19,Trincomalee,29.09,78.64,14.4,13.64
2020,19,Vavuniya,28.57,83.8,209.54,10.04
2020,20,Ampara,28.86,81.83,23.68,11.07
2020,20,Anuradhapura,28.2,85.83,40.93,14.24
2020,20,Badulla,24.13,84.39,75.42,12.59
2020,20,Batticaloa,29.34,79.57,51.7,21.16
2020,20,Colombo,28.13,85.54,209.01,25.67
2020,20,Galle,25.4,81.41,176.22,47.67
2020,20,Gampaha,28.29,87.91,198.39,24.36
2020,20,Hambantota,27.26,85.39,85,28.51
2020,20,Jaffna,28.13,85.54,209.01,25.67
2020,20,Kalmunai,29.11,80.29,31.53,16.81
2020,20,Kalutara,26.53,84.26,252.41,37.27
2020,20,Kandy,24.46,88.71,140.74,13.37
2020,20,Kegalle,28.19,88.77,269.07,17.17
2020,20,Kilinochchi,29.47,81.77,30.17,15.79
2020,20,Kurunegala,28.6,88.37,288.78,17.37
2020,20,Mannar,29.69,79.67,30.36,27.2
2020,20,Matale,26.2,87.76,143.92,13.13
2020,20,Matara,28.49,87.49,188.5,29.81
2020,20,Monaragala,25.41,84.6,91.6,14.11
2020,20,Mullaitivu,28.8,85.11,28.5,14.67
2020,20,Nuwara Eliya,20.54,90.34,148.97,18.26
2020,20,Polonnaruwa,28.39,83.59,56.55,16.24
2020,20,Puttalam,29.24,83.37,22.71,18.93
2020,20,Ratnapura,23.49,86.57,309.12,42.33
2020,20,Trincomalee,28.96,81.91,7.3,20.21
2020,20,Vavuniya,28.54,85.9,31.35,12.44
2020,21,Ampara,30.16,73.16,3.36,12.27
2020,21,Anuradhapura,28.8,80.31,2.72,26.74
2020,21,Badulla,24.74,77,1.46,13.74
2020,21,Batticaloa,30.41,72.13,0.5,18.61
2020,21,Colombo,29.1,85.8,17.59,25.66
2020,21,Galle,27.81,83.47,27.15,37.26
2020,21,Gampaha,28.89,88.31,32.68,24.37
2020,21,Hambantota,27.49,81.49,24.4,35.1
2020,21,Jaffna,29.1,85.8,17.59,25.66
2020,21,Kalmunai,30.07,75.39,1.7,14.6
2020,21,Kalutara,28.53,85.89,58.95,28.99
2020,21,Kandy,24.77,83.13,11.44,17.2
2020,21,Kegalle,28.1,88.23,60.69,22
2020,21,Kilinochchi,30.44,77.59,0.75,28.49
2020,21,Kurunegala,28.53,88.09,62.7,22.26
2020,21,Mannar,29.91,82.29,0.2,41.54
2020,21,Matale,26.43,83.14,20.23,21.39
2020,21,Matara,28.69,85.87,27.12,35.5
2020,21,Monaragala,26.1,76.57,18.64,17.39
2020,21,Mullaitivu,29.93,77.21,0.7,26.01
2020,21,Nuwara Eliya,20.29,87.83,44.95,19.64
2020,21,Polonnaruwa,29.41,73.46,2.5,26.29
2020,21,Puttalam,29.44,82.01,5.6,31.59
2020,21,Ratnapura,25.6,86.76,279.38,29.41
2020,21,Trincomalee,30.2,71.87,1.2,30.24
2020,21,Vavuniya,29.53,78.33,6.3,24.63
2020,22,Ampara,30.2,72.99,6.43,14.07
2020,22,Anuradhapura,28.66,79.41,4.22,22.11
2020,22,Badulla,24.61,81.39,23.11,9.41
2020,22,Batticaloa,29.8,78.5,6.1,14.31
2020,22,Colombo,29.16,86.33,64.8,27.3
2020,22,Galle,27.57,84.31,24.36,40.29
2020,22,Gampaha,28.87,88.89,80.58,27.3
2020,22,Hambantota,27.27,83.99,22.3,30.19
2020,22,Jaffna,29.16,86.33,64.8,27.3
2020,22,Kalmunai,29.66,78.29,8.58,14.41
2020,22,Kalutara,29.16,86.21,74.46,27.39
2020,22,Kandy,25.37,81.71,2.45,12.84
2020,22,Kegalle,28.16,87.51,68.79,27.3
2020,22,Kilinochchi,30.06,77.4,1.1,29.01
2020,22,Kurunegala,28.57,87.17,68.64,27.3
2020,22,Mannar,29.36,82.99,5.6,40.73
2020,22,Matale,26.91,80.87,4.91,19.07
2020,22,Matara,28,86.97,26.8,34.87
2020,22,Monaragala,26.3,76.36,19.22,16.26
2020,22,Mullaitivu,29.76,76.46,2.7,23.71
2020,22,Nuwara Eliya,20.84,86.51,40.66,12.24
2020,22,Polonnaruwa,29.87,71.29,3.47,20.87
2020,22,Puttalam,28.94,83.21,12.8,26.59
2020,22,Ratnapura,26.56,86.53,85.51,17.94
2020,22,Trincomalee,30.34,70.14,10.3,23.21
2020,22,Vavuniya,29.31,78.17,8.7,21.81
2020,23,Ampara,30.09,66.81,4.44,11.54
2020,23,Anuradhapura,28,78.2,5.87,23.2
2020,23,Badulla,23.61,74.49,11.88,13.33
2020,23,Batticaloa,29.71,73.26,2.6,16.93
2020,23,Colombo,28.21,86.97,154.47,21.99
2020,23,Galle,27.64,79.9,28.43,34.34
2020,23,Gampaha,28.03,89.31,124.86,21.14
2020,23,Hambantota,28.86,78.71,1.2,30.03
2020,23,Jaffna,28.21,86.97,154.47,21.99
2020,23,Kalmunai,29.63,74.06,4.2,13.33
2020,23,Kalutara,28.24,86.51,144.32,24.33
2020,23,Kandy,24.17,76.89,24.98,14.83
2020,23,Kegalle,27.31,87.04,137.06,21.14
2020,23,Kilinochchi,29.9,74.66,1.03,32.81
2020,23,Kurunegala,27.69,86.84,159.19,21.7
2020,23,Mannar,29,81.31,3.89,43.36
2020,23,Matale,25.96,77.04,33,19.5
2020,23,Matara,28.34,81.37,27.08,32.01
2020,23,Monaragala,25.86,67.61,17.86,20.26
2020,23,Mullaitivu,29.47,74.13,1.2,27.87
2020,23,Nuwara Eliya,19.7,79.6,27.65,19.1
2020,23,Polonnaruwa,29.19,67.73,6.22,24.43
2020,23,Puttalam,28.4,81.97,38.7,28.16
2020,23,Ratnapura,25.46,83.03,65.83,21.17
2020,23,Trincomalee,29.84,67.69,2.3,27
2020,23,Vavuniya,28.93,76.11,4.1,23.89
2020,24,Ampara,30.83,66.21,4.3,11.39
2020,24,Anuradhapura,28.74,78.09,2.33,24.61
2020,24,Badulla,24.8,74,17.93,16.64
2020,24,Batticaloa,30.53,69.3,1.8,13.99
2020,24,Colombo,29.4,83.54,73.67,21.76
2020,24,Galle,27.73,83.19,30.32,38.87
2020,24,Gampaha,29.11,85.81,74.48,21.06
2020,24,Hambantota,28.91,78.63,20.6,39.39
2020,24,Jaffna,29.4,83.54,73.67,21.76
2020,24,Kalmunai,30.27,71.96,1.73,11.64
2020,24,Kalutara,29.44,83.4,79.08,31.24
2020,24,Kandy,24.76,79.69,29.42,19.54
2020,24,Kegalle,28.24,85.6,87.67,19.56
2020,24,Kilinochchi,30.39,74.83,0.1,28.03
2020,24,Kurunegala,28.63,85.26,89.72,20.16
2020,24,Mannar,29.26,82.69,0.2,40.17
2020,24,Matale,26.39,81.07,28.35,21.26
2020,24,Matara,28.56,81.17,48.72,32.74
2020,24,Monaragala,26.8,70.21,12.13,22.21
2020,24,Mullaitivu,30.11,73.69,1.2,24.96
2020,24,Nuwara Eliya,20.06,86.44,34.6,25.47
2020,24,Polonnaruwa,30.07,67.7,15.39,26.23
2020,24,Puttalam,29.03,82.36,10,29.51
2020,24,Ratnapura,26.71,85.56,59.83,34.34
2020,24,Trincomalee,30.39,68.34,1.1,28.17
2020,24,Vavuniya,29.86,74.73,2.3,23.14
2020,25,Ampara,30.24,70.69,23.21,10.81
2020,25,Anuradhapura,29.03,76.5,5.6,23.03
2020,25,Badulla,25.27,70.31,2.52,14.97
2020,25,Batticaloa,30.49,70.34,9.4,14.93
2020,25,Colombo,29.41,79.01,13.81,25.63
2020,25,Galle,27.74,82.57,14.66,40.54
2020,25,Gampaha,29.26,79.39,10.04,19.5
2020,25,Hambantota,29.53,77.09,1.1,38.73
2020,25,Jaffna,29.41,79.01,13.81,25.63
2020,25,Kalmunai,30.11,72.86,14.95,12.53
2020,25,Kalutara,29.23,78.4,21.01,34.53
2020,25,Kandy,24.84,79.24,6.98,18.91
2020,25,Kegalle,28.54,79.77,8.82,20.56
2020,25,Kilinochchi,30.56,73.96,0.75,25.01
2020,25,Kurunegala,29.04,78.9,3.01,19.04
2020,25,Mannar,29.24,82.13,0.5,36.24
2020,25,Matale,26.56,80.41,5.4,19.79
2020,25,Matara,29,79.83,12.28,34.54
2020,25,Monaragala,26.63,71.76,16.02,20.31
2020,25,Mullaitivu,30.34,72.97,4.5,23.4
2020,25,Nuwara Eliya,20.16,85.66,10.83,22.9
2020,25,Polonnaruwa,30.27,67.04,7.03,24.69
2020,25,Puttalam,29.07,81.71,2.9,28.34
2020,25,Ratnapura,26.24,84.97,71.29,34.6
2020,25,Trincomalee,30.34,68.71,22.6,26.86
2020,25,Vavuniya,30.2,72.91,3.16,21.46
2020,26,Ampara,28.6,78.7,62.16,9.46
2020,26,Anuradhapura,27.86,80.36,22.2,19.14
2020,26,Badulla,23.73,78.41,145.93,13.57
2020,26,Batticaloa,28.86,78.04,37.9,15.33
2020,26,Colombo,28.74,80.94,17.81,19.7
2020,26,Galle,27.34,82.94,55.88,32
2020,26,Gampaha,28.73,81.47,18.06,19.23
2020,26,Hambantota,28.57,81.7,60.9,28.53
2020,26,Jaffna,28.74,80.94,17.81,19.7
2020,26,Kalmunai,28.69,79.16,39.84,13.4
2020,26,Kalutara,28.27,80.79,36.94,25.29
2020,26,Kandy,24.37,80.2,68.19,13.27
2020,26,Kegalle,28.07,81.34,34.53,19.09
2020,26,Kilinochchi,29.24,77.01,20.5,20.43
2020,26,Kurunegala,28.57,80.36,9.76,19.34
2020,26,Mannar,28.57,80.8,8.69,31.61
2020,26,Matale,26.09,80.13,58.42,16.81
2020,26,Matara,28.59,83.89,47.05,27.37
2020,26,Monaragala,24.99,79.04,87.39,18.96
2020,26,Mullaitivu,28.76,79.17,64.5,19.03
2020,26,Nuwara Eliya,19.6,86.94,36.7,19.43
2020,26,Polonnaruwa,28.69,74.2,60.34,18.47
2020,26,Puttalam,28.49,81.29,10.21,23.81
2020,26,Ratnapura,25.34,85.67,128.48,26.9
2020,26,Trincomalee,28.74,74.9,14.6,20.73
2020,26,Vavuniya,28.59,79.51,65.71,17.29
2020,27,Ampara,29.79,70.34,4.7,15.01
2020,27,Anuradhapura,28.53,76.6,3.5,23.86
2020,27,Badulla,24.74,71.63,7.3,12.33
2020,27,Batticaloa,29.79,73.66,1.3,13.83
2020,27,Colombo,29.07,81.26,22.98,23.07
2020,27,Galle,27.83,82.9,42.61,30.76
2020,27,Gampaha,28.99,82.07,16.76,22.26
2020,27,Hambantota,28.51,84.2,18.5,29.89
2020,27,Jaffna,29.07,81.26,22.98,23.07
2020,27,Kalmunai,29.63,73.99,1.7,13.47
2020,27,Kalutara,29.03,81.27,31.63,22.84
2020,27,Kandy,24.89,76.54,5.06,17.73
2020,27,Kegalle,28.3,81.17,13.27,22.26
2020,27,Kilinochchi,29.46,76.54,9.6,26.9
2020,27,Kurunegala,28.9,79.73,8.21,22.77
2020,27,Mannar,28.47,82.51,14.1,42.01
2020,27,Matale,26.36,78.34,4.81,20.69
2020,27,Matara,28.67,85.29,49.32,28.04
2020,27,Monaragala,26.03,72.94,3.43,18.17
2020,27,Mullaitivu,29.37,75.59,4.4,23.87
2020,27,Nuwara Eliya,19.9,85.06,12.57,23.57
2020,27,Polonnaruwa,29.67,67.09,1.2,23.57
2020,27,Puttalam,28.67,80.49,10,29.43
2020,27,Ratnapura,25.56,86.3,56.09,13.33
2020,27,Trincomalee,29.8,68.47,0.6,25.5
2020,27,Vavuniya,29.29,75.2,2.1,22.79
2020,28,Ampara,28.83,77.27,18.29,11.73
2020,28,Anuradhapura,27.7,80.8,124.31,23.9
2020,28,Badulla,23.71,79.71,56.46,9.11
2020,28,Batticaloa,28.93,78.26,16.5,15.63
2020,28,Colombo,28.39,84.36,35.21,19.16
2020,28,Galle,27.81,82.3,12.84,34.44
2020,28,Gampaha,28.21,86.01,37.88,18.23
2020,28,Hambantota,28.6,81.77,2.71,27.61
2020,28,Jaffna,28.39,84.36,35.21,19.16
2020,28,Kalmunai,28.67,79.71,19.25,14.7
2020,28,Kalutara,28.41,84.27,77.12,22.47
2020,28,Kandy,24.29,81.23,45.4,12.86
2020,28,Kegalle,27.6,85.09,65.29,18.14
2020,28,Kilinochchi,28.91,79.33,25.04,20.59
2020,28,Kurunegala,28.2,83.63,56.33,18.23
2020,28,Mannar,28.3,82.37,9.83,32.5
2020,28,Matale,25.91,81.46,45.23,16.76
2020,28,Matara,28.86,82.93,9.9,31.09
2020,28,Monaragala,25.39,76.89,22.92,12.44
2020,28,Mullaitivu,28.4,81.56,76.2,18.71
2020,28,Nuwara Eliya,19.67,86.61,19.8,15.3
2020,28,Polonnaruwa,28.79,73.27,57.6,17.7
2020,28,Puttalam,28.39,81.56,18.21,22.73
2020,28,Ratnapura,25.6,86.79,354.63,23.36
2020,28,Trincomalee,28.7,75.11,28,20.23
2020,28,Vavuniya,28.41,80.59,76.09,18.11
2020,29,Ampara,28.7,77.59,31.77,15.77
2020,29,Anuradhapura,27.76,80.53,8.38,18
2020,29,Badulla,23.31,81.31,54.1,10.97
2020,29,Batticaloa,28.96,78.53,24.9,19.96
2020,29,Colombo,28,86.64,138.32,19.11
2020,29,Galle,27.33,83.16,209.78,36.14
2020,29,Gampaha,27.87,88.81,125.99,19.27
2020,29,Hambantota,27.94,84,81.01,28.44
2020,29,Jaffna,28,86.64,138.32,19.11
2020,29,Kalmunai,28.69,79.5,29.99,18.44
2020,29,Kalutara,27.89,85.74,153.61,20.34
2020,29,Kandy,24.09,82.49,35.69,13.06
2020,29,Kegalle,27.26,88.09,85.07,16.63
2020,29,Kilinochchi,29.04,79.03,47.68,17.6
2020,29,Kurunegala,27.77,86.94,86.94,17.39
2020,29,Mannar,28.43,81.87,2.74,30.86
2020,29,Matale,25.61,83.51,32.92,15.01
2020,29,Matara,28.11,86.51,286.83,29.16
2020,29,Monaragala,24.89,79.14,46.8,14.46
2020,29,Mullaitivu,28.44,82.37,93,17.23
2020,29,Nuwara Eliya,19.41,87.47,33.04,15.2
2020,29,Polonnaruwa,28.66,74.14,18.18,16.47
2020,29,Puttalam,28.23,82.1,83.59,22.14
2020,29,Ratnapura,25.41,86.64,90,18.69
2020,29,Trincomalee,28.8,75.53,14.4,18.63
2020,29,Vavuniya,28.43,81.03,92.18,16.1
2020,30,Ampara,28.24,76,18.68,13.31
2020,30,Anuradhapura,27.26,80.17,9.69,19.5
2020,30,Badulla,22.71,81.64,38.65,11.56
2020,30,Batticaloa,28.69,76.81,9.9,17.86
2020,30,Colombo,27.36,85.7,54.94,21.76
2020,30,Galle,27.27,85.1,51.28,31.53
2020,30,Gampaha,27.29,86.4,112.11,20.9
2020,30,Hambantota,27.46,84.81,8.11,27.86
2020,30,Jaffna,27.36,85.7,54.94,21.76
2020,30,Kalmunai,28.43,77.3,14.19,16.09
2020,30,Kalutara,27.21,85.19,53.6,25.11
2020,30,Kandy,23.56,81.24,1.6,12.73
2020,30,Kegalle,26.81,84.86,87.4,20.84
2020,30,Kilinochchi,28.8,77.26,14.38,22.17
2020,30,Kurunegala,27.4,83.67,130.1,21.14
2020,30,Mannar,28.04,81.84,8.95,33.83
2020,30,Matale,25.36,80.74,4.53,17.83
2020,30,Matara,27.8,87.57,49.16,25.41
2020,30,Monaragala,24.39,77.64,28.79,17.8
2020,30,Mullaitivu,28.27,80.3,17.7,19.63
2020,30,Nuwara Eliya,19.04,85.79,4.71,19.47
2020,30,Polonnaruwa,28.09,74.13,10.09,17.61
2020,30,Puttalam,27.69,83.16,4.6,23.97
2020,30,Ratnapura,24.66,86.03,26.9,25.06
2020,30,Trincomalee,28.36,74.86,29.4,19.29
2020,30,Vavuniya,27.96,80.67,16.5,18.44
2020,31,Ampara,28.61,73.19,8.06,12.57
2020,31,Anuradhapura,27.3,80.57,32.05,24.89
2020,31,Badulla,23.21,79.27,13.01,20.07
2020,31,Batticaloa,29.06,71.87,14.9,17.23
2020,31,Colombo,28.04,82.24,77.52,24.36
2020,31,Galle,27.31,85.84,50.04,34.04
2020,31,Gampaha,27.9,82.51,65.23,19.86
2020,31,Hambantota,27.37,86.93,20.6,33.83
2020,31,Jaffna,28.04,82.24,77.52,24.36
2020,31,Kalmunai,28.81,73.54,10.31,13.59
2020,31,Kalutara,28.14,81.8,100.66,30.07
2020,31,Kandy,23.21,85.14,50.18,18.56
2020,31,Kegalle,27.14,83.01,85.05,20.74
2020,31,Kilinochchi,28.66,78.3,58.02,26.27
2020,31,Kurunegala,27.64,82.19,101.04,18.83
2020,31,Mannar,28.03,82.31,11.82,39.34
2020,31,Matale,24.77,86.66,55.07,20.59
2020,31,Matara,27.79,89.86,63.03,31.54
2020,31,Monaragala,24.94,75.87,19.81,27
2020,31,Mullaitivu,28.36,79.96,26.7,23.6
2020,31,Nuwara Eliya,18.79,90.07,64.41,29.81
2020,31,Polonnaruwa,28.04,73.91,31,24.64
2020,31,Puttalam,27.93,82.36,13.9,29.73
2020,31,Ratnapura,24.76,88.69,89.39,31.99
2020,31,Trincomalee,28.43,74.24,16,27.56
2020,31,Vavuniya,28.11,80.19,27.34,23.16
2020,32,Ampara,28.94,70.59,4.05,14.74
2020,32,Anuradhapura,27.3,80.9,8.88,26.17
2020,32,Badulla,23.43,77.5,31.79,24.29
2020,32,Batticaloa,29.51,68.79,4.7,21.7
2020,32,Colombo,27.73,83.76,138.67,23.13
2020,32,Galle,27.39,86.31,72.74,45.6
2020,32,Gampaha,27.57,84.27,121.6,19.49
2020,32,Hambantota,27.46,86.63,46.31,29.89
2020,32,Jaffna,27.73,83.76,138.67,23.13
2020,32,Kalmunai,29.09,71.14,5.18,16.49
2020,32,Kalutara,27.8,82.99,143.99,37.4
2020,32,Kandy,23.26,84.81,94.1,21.64
2020,32,Kegalle,26.86,84.56,160.82,19.57
2020,32,Kilinochchi,28.89,77.51,16.17,31.26
2020,32,Kurunegala,27.34,83.84,142.33,19.3
2020,32,Mannar,27.87,83.53,6.46,42.21
2020,32,Matale,24.71,87.49,87.16,21.31
2020,32,Matara,27.84,89.29,103.44,28.29
2020,32,Monaragala,24.74,78.27,53.59,32.3
2020,32,Mullaitivu,28.7,77.87,9.1,28.29
2020,32,Nuwara Eliya,18.76,90.49,181,34.53
2020,32,Polonnaruwa,28.27,72.81,21.54,28.4
2020,32,Puttalam,27.59,84.11,40.3,30.39
2020,32,Ratnapura,25.36,86.74,111.4,41.96
2020,32,Trincomalee,28.74,72.43,1.1,31.79
2020,32,Vavuniya,28.41,78.53,13.08,26.9
2020,33,Ampara,29.63,66.81,8.89,11.41
2020,33,Anuradhapura,27.97,75.19,0.9,23.64
2020,33,Badulla,23.84,70.1,28.34,17.16
2020,33,Batticaloa,29.27,70.73,10.2,15.57
2020,33,Colombo,28.31,79.66,1.08,18.31
2020,33,Galle,27.36,85.47,41.28,35.33
2020,33,Gampaha,28.13,80.11,2.31,18.23
2020,33,Hambantota,28.3,80.41,6,28.13
2020,33,Jaffna,28.31,79.66,1.08,18.31
2020,33,Kalmunai,28.99,73.93,7.39,13.09
2020,33,Kalutara,28.33,79.44,7.86,18.27
2020,33,Kandy,23.46,78.51,5.32,18.49
2020,33,Kegalle,27.46,79.54,3.18,18.23
2020,33,Kilinochchi,29.03,75.49,0.3,25.66
2020,33,Kurunegala,28.03,78.5,0.91,18.23
2020,33,Mannar,27.79,84.3,0.2,37.04
2020,33,Matale,25.51,78.11,4.98,19.64
2020,33,Matara,28.33,84.04,36.63,26.43
2020,33,Monaragala,25.54,69.51,14.44,24.57
2020,33,Mullaitivu,29.06,72.57,0.3,23.09
2020,33,Nuwara Eliya,19.07,83.1,6.58,26.56
2020,33,Polonnaruwa,29.14,65.36,2.72,24.94
2020,33,Puttalam,27.8,82.34,1.8,27.31
2020,33,Ratnapura,25.39,82.4,19.2,15.91
2020,33,Trincomalee,29.5,66.33,0,26.34
2020,33,Vavuniya,28.97,71.96,0.9,22.89
2020,34,Ampara,29.66,70.61,3.84,16.57
2020,34,Anuradhapura,28.69,73.93,1.9,20.21
2020,34,Badulla,24.94,65.96,22.58,9.26
2020,34,Batticaloa,29.11,77.4,0.4,20.86
2020,34,Colombo,28.93,77.44,1.46,18.83
2020,34,Galle,28.16,81.14,5.2,35.87
2020,34,Gampaha,28.73,77.9,1.5,18.79
2020,34,Hambantota,28.96,80.33,0,25.8
2020,34,Jaffna,28.93,77.44,1.46,18.83
2020,34,Kalmunai,29.11,76.89,0.4,19.06
2020,34,Kalutara,29.04,76.83,2.41,23.21
2020,34,Kandy,24.61,77.71,1.32,11.16
2020,34,Kegalle,28.11,77.5,3.83,18.79
2020,34,Kilinochchi,29.63,73.6,0.3,21.39
2020,34,Kurunegala,28.63,76.69,0.92,19.04
2020,34,Mannar,27.93,83.94,1.6,34.36
2020,34,Matale,26.37,76.6,2.71,17.13
2020,34,Matara,29.11,82.2,0.3,24.87
2020,34,Monaragala,26.1,69.11,17.76,12.67
2020,34,Mullaitivu,29.46,73.41,1.1,19.23
2020,34,Nuwara Eliya,19.8,81.8,35.54,12.24
2020,34,Polonnaruwa,30.06,64.71,1.9,18.19
2020,34,Puttalam,28.16,81.86,3.3,23.97
2020,34,Ratnapura,26.61,80.71,0.8,23.76
2020,34,Trincomalee,29.74,69.33,1.1,20.69
2020,34,Vavuniya,29.8,70.36,0.9,19.37
2020,35,Ampara,29.29,71.13,47.68,14.11
2020,35,Anuradhapura,28.66,72.8,32.18,18.94
2020,35,Badulla,23.79,73.69,96.98,7.24
2020,35,Batticaloa,29.01,75.33,27.4,18.61
2020,35,Colombo,29.01,77,0.72,18.56
2020,35,Galle,28.37,82.81,21.19,30.13
2020,35,Gampaha,28.89,77.27,1.14,16.77
2020,35,Hambantota,28.71,77.86,6.7,28.54
2020,35,Jaffna,29.01,77,0.72,18.56
2020,35,Kalmunai,28.89,75.7,31.99,16.41
2020,35,Kalutara,29.04,76.91,4.17,26.99
2020,35,Kandy,24.13,79.36,2.28,10.54
2020,35,Kegalle,28.21,76.81,4.54,16.64
2020,35,Kilinochchi,29.67,72.6,4.11,19.64
2020,35,Kurunegala,28.83,75.37,0.13,16.89
2020,35,Mannar,28.24,82.61,0.2,34.29
2020,35,Matale,26.17,76.81,7.53,16.6
2020,35,Matara,29.06,80.9,15.74,26.39
2020,35,Monaragala,25.36,72.1,67.04,11.74
2020,35,Mullaitivu,29.43,72.06,17.9,17.54
2020,35,Nuwara Eliya,19,85.89,47.47,11.99
2020,35,Polonnaruwa,29.67,65.17,19.85,18.67
2020,35,Puttalam,28.44,79.97,0.6,22.87
2020,35,Ratnapura,25.71,82.46,9.1,27.77
2020,35,Trincomalee,29.47,69.5,18.2,20.27
2020,35,Vavuniya,29.69,69.5,20.82,17.21
2020,36,Ampara,27.49,81.19,42.73,11.11
2020,36,Anuradhapura,26.84,81.06,25.96,19.33
2020,36,Badulla,22.57,82.03,79.42,14.04
2020,36,Batticaloa,27.83,80.41,49.4,17.19
2020,36,Colombo,26.91,84.77,395.11,23.91
2020,36,Galle,26.66,85.34,246.55,42.06
2020,36,Gampaha,26.77,85.2,356.88,21.23
2020,36,Hambantota,27.03,83,63.51,37.5
2020,36,Jaffna,26.91,84.77,395.11,23.91
2020,36,Kalmunai,27.63,81.07,38.57,14.19
2020,36,Kalutara,26.41,84.03,380.38,32.94
2020,36,Kandy,23.04,84.29,50.62,12.91
2020,36,Kegalle,26.24,84.97,366.9,16.73
2020,36,Kilinochchi,28.06,79.79,112.26,22.06
2020,36,Kurunegala,26.7,83.99,413.09,16.73
2020,36,Mannar,27.66,82.61,200.92,32.99
2020,36,Matale,24.7,83.64,67.07,16.71
2020,36,Matara,27.26,86.11,269.07,29.81
2020,36,Monaragala,24,81.4,55.81,19.36
2020,36,Mullaitivu,27.73,79.51,41.1,19.96
2020,36,Nuwara Eliya,18.64,89.56,24,23.07
2020,36,Polonnaruwa,27.67,74.89,55.15,19.64
2020,36,Puttalam,27.39,83.86,38.6,23.31
2020,36,Ratnapura,24.11,88.09,195.62,35.06
2020,36,Trincomalee,27.91,76.59,92,21.76
2020,36,Vavuniya,27.5,79.83,43.73,18.26
2020,37,Ampara,28.66,74.31,6.2,12.4
2020,37,Anuradhapura,27.23,81.71,24.77,23.66
2020,37,Badulla,23.33,78.13,9.87,21.14
2020,37,Batticaloa,28.83,75.29,4.5,12.46
2020,37,Colombo,27.61,84.57,330.48,21.44
2020,37,Galle,27.19,88,83.62,30.47
2020,37,Gampaha,27.6,84.79,235.6,21.14
2020,37,Hambantota,27.59,84.69,41.8,29.83
2020,37,Jaffna,27.61,84.57,330.48,21.44
2020,37,Kalmunai,28.66,76.01,6.3,12.1
2020,37,Kalutara,27.49,84.79,282.29,24.26
2020,37,Kandy,23.53,82.3,35.32,16.51
2020,37,Kegalle,26.9,84.86,185.47,21.14
2020,37,Kilinochchi,28.43,79.31,12.54,27.33
2020,37,Kurunegala,27.37,84.19,186.46,21.4
2020,37,Mannar,27.84,83.39,2.98,40.57
2020,37,Matale,25.06,84.13,37.97,19.29
2020,37,Matara,27.9,87.53,112.13,28.07
2020,37,Monaragala,25,75.07,10.03,29.67
2020,37,Mullaitivu,28.36,77.71,7.8,24.53
2020,37,Nuwara Eliya,18.91,88.94,33.88,30.1
2020,37,Polonnaruwa,28.39,71.56,14.02,24.63
2020,37,Puttalam,27.71,84.13,17.1,27.61
2020,37,Ratnapura,24.4,88.66,106.2,19.44
2020,37,Trincomalee,28.53,72.63,2.3,27.4
2020,37,Vavuniya,28.09,78.83,1.3,24.01
2020,38,Ampara,29.13,70.67,2.58,13.23
2020,38,Anuradhapura,27.63,79.43,11.22,26.64
2020,38,Badulla,23.86,74.49,35.77,22.19
2020,38,Batticaloa,29.3,71.46,1.8,16.2
2020,38,Colombo,28.04,82.69,110.94,22.51
2020,38,Galle,27.39,86.96,30.25,36.46
2020,38,Gampaha,27.96,82.87,106.65,22.51
2020,38,Hambantota,27.46,86.74,44.8,33.13
2020,38,Jaffna,28.04,82.69,110.94,22.51
2020,38,Kalmunai,29.07,73.03,1.7,12.87
2020,38,Kalutara,27.9,82.99,138.52,23.4
2020,38,Kandy,23.53,83.57,109.74,19.99
2020,38,Kegalle,27.23,83.69,142.49,21.74
2020,38,Kilinochchi,28.97,76.77,2.52,31.11
2020,38,Kurunegala,27.69,83.11,126.87,22.04
2020,38,Mannar,27.9,83.43,2.7,42.16
2020,38,Matale,24.93,85.94,98.51,21.43
2020,38,Matara,27.89,88.49,66.9,29.26
2020,38,Monaragala,25.23,74.14,43.52,29.94
2020,38,Mullaitivu,29.01,74.6,2.8,28.2
2020,38,Nuwara Eliya,19.09,89.14,118.22,32.94
2020,38,Polonnaruwa,28.69,70.37,22.01,28.27
2020,38,Puttalam,27.96,82.76,16.6,31.9
2020,38,Ratnapura,24.7,89,178.58,16.91
2020,38,Trincomalee,29.03,70.23,0.7,31.57
2020,38,Vavuniya,28.8,75.1,4.6,27.1
2020,39,Ampara,28.21,78.03,32.48,13.41
2020,39,Anuradhapura,27.2,80.47,2.94,22.24
2020,39,Badulla,22.96,81.64,54.13,10.83
2020,39,Batticaloa,28.29,79.19,15.6,14.83
2020,39,Colombo,26.84,84.43,94.76,26.51
2020,39,Galle,25.3,83.44,45.52,52.14
2020,39,Gampaha,26.96,85.33,64.58,21.79
2020,39,Hambantota,27.73,85.21,28.53,27.04
2020,39,Jaffna,26.84,84.43,94.76,26.51
2020,39,Kalmunai,28.17,79.46,22.59,14.59
2020,39,Kalutara,25.6,82.76,83.65,45.43
2020,39,Kandy,23.21,85.2,10.95,12.9
2020,39,Kegalle,26.51,85.6,72.32,16.64
2020,39,Kilinochchi,28.79,76.57,7.5,25.3
2020,39,Kurunegala,27.01,84.54,91.77,17
2020,39,Mannar,27.57,84.44,7.64,37.26
2020,39,Matale,24.8,84.86,21.36,17.29
2020,39,Matara,27.69,87.2,70.9,27.29
2020,39,Monaragala,24.5,79.3,54.56,15.7
2020,39,Mullaitivu,28.74,75.23,6.4,22.99
2020,39,Nuwara Eliya,18.93,90.4,14.2,16.09
2020,39,Polonnaruwa,28.19,72.71,33.49,20.17
2020,39,Puttalam,27.53,83.87,18.1,25.5
2020,39,Ratnapura,23.06,86.11,60.8,52.14
2020,39,Trincomalee,28.36,74.04,138.7,22.67
2020,39,Vavuniya,28.5,76.04,8.94,21.76
2020,40,Ampara,29,68.71,6,12.13
2020,40,Anuradhapura,27.43,77.36,1.06,23.57
2020,40,Badulla,23.34,73.24,1.79,15.89
2020,40,Batticaloa,28.63,72.74,8.4,16.67
2020,40,Colombo,27.8,80.79,59.17,19.77
2020,40,Galle,26.56,81.31,39.72,33.77
2020,40,Gampaha,27.79,81.53,39.84,17.94
2020,40,Hambantota,27.8,80.79,10.3,33.79
2020,40,Jaffna,27.8,80.79,59.17,19.77
2020,40,Kalmunai,28.47,74.1,7.58,13.34
2020,40,Kalutara,27.17,79.91,45.24,26.96
2020,40,Kandy,23.16,82.24,20.97,18.37
2020,40,Kegalle,26.99,82.1,50.28,17.47
2020,40,Kilinochchi,28.71,74.57,55.33,25.91
2020,40,Kurunegala,27.43,81.84,64.57,18.57
2020,40,Mannar,27.81,81.44,0.65,37.24
2020,40,Matale,24.81,83.31,24.51,20.56
2020,40,Matara,27.93,82.34,44.71,32.01
2020,40,Monaragala,25.13,70.13,1.95,21.67
2020,40,Mullaitivu,28.93,70.81,1.8,24.24
2020,40,Nuwara Eliya,18.7,84.94,4.73,24.67
2020,40,Polonnaruwa,28.41,69.2,6.37,25.41
2020,40,Puttalam,27.81,81.33,4.6,27.06
2020,40,Ratnapura,24.27,84.5,63.69,29.31
2020,40,Trincomalee,28.81,69.44,0.7,28.26
2020,40,Vavuniya,28.79,70.61,1.7,22.43
2020,41,Ampara,29.03,69.71,11.91,12.06
2020,41,Anuradhapura,27.7,76.96,3.6,22.43
2020,41,Badulla,23.81,69.73,8.53,15.21
2020,41,Batticaloa,28.67,73.59,2.6,21.36
2020,41,Colombo,27.91,81.69,59.59,19.76
2020,41,Galle,27.11,84.86,57.72,46.69
2020,41,Gampaha,27.7,82.1,48.86,17.86
2020,41,Hambantota,27.74,79.51,8.31,33.17
2020,41,Jaffna,27.91,81.69,59.59,19.76
2020,41,Kalmunai,28.49,75.57,9.17,17.97
2020,41,Kalutara,27.81,81.8,53.87,28.99
2020,41,Kandy,23.3,82.03,17.87,15.03
2020,41,Kegalle,26.94,82.11,33.9,17.86
2020,41,Kilinochchi,28.89,75.89,21.56,22.67
2020,41,Kurunegala,27.43,81.49,32,18.11
2020,41,Mannar,27.89,82.79,31.57,34.77
2020,41,Matale,24.91,82.57,14.09,19.29
2020,41,Matara,27.46,82.34,56.73,43.8
2020,41,Monaragala,25.21,71.73,23.12,19.46
2020,41,Mullaitivu,28.69,74.77,58.8,20.97
2020,41,Nuwara Eliya,18.67,86.54,43.32,21.64
2020,41,Polonnaruwa,28.79,67.84,5.64,23.9
2020,41,Puttalam,27.86,81.39,12.2,26.09
2020,41,Ratnapura,24.73,86.97,82.99,29.57
2020,41,Trincomalee,28.9,70.04,13.3,25.03
2020,41,Vavuniya,28.7,73.17,58.52,21.24
2020,42,Ampara,29.53,65.66,0.63,13.96
2020,42,Anuradhapura,27.6,77.33,32.82,25.41
2020,42,Badulla,24.53,64.76,9.03,22.47
2020,42,Batticaloa,29.33,67.69,10,21.29
2020,42,Colombo,28.06,82.41,80.98,23.76
2020,42,Galle,27.31,85.53,91.59,41.56
2020,42,Gampaha,27.97,82.11,61.02,17.6
2020,42,Hambantota,28.53,78.24,4.7,32.14
2020,42,Jaffna,28.06,82.41,80.98,23.76
2020,42,Kalmunai,29,70.07,3.1,17.3
2020,42,Kalutara,28.09,81.97,82.74,23.03
2020,42,Kandy,23.3,83.06,37.39,20.29
2020,42,Kegalle,27.21,82.1,70.7,16.43
2020,42,Kilinochchi,28.93,75.11,2.9,27.61
2020,42,Kurunegala,27.61,81.56,67.01,17.2
2020,42,Mannar,27.9,82.31,2.4,36.47
2020,42,Matale,24.97,84.01,36.59,20.94
2020,42,Matara,28.3,81.43,79.46,31.79
2020,42,Monaragala,25.57,69.16,15.91,29.6
2020,42,Mullaitivu,28.87,73.16,11.1,25.44
2020,42,Nuwara Eliya,18.81,85.49,62.2,31.61
2020,42,Polonnaruwa,28.73,68.69,24.55,27.66
2020,42,Puttalam,27.83,82.43,20,28.29
2020,42,Ratnapura,24.73,87.1,81.8,22.37
2020,42,Trincomalee,28.94,70.33,24.1,29.83
2020,42,Vavuniya,28.86,71.87,4.89,24.66
2020,43,Ampara,29.7,66.87,37.05,10.59
2020,43,Anuradhapura,27.83,77.1,6.22,21.03
2020,43,Badulla,24.46,66.51,7.37,17.09
2020,43,Batticaloa,29.07,72.29,48.9,15.29
2020,43,Colombo,28.59,79.74,8.57,18.83
2020,43,Galle,27.29,85.2,21.2,30.9
2020,43,Gampaha,28.46,80.14,8.15,17.7
2020,43,Hambantota,29.01,76.19,0.4,33.49
2020,43,Jaffna,28.59,79.74,8.57,18.83
2020,43,Kalmunai,28.97,73.31,48.51,13.47
2020,43,Kalutara,28.56,79.5,11.76,24.97
2020,43,Kandy,23.39,81.27,4.52,19.24
2020,43,Kegalle,27.69,80.31,10.13,17.16
2020,43,Kilinochchi,28.86,76.6,12.2,20.56
2020,43,Kurunegala,27.97,79.87,10.2,17.67
2020,43,Mannar,27.96,82.21,0.36,31.19
2020,43,Matale,25,81.9,8.91,20.31
2020,43,Matara,28.64,80.13,17.25,31.84
2020,43,Monaragala,25.63,70.87,11.06,19.3
2020,43,Mullaitivu,28.8,74.63,8.6,19.59
2020,43,Nuwara Eliya,19.09,86.26,12.78,23.43
2020,43,Polonnaruwa,28.93,68.81,18.83,22.06
2020,43,Puttalam,28.01,81.87,1.6,23.63
2020,43,Ratnapura,25.41,84.94,19.12,25.87
2020,43,Trincomalee,29,71.04,20.5,23.06
2020,43,Vavuniya,28.99,72.3,6.3,19.29
2020,44,Ampara,27.69,80.24,121.16,8.93
2020,44,Anuradhapura,27.89,77.69,21.34,11.51
2020,44,Badulla,23.07,81.24,40.11,8.09
2020,44,Batticaloa,27.67,81.5,134.4,13.53
2020,44,Colombo,28.5,79.77,9.77,14.07
2020,44,Galle,27.67,80.11,4.51,31.97
2020,44,Gampaha,28.34,80.6,3.8,12.57
2020,44,Hambantota,27.14,84.76,35.92,24.69
2020,44,Jaffna,28.5,79.77,9.77,14.07
2020,44,Kalmunai,27.46,82.37,123.15,12.49
2020,44,Kalutara,28.44,78.26,6,25.66
2020,44,Kandy,23.84,84.29,2.87,9.31
2020,44,Kegalle,27.57,81.44,2.31,11.71
2020,44,Kilinochchi,28.21,79.07,7.71,15.86
2020,44,Kurunegala,27.9,81.16,1.46,11.71
2020,44,Mannar,27.91,79.41,10.81,14.7
2020,44,Matale,25.47,84.59,3.75,11
2020,44,Matara,27.71,85.26,8.1,18.64
2020,44,Monaragala,24.26,83.33,50.54,8.63
2020,44,Mullaitivu,27.86,80.34,16.7,15.24
2020,44,Nuwara Eliya,19.29,88.29,1.33,11.77
2020,44,Polonnaruwa,28.2,77.34,38.97,12.09
2020,44,Puttalam,27.8,82.07,10.3,12.97
2020,44,Ratnapura,25.79,83.07,10.26,29.67
2020,44,Trincomalee,27.8,79.83,31.6,16.66
2020,44,Vavuniya,28.33,76.31,18.21,11.16
2020,45,Ampara,26.86,84.64,114.76,12.23
2020,45,Anuradhapura,26.6,85.3,145.33,12.93
2020,45,Badulla,22.13,87.26,125.65,10.37
2020,45,Batticaloa,27.3,84.53,106.3,17.37
2020,45,Colombo,27.1,82.07,101.9,26.17
2020,45,Galle,25.94,80.39,124.85,50.03
2020,45,Gampaha,27.1,82.79,108.56,23.33
2020,45,Hambantota,26.73,88.04,74.93,24.54
2020,45,Jaffna,27.1,82.07,101.9,26.17
2020,45,Kalmunai,27.09,84.81,106.96,15.9
2020,45,Kalutara,26.26,80.44,141.26,43.17
2020,45,Kandy,23.14,87.63,65.19,9.07
2020,45,Kegalle,26.59,83.9,118.88,15.54
2020,45,Kilinochchi,27.49,84.41,51.05,19.54
2020,45,Kurunegala,26.94,83.8,152.51,16.67
2020,45,Mannar,27.66,82.44,21.3,23.66
2020,45,Matale,25.04,86.93,73.1,9.66
2020,45,Matara,26.79,88.59,150.07,20.99
2020,45,Monaragala,23.41,87.97,117.26,12.51
2020,45,Mullaitivu,27,85.53,70.1,17.84
2020,45,Nuwara Eliya,18.96,90.79,34.22,16.47
2020,45,Polonnaruwa,26.8,85.1,116.17,11.71
2020,45,Puttalam,27.26,85.06,153.79,16.1
2020,45,Ratnapura,23.94,85.74,173.22,50.8
2020,45,Trincomalee,27.03,85.9,164.5,16.87
2020,45,Vavuniya,26.99,83.9,77.27,13.17
2020,46,Ampara,26.51,87.79,132.97,11.73
2020,46,Anuradhapura,26.16,89.2,97.92,11.99
2020,46,Badulla,22,90.36,98.25,9
2020,46,Batticaloa,26.99,86.73,139.6,16.76
2020,46,Colombo,27.16,84.77,246.91,21.24
2020,46,Galle,26.3,84.27,89.86,34.53
2020,46,Gampaha,26.94,85.77,256.16,20.59
2020,46,Hambantota,26.37,90.07,66.92,32.53
2020,46,Jaffna,27.16,84.77,246.91,21.24
2020,46,Kalmunai,26.74,86.93,140.2,15.11
2020,46,Kalutara,26.77,84.96,307.54,24.26
2020,46,Kandy,23.11,90.47,44.6,7.84
2020,46,Kegalle,26.41,86.66,264.02,14.33
2020,46,Kilinochchi,27.07,86.79,122.18,18.91
2020,46,Kurunegala,26.7,86.61,273.23,14.33
2020,46,Mannar,27.29,84.43,136.35,26.84
2020,46,Matale,24.89,89.99,49.9,8.57
2020,46,Matara,25.74,88.11,116.29,35.87
2020,46,Monaragala,23.39,89.86,95.96,8.71
2020,46,Mullaitivu,26.54,89.04,142.8,16.7
2020,46,Nuwara Eliya,19.33,91.84,32.83,11.36
2020,46,Polonnaruwa,26.31,89,116.87,11.16
2020,46,Puttalam,27.01,86.7,100.7,18.36
2020,46,Ratnapura,24.6,89.21,153.69,21.17
2020,46,Trincomalee,26.79,87.91,180.5,17.76
2020,46,Vavuniya,26.29,89.97,151.5,12.09
2020,47,Ampara,26.04,86.69,48.29,14.81
2020,47,Anuradhapura,25.71,88.04,26.22,12.9
2020,47,Badulla,21.44,88.7,72.87,12.93
2020,47,Batticaloa,26.57,85,38.6,21.81
2020,47,Colombo,27.1,81.46,80.52,15.47
2020,47,Galle,26.53,80.97,25.87,34.49
2020,47,Gampaha,26.89,82.74,78.28,14.33
2020,47,Hambantota,26.39,88.64,52.71,27
2020,47,Jaffna,27.1,81.46,80.52,15.47
2020,47,Kalmunai,26.33,85.51,41.85,19.56
2020,47,Kalutara,26.69,80.87,91.92,21.37
2020,47,Kandy,22.36,89.66,23.13,8.37
2020,47,Kegalle,26.14,84.04,116.98,14.33
2020,47,Kilinochchi,27.03,84.06,52.68,21.41
2020,47,Kurunegala,26.4,84.47,146.62,14.33
2020,47,Mannar,27.17,81.84,52.97,25.71
2020,47,Matale,24.27,88.5,37.33,9.81
2020,47,Matara,25.69,86.84,66.38,28.83
2020,47,Monaragala,22.91,87.9,66.6,11.76
2020,47,Mullaitivu,26.59,85.37,48.7,19.17
2020,47,Nuwara Eliya,18.64,89.74,62.07,12.01
2020,47,Polonnaruwa,25.8,88.56,38.69,12.4
2020,47,Puttalam,26.7,84.87,72.99,17.59
2020,47,Ratnapura,24.64,85.1,98.87,20.59
2020,47,Trincomalee,26.4,86.4,62.4,19.63
2020,47,Vavuniya,25.93,88.53,52.53,13.26
2020,48,Ampara,26.99,82.61,21.15,12.23
2020,48,Anuradhapura,26.29,84.86,16.52,14.1
2020,48,Badulla,22,84.41,67.91,10.16
2020,48,Batticaloa,27.24,83.26,4.7,21.6
2020,48,Colombo,27.67,79.76,15.21,18.13
2020,48,Galle,26.66,81.41,9.72,41.76
2020,48,Gampaha,27.59,80.46,14.48,16.04
2020,48,Hambantota,27.63,83.2,1.02,23.31
2020,48,Jaffna,27.67,79.76,15.21,18.13
2020,48,Kalmunai,27.13,82.77,10.14,17.47
2020,48,Kalutara,27.2,80.07,17.2,31.83
2020,48,Kandy,22.87,85.77,29.57,10.44
2020,48,Kegalle,26.94,81.1,24.81,13.77
2020,48,Kilinochchi,26.7,85.93,77.66,23.96
2020,48,Kurunegala,27.24,81.1,23.82,13.77
2020,48,Mannar,27.4,81.67,3.27,31.81
2020,48,Matale,24.81,84.34,25.99,11.79
2020,48,Matara,27.36,83.9,5.67,24.09
2020,48,Monaragala,23.43,84.41,50.73,12.03
2020,48,Mullaitivu,26.6,85.53,30.8,22.11
2020,48,Nuwara Eliya,18.94,85.26,6.5,14.46
2020,48,Polonnaruwa,26.53,83.83,31.81,13.57
2020,48,Puttalam,27.49,81.77,25.6,21.26
2020,48,Ratnapura,24.79,83.56,27.74,35.49
2020,48,Trincomalee,26.74,84.16,80.3,20.21
2020,48,Vavuniya,26.34,86.16,28.65,14.89
2020,49,Ampara,26.33,86.87,61.02,12.8
2020,49,Anuradhapura,25.21,90.06,114.92,18.83
2020,49,Badulla,21.93,86.3,14.52,10.03
2020,49,Batticaloa,26.79,85.94,102.4,23.29
2020,49,Colombo,26.96,82.11,107.66,23.14
2020,49,Galle,26.3,81.17,53.79,49.77
2020,49,Gampaha,26.86,83.17,86.41,20.26
2020,49,Hambantota,27.21,84.93,1.7,21.83
2020,49,Jaffna,26.96,82.11,107.66,23.14
2020,49,Kalmunai,26.61,85.84,92.2,18.41
2020,49,Kalutara,26.19,81.76,96.62,42.17
2020,49,Kandy,22.26,90.09,62.55,12.03
2020,49,Kegalle,26.17,84.51,140.89,14.43
2020,49,Kilinochchi,25.94,89.66,433.47,24.01
2020,49,Kurunegala,26.41,84.9,186.42,15.04
2020,49,Mannar,26.26,87.2,251.72,35.93
2020,49,Matale,24,89.34,74.89,13.99
2020,49,Matara,27.07,84.21,43.05,23.74
2020,49,Monaragala,23.34,85.76,23.01,11.44
2020,49,Mullaitivu,25.8,88.63,143.7,23.67
2020,49,Nuwara Eliya,18.47,89.33,68.29,17.33
2020,49,Polonnaruwa,25.66,88.06,113.8,17.64
2020,49,Puttalam,26.39,86.69,114.6,25.79
2020,49,Ratnapura,24.07,85.07,51.06,49.26
2020,49,Trincomalee,26.1,87.49,225.9,24.7
2020,49,Vavuniya,25.33,91.06,160.85,19.39
2020,50,Ampara,25.87,80.93,14.6,15.34
2020,50,Anuradhapura,25.46,83.33,9.08,12.86
2020,50,Badulla,20.99,84.86,3.93,9.44
2020,50,Batticaloa,26.67,78.5,25.8,17.54
2020,50,Colombo,27.23,76.59,25.11,18.81
2020,50,Galle,26.5,79.97,31.82,37.13
2020,50,Gampaha,27.01,77.74,26.76,16.5
2020,50,Hambantota,26.8,83.67,34.8,18.67
2020,50,Jaffna,27.23,76.59,25.11,18.81
2020,50,Kalmunai,26.37,79.2,19.86,17.26
2020,50,Kalutara,26.87,75.81,33.39,33.01
2020,50,Kandy,22.29,84.23,1.25,9.21
2020,50,Kegalle,26.26,78.6,28.09,16.66
2020,50,Kilinochchi,26.46,80.04,6.7,19.94
2020,50,Kurunegala,26.6,78.09,24.31,16.69
2020,50,Mannar,26.7,79.19,1.82,24.73
2020,50,Matale,24.54,80.54,0.55,9.89
2020,50,Matara,26.81,85.94,53.22,17.51
2020,50,Monaragala,22.64,81.73,3.8,11.16
2020,50,Mullaitivu,26.34,78.46,11.4,17.33
2020,50,Nuwara Eliya,18.23,85.14,8.59,11.36
2020,50,Polonnaruwa,25.63,82.9,11.84,12.2
2020,50,Puttalam,26.69,80.56,6.1,19.03
2020,50,Ratnapura,24.71,81.46,64.59,34.76
2020,50,Trincomalee,26.46,77.76,22,16.99
2020,50,Vavuniya,25.47,84.19,10.5,13.64
2020,51,Ampara,25.49,87.34,208.62,12.36
2020,51,Anuradhapura,25.04,89.63,34.21,12.5
2020,51,Badulla,20.77,89.31,89.92,9.64
2020,51,Batticaloa,25.96,87.13,212.7,18.14
2020,51,Colombo,26.79,82.11,40.96,18.87
2020,51,Galle,26.56,81.76,67.37,42.8
2020,51,Gampaha,26.43,83.87,46.6,17.16
2020,51,Hambantota,26.24,87.11,15.72,32.31
2020,51,Jaffna,26.79,82.11,40.96,18.87
2020,51,Kalmunai,25.74,87.13,231.45,15.44
2020,51,Kalutara,26.86,82.06,51.11,35.04
2020,51,Kandy,21.9,89.46,72.63,8.21
2020,51,Kegalle,25.69,84.89,87.02,16.99
2020,51,Kilinochchi,25.97,85.79,122.18,23.23
2020,51,Kurunegala,25.94,84.94,87.84,16.99
2020,51,Mannar,26.1,84.04,31.23,30.16
2020,51,Matale,23.93,87.74,68.96,9.36
2020,51,Matara,25.96,87.01,61.59,36.69
2020,51,Monaragala,22.34,86.53,112.8,11.93
2020,51,Mullaitivu,25.67,86.96,59,20.84
2020,51,Nuwara Eliya,18.01,89.31,74.09,14.41
2020,51,Polonnaruwa,25.13,89.79,105.87,11.21
2020,51,Puttalam,26.07,86.04,8.3,20.36
2020,51,Ratnapura,24.86,85.83,31.39,40.47
2020,51,Trincomalee,25.7,88.29,96.8,19.14
2020,51,Vavuniya,25.29,89.53,65.2,13.16
2020,52,Ampara,24.99,89.59,278.91,15.53
2020,52,Anuradhapura,24.61,90.43,77.75,13.49
2020,52,Badulla,20.61,91.91,74.96,9.94
2020,52,Batticaloa,25.64,88,398.5,22.1
2020,52,Colombo,26.37,81.7,151.74,20.71
2020,52,Galle,26.46,84.33,10.28,20.54
2020,52,Gampaha,26.2,82.47,60.02,20.71
2020,52,Hambantota,26.07,86.41,14.21,22.61
2020,52,Jaffna,26.37,81.7,151.74,20.71
2020,52,Kalmunai,25.4,88.17,340.3,19.4
2020,52,Kalutara,26.37,82.04,111.21,20.71
2020,52,Kandy,21.74,91.53,26.42,8.41
2020,52,Kegalle,25.47,83.84,56.34,20.71
2020,52,Kilinochchi,25.89,82.86,45.48,24.53
2020,52,Kurunegala,25.69,83.8,24.93,20.97
2020,52,Mannar,25.97,82,35.44,32.14
2020,52,Matale,23.73,89.27,27.49,12.09
2020,52,Matara,25.94,87.2,15.13,23.6
2020,52,Monaragala,22.07,89.51,72.09,13.33
2020,52,Mullaitivu,25.54,85.24,88.7,21.56
2020,52,Nuwara Eliya,18.19,91.11,26.35,13.17
2020,52,Polonnaruwa,24.71,90.5,168.5,12.14
2020,52,Puttalam,25.67,86.17,42.81,22.59
2020,52,Ratnapura,24.34,88.39,146.77,12.51
2020,52,Trincomalee,25.47,87.93,190.5,21.49
2020,52,Vavuniya,24.93,89.46,97.46,14.23
2020,53,Ampara,25.45,88.88,93.42,13.15
2020,53,Anuradhapura,25.45,87.5,12.02,15.02
2020,53,Badulla,20.9,89.72,86.42,10.6
2020,53,Batticaloa,26.18,87.35,65.8,17.9
2020,53,Colombo,26.48,84.75,213.85,14.6
2020,53,Galle,26.3,83.25,26.39,16.9
2020,53,Gampaha,26.32,85.25,125.81,13.9
2020,53,Hambantota,25.85,90.25,46.62,33.57
2020,53,Jaffna,26.48,84.75,213.85,14.6
2020,53,Kalmunai,25.82,87.95,82.46,16
2020,53,Kalutara,26.38,85.32,203.56,13.9
2020,53,Kandy,22.22,88.65,36.58,10.18
2020,53,Kegalle,25.72,85.02,68.14,13.9
2020,53,Kilinochchi,26.08,86.72,67.19,23.2
2020,53,Kurunegala,26.08,84.65,48.41,13.9
2020,53,Mannar,26.12,85.85,38,29.15
2020,53,Matale,24.4,85.58,35.72,11.58
2020,53,Matara,25.92,88.15,61.7,32.7
2020,53,Monaragala,22.32,88.05,89.12,13.08
2020,53,Mullaitivu,26.1,85.88,67.6,21.05
2020,53,Nuwara Eliya,18.32,88.3,71.19,13.3
2020,53,Polonnaruwa,25.48,88.48,42.22,13.5
2020,53,Puttalam,26.35,85,8.8,20.6
2020,53,Ratnapura,24.28,87.62,16.91,7.3
2020,53,Trincomalee,26.2,85.62,23.1,20.15
2020,53,Vavuniya,25.85,86.62,70.68,14.48
2021,1,Ampara,25.6,90,162.64,11.13
2021,1,Anuradhapura,25.37,90.73,95.69,10.23
2021,1,Badulla,21.07,91.64,55.57,7.4
2021,1,Batticaloa,26.3,87.04,191.5,15.16
2021,1,Colombo,26.47,86.23,97.65,15.1
2021,1,Galle,25.89,85.93,59.76,26.94
2021,1,Gampaha,26.33,86.71,89.47,15.1
2021,1,Hambantota,25.84,92.67,11.41,16.21
2021,1,Jaffna,26.47,86.23,97.65,15.1
2021,1,Kalmunai,26,87.69,193.3,13.31
2021,1,Kalutara,26.46,86.37,93.57,16.83
2021,1,Kandy,22.23,91.21,96.13,6.93
2021,1,Kegalle,25.67,87.44,140.51,15.1
2021,1,Kilinochchi,26.11,88.53,153.96,20.01
2021,1,Kurunegala,26.56,84.28,186.88,18.4
2021,1,Mannar,26.23,87.09,80.75,24.13
2021,1,Matale,24.13,90.11,98.41,7.27
2021,1,Matara,25.69,91.67,57.47,25.2
2021,1,Monaragala,22.43,90.53,70.28,9.27
2021,1,Mullaitivu,25.84,88.91,178.7,18.36
2021,1,Nuwara Eliya,18.47,92.2,27.59,13.66
2021,1,Polonnaruwa,25.49,90.61,125.72,10.46
2021,1,Puttalam,26.21,87.79,38.71,16.77
2021,1,Ratnapura,24.31,89.67,20.45,9.14
2021,1,Trincomalee,25.97,88.51,92.8,16.66
2021,1,Vavuniya,25.49,90.64,200.81,11.46
2021,2,Ampara,25.21,89.86,159.07,14.89
2021,2,Anuradhapura,25.09,89.19,38.38,14.87
2021,2,Badulla,20.73,92.84,18.19,9.71
2021,2,Batticaloa,25.94,87.69,242,21.11
2021,2,Colombo,26.27,85.8,63.09,16.71
2021,2,Galle,26.1,86.01,142.98,24.89
2021,2,Gampaha,26.13,86.19,46.95,16.14
2021,2,Hambantota,25.23,93.3,75.31,37.84
2021,2,Jaffna,26.27,85.8,63.09,16.71
2021,2,Kalmunai,25.64,88.33,197.03,18.21
2021,2,Kalutara,26.26,86.16,78.08,19.47
2021,2,Kandy,22,91.56,9.79,8.01
2021,2,Kegalle,25.53,86.43,44.75,16.07
2021,2,Kilinochchi,25.99,85.81,106.53,22.9
2021,2,Kurunegala,26.89,84.51,38.49,18.02
2021,2,Mannar,26.11,85.14,114.9,30.24
2021,2,Matale,24.01,89.29,10.89,9.71
2021,2,Matara,25.43,92.89,177.63,24.69
2021,2,Monaragala,22.09,91.27,32.22,10.34
2021,2,Mullaitivu,25.81,86.44,41.3,20.47
2021,2,Nuwara Eliya,18.23,93.23,25.92,12.26
2021,2,Polonnaruwa,25.17,89.67,85.7,13.59
2021,2,Puttalam,26.2,85.71,31.5,21.07
2021,2,Ratnapura,24.04,89.47,116.41,11.57
2021,2,Trincomalee,25.87,87.23,94.9,21.39
2021,2,Vavuniya,25.31,89.33,50.93,15.69
2021,3,Ampara,26.14,81.34,6.74,15.13
2021,3,Anuradhapura,25.86,80.97,1.31,12.9
2021,3,Badulla,21.24,84.76,10.65,12.87
2021,3,Batticaloa,26.66,79.63,28.6,19.19
2021,3,Colombo,27.4,76.81,7.76,15.57
2021,3,Galle,26.67,82.49,8.71,17.17
2021,3,Gampaha,27.14,76.8,3.23,15.06
2021,3,Hambantota,26.44,85.1,4.7,24.59
2021,3,Jaffna,27.4,76.81,7.76,15.57
2021,3,Kalmunai,26.4,80.21,5.14,17.39
2021,3,Kalutara,27.34,76.94,5.84,15.6
2021,3,Kandy,22.71,84.04,2.55,8.47
2021,3,Kegalle,26.49,77.06,3.08,15.09
2021,3,Kilinochchi,26.5,79.24,7.93,17.6
2021,3,Kurunegala,26.84,75.79,0.95,16.92
2021,3,Mannar,26.56,78.6,16.93,26.94
2021,3,Matale,24.89,80.36,3.5,9.83
2021,3,Matara,26.6,86.37,7.1,18.56
2021,3,Monaragala,22.79,83.04,12.99,13.2
2021,3,Mullaitivu,26.44,77.9,2.5,16.31
2021,3,Nuwara Eliya,18.59,84.29,8.05,9.79
2021,3,Polonnaruwa,25.9,82.23,5.3,11.37
2021,3,Puttalam,26.8,78.11,0.5,20.07
2021,3,Ratnapura,25.16,83.74,25.47,9.59
2021,3,Trincomalee,26.36,78.96,8.9,17.27
2021,3,Vavuniya,25.87,81.36,2.09,12.9
2021,4,Ampara,25.54,81.81,98.88,18.1
2021,4,Anuradhapura,24.99,83.93,26.18,14.49
2021,4,Badulla,20.5,85.3,16.53,11.31
2021,4,Batticaloa,26.17,80.16,166.9,21.96
2021,4,Colombo,26.9,75.53,43.51,21.19
2021,4,Galle,26.63,79.93,26.52,18.7
2021,4,Gampaha,26.73,75.79,33.61,20.37
2021,4,Hambantota,25.96,81.11,3.1,46.39
2021,4,Jaffna,26.9,75.53,43.51,21.19
2021,4,Kalmunai,25.89,80.69,131.37,20.46
2021,4,Kalutara,26.79,76.07,47.44,20.37
2021,4,Kandy,21.6,86.36,21.5,9.87
2021,4,Kegalle,25.97,76.44,30.14,20.37
2021,4,Kilinochchi,26.3,77.79,8.23,23.63
2021,4,Kurunegala,26.76,78.71,22.03,18.51
2021,4,Mannar,26.41,76.76,3.9,29.41
2021,4,Matale,23.89,82.11,16.85,13.27
2021,4,Matara,25.7,82.51,21.85,49.03
2021,4,Monaragala,22.19,82,21.57,15.9
2021,4,Mullaitivu,25.97,78.89,31.1,21.29
2021,4,Nuwara Eliya,17.93,83.31,15.25,17.81
2021,4,Polonnaruwa,25.13,84.06,55.32,12.7
2021,4,Puttalam,26.03,79.89,40.9,21.64
2021,4,Ratnapura,24.09,84.37,46.16,9.23
2021,4,Trincomalee,26.11,79.57,27,20.77
2021,4,Vavuniya,25.29,83.39,32.02,15.41
2021,5,Ampara,25.39,85.59,129.41,18.4
2021,5,Anuradhapura,25.34,82.29,7.91,17.86
2021,5,Badulla,20.19,90.41,62.14,13.67
2021,5,Batticaloa,26.43,82.17,50,24.51
2021,5,Colombo,27.59,72.4,1.62,24.61
2021,5,Galle,26.7,83.44,21.71,27.56
2021,5,Gampaha,27.46,73.03,3.05,24.61
2021,5,Hambantota,25.99,83.87,1.51,46.03
2021,5,Jaffna,27.59,72.4,1.62,24.61
2021,5,Kalmunai,26.01,83.6,100.66,22.21
2021,5,Kalutara,27.54,73.17,7.91,24.61
2021,5,Kandy,21.67,87.94,8.8,11.5
2021,5,Kegalle,26.63,74.29,6.28,24.61
2021,5,Kilinochchi,26.17,76.76,10.52,24.2
2021,5,Kurunegala,27.11,73.44,3.48,21.44
2021,5,Mannar,26.39,75.24,7.4,32.09
2021,5,Matale,24.19,82.7,9.25,15.99
2021,5,Matara,25.74,84.37,9.67,43.96
2021,5,Monaragala,22.01,86.37,83.39,18.81
2021,5,Mullaitivu,26.03,77.66,4.7,22.1
2021,5,Nuwara Eliya,17.84,88.67,12.75,18.94
2021,5,Polonnaruwa,25.41,83.63,14.08,15.57
2021,5,Puttalam,26.33,78.34,2.5,24.69
2021,5,Ratnapura,24.47,85.34,42.23,8.8
2021,5,Trincomalee,26.3,79,8.4,23.86
2021,5,Vavuniya,25.47,81.51,3.91,17.19
2021,6,Ampara,25.64,78.41,11.95,18.73
2021,6,Anuradhapura,24.87,77.46,0.1,13.97
2021,6,Badulla,20.77,85.11,5.12,8.37
2021,6,Batticaloa,26.37,75.09,18.2,22.67
2021,6,Colombo,27.33,67.76,0,25.3
2021,6,Galle,26.71,79.03,0.2,23.71
2021,6,Gampaha,27.46,66.69,0,22.24
2021,6,Hambantota,26.64,75.47,0.3,24.8
2021,6,Jaffna,27.33,67.76,0,25.3
2021,6,Kalmunai,26,76.74,17.82,21.64
2021,6,Kalutara,27.13,71.73,0,21.81
2021,6,Kandy,21.73,84.06,1.56,8.47
2021,6,Kegalle,26.61,68.24,0.02,21.2
2021,6,Kilinochchi,25.73,72.57,1.3,19.31
2021,6,Kurunegala,26.69,74.57,29.85,21.14
2021,6,Mannar,25.89,70.53,0,27.81
2021,6,Matale,24.63,74.77,0.72,12.64
2021,6,Matara,26.54,80.39,1.2,25.43
2021,6,Monaragala,23.01,78.6,4.79,12.87
2021,6,Mullaitivu,25.7,72.6,1.5,17.64
2021,6,Nuwara Eliya,18.81,84.51,6.84,9.96
2021,6,Polonnaruwa,25.01,79.51,5.82,12.94
2021,6,Puttalam,25.91,73.81,0,22.11
2021,6,Ratnapura,24.56,82.77,7.3,11.07
2021,6,Trincomalee,25.91,73.1,2.5,20.33
2021,6,Vavuniya,24.91,77.74,0.3,14.4
2021,7,Ampara,26.19,81.63,29.83,16.81
2021,7,Anuradhapura,25.83,82.51,4.61,13.16
2021,7,Badulla,21.36,85,75.27,9.81
2021,7,Batticaloa,26.61,80.94,20.6,18.97
2021,7,Colombo,27.57,77.64,48.79,16.27
2021,7,Galle,26.96,80.97,6.11,16.91
2021,7,Gampaha,27.7,75.97,32.24,13.34
2021,7,Hambantota,27.01,79.54,2.2,33.63
2021,7,Jaffna,27.57,77.64,48.79,16.27
2021,7,Kalmunai,26.37,81.33,25.38,18.07
2021,7,Kalutara,27.2,79.84,64.48,14.79
2021,7,Kandy,22.56,82.74,9.74,9.86
2021,7,Kegalle,27.11,74.99,24.15,12.89
2021,7,Kilinochchi,26.07,81.94,12.05,19.34
2021,7,Kurunegala,27.18,76.08,122.47,16.81
2021,7,Mannar,26.39,80.03,13.4,28.6
2021,7,Matale,25.64,75.67,8.29,12.1
2021,7,Matara,26.66,81.59,5.53,32.34
2021,7,Monaragala,23.54,79.64,107.02,12.44
2021,7,Mullaitivu,25.97,81.69,16,17.33
2021,7,Nuwara Eliya,19.09,83.07,112.18,12.13
2021,7,Polonnaruwa,25.83,84.36,5.24,11.73
2021,7,Puttalam,26.81,79.49,3.7,20.23
2021,7,Ratnapura,24.66,83.87,43.07,7.11
2021,7,Trincomalee,26.17,81.53,13.4,17.23
2021,7,Vavuniya,25.79,83.69,7.93,13.1
2021,8,Ampara,26.54,79.3,7.38,14.33
2021,8,Anuradhapura,26.64,76.19,0,10.66
2021,8,Badulla,21.57,79.81,0.52,9
2021,8,Batticaloa,27.17,77.59,2,16.31
2021,8,Colombo,27.84,75.27,0.01,15.66
2021,8,Galle,27.31,79.69,18.09,13.9
2021,8,Gampaha,27.7,75.13,1.45,15.66
2021,8,Hambantota,27.73,80.54,1.5,19.56
2021,8,Jaffna,27.84,75.27,0.01,15.66
2021,8,Kalmunai,26.93,78.56,4.7,16.81
2021,8,Kalutara,27.84,75.31,1.17,15.66
2021,8,Kandy,23.2,77.81,42.02,8.89
2021,8,Kegalle,27.14,73.2,10.72,15.66
2021,8,Kilinochchi,26.49,77.6,0,15.59
2021,8,Kurunegala,27.64,73.52,3.15,15.79
2021,8,Mannar,26.8,77.11,0.1,23
2021,8,Matale,26.04,70.3,30.87,10.03
2021,8,Matara,27.63,81.4,11.52,14.49
2021,8,Monaragala,23.29,75.94,5.35,12.19
2021,8,Mullaitivu,26.67,75.43,0.3,14.41
2021,8,Nuwara Eliya,18.94,70.87,0.28,13.74
2021,8,Polonnaruwa,26.33,79.8,8.67,10.49
2021,8,Puttalam,27.14,77.31,0,16.69
2021,8,Ratnapura,25.01,81.86,13.9,9.86
2021,8,Trincomalee,26.76,77.34,1,15.54
2021,8,Vavuniya,26.39,77.51,0.1,10.89
2021,9,Ampara,26.54,77.16,21.72,14.49
2021,9,Anuradhapura,26.5,78,17.88,13.59
2021,9,Badulla,20.66,80.49,59.31,11.5
2021,9,Batticaloa,27.47,75.1,15.4,16.46
2021,9,Colombo,27.47,77.51,64.69,15.36
2021,9,Galle,27.11,76.24,3.96,22.53
2021,9,Gampaha,27.27,77.89,68.02,15.47
2021,9,Hambantota,26.9,79.54,41.02,25.37
2021,9,Jaffna,27.47,77.51,64.69,15.36
2021,9,Kalmunai,27.1,75.99,18.11,16.26
2021,9,Kalutara,27.44,77.39,73.22,15.41
2021,9,Kandy,22.57,78.39,27.23,9.83
2021,9,Kegalle,26.67,76.33,73.41,15.36
2021,9,Kilinochchi,27.13,76.3,0.64,18.63
2021,9,Kurunegala,27.48,76.09,67.29,18.38
2021,9,Mannar,27.39,74.53,0.01,26.17
2021,9,Matale,25.61,71.56,23.85,11
2021,9,Matara,27.07,80.47,43.81,17.99
2021,9,Monaragala,22.5,77.33,56.22,14.41
2021,9,Mullaitivu,27.11,75.47,2.1,16.56
2021,9,Nuwara Eliya,18.23,74.77,28.92,13.73
2021,9,Polonnaruwa,26.03,80.9,15.4,12.1
2021,9,Puttalam,27.59,74.37,21.1,19.14
2021,9,Ratnapura,24.5,82.27,71.89,7.19
2021,9,Trincomalee,27.17,75.74,8.1,17.41
2021,9,Vavuniya,26.6,78.29,5.05,13.67
2021,10,Ampara,26.53,83.1,39.02,13.89
2021,10,Anuradhapura,26.84,80.2,21.16,15.26
2021,10,Badulla,21.37,84.76,47.02,11.57
2021,10,Batticaloa,27.51,79.54,10.2,17.29
2021,10,Colombo,27.57,79.07,57.84,18.26
2021,10,Galle,26.94,79.07,30.04,37.37
2021,10,Gampaha,27.51,78.29,61.18,17.71
2021,10,Hambantota,27.04,83.76,44.51,29.99
2021,10,Jaffna,27.57,79.07,57.84,18.26
2021,10,Kalmunai,27.1,80.43,25.54,15.54
2021,10,Kalutara,27.33,79.03,78.82,28.54
2021,10,Kandy,22.97,82.47,6.2,11
2021,10,Kegalle,27.06,76.94,34.79,17.71
2021,10,Kilinochchi,27.67,78.06,17.07,20.16
2021,10,Kurunegala,27.64,79.26,32.98,16.39
2021,10,Mannar,27.74,78.14,54.54,26.39
2021,10,Matale,25.74,76.53,8.12,12.07
2021,10,Matara,27.11,84.24,53.12,27.81
2021,10,Monaragala,23.01,83.13,47.37,15.4
2021,10,Mullaitivu,27.46,78.03,7.4,18.1
2021,10,Nuwara Eliya,18.67,83.17,22.68,21.44
2021,10,Polonnaruwa,26.53,82.31,11,13
2021,10,Puttalam,27.97,75.97,5.9,19.94
2021,10,Ratnapura,24.87,84.16,91.57,26.79
2021,10,Trincomalee,27.47,79.36,6.7,18.16
2021,10,Vavuniya,27.04,80.26,7.05,15.54
2021,11,Ampara,26.69,83.4,54,11.61
2021,11,Anuradhapura,27.33,78.1,2.64,10.96
2021,11,Badulla,21.77,82.91,16.63,12.53
2021,11,Batticaloa,27.51,79.94,57.6,14.83
2021,11,Colombo,27.94,80.41,51.45,12.44
2021,11,Galle,27.11,80.26,47.01,17.03
2021,11,Gampaha,27.79,80.29,43.38,12.59
2021,11,Hambantota,26.93,84.59,6.1,18.47
2021,11,Jaffna,27.94,80.41,51.45,12.44
2021,11,Kalmunai,27.21,80.99,60.65,13.89
2021,11,Kalutara,27.91,80.53,49.2,12.44
2021,11,Kandy,23.33,81.26,6.16,8.81
2021,11,Kegalle,27.34,78.63,43.19,12.5
2021,11,Kilinochchi,27.87,77.47,1.54,16.46
2021,11,Kurunegala,28.24,81.49,72.99,14.59
2021,11,Mannar,27.86,78.47,0.03,22.47
2021,11,Matale,25.91,78.01,14.79,8.44
2021,11,Matara,26.76,85.87,43.2,21.23
2021,11,Monaragala,23.29,81.97,19.45,15
2021,11,Mullaitivu,27.74,77,4.3,14.44
2021,11,Nuwara Eliya,18.97,81.41,4.06,18.47
2021,11,Polonnaruwa,26.97,81.34,14.54,10.23
2021,11,Puttalam,27.93,77.67,44.4,16
2021,11,Ratnapura,25.71,85.23,58.49,6.64
2021,11,Trincomalee,27.59,78.49,2.6,14.61
2021,11,Vavuniya,27.41,79.36,6.39,11.53
2021,12,Ampara,26.69,84.87,71.43,11.44
2021,12,Anuradhapura,27.54,79.33,8.51,12.33
2021,12,Badulla,22,85.97,83.9,13.16
2021,12,Batticaloa,27.5,81.73,28.2,16
2021,12,Colombo,27.6,81.14,101.05,14.61
2021,12,Galle,26.94,82.06,54.17,27.44
2021,12,Gampaha,27.4,81.14,118.26,14.81
2021,12,Hambantota,26.69,87.56,76.01,22.54
2021,12,Jaffna,27.6,81.14,101.05,14.61
2021,12,Kalmunai,27.11,82.51,54.81,13.87
2021,12,Kalutara,27.51,81.29,101.68,14.61
2021,12,Kandy,23.2,84.64,25.57,9.26
2021,12,Kegalle,26.89,80.61,100.34,14.74
2021,12,Kilinochchi,28.53,78.33,3.68,17.14
2021,12,Kurunegala,28.11,82.26,122.14,17.48
2021,12,Mannar,28.41,78.74,11.32,24.53
2021,12,Matale,25.5,82.34,23.7,9.73
2021,12,Matara,26.67,87.49,36.02,21.89
2021,12,Monaragala,23.29,86.21,92.53,16.11
2021,12,Mullaitivu,28.3,78.5,2.6,16.47
2021,12,Nuwara Eliya,19.09,86.66,45.09,19.99
2021,12,Polonnaruwa,27.16,81.8,12.84,11.37
2021,12,Puttalam,28.03,79.73,16.3,15.67
2021,12,Ratnapura,25.66,85.69,105.19,8.66
2021,12,Trincomalee,27.79,80.4,15.9,15.5
2021,12,Vavuniya,28.01,78.94,5.21,11.77
2021,13,Ampara,28.43,80.94,0.16,11.93
2021,13,Anuradhapura,28.86,72.66,2.3,17.8
2021,13,Badulla,23.4,71.59,2.59,8.16
2021,13,Batticaloa,28.67,81.26,0,17.23
2021,13,Colombo,29.29,77.37,3.04,19.23
2021,13,Galle,27.94,78.71,3.82,39.96
2021,13,Gampaha,28.94,78.13,4.96,18.69
2021,13,Hambantota,28.41,80.81,21.4,24.49
2021,13,Jaffna,29.29,77.37,3.04,19.23
2021,13,Kalmunai,28.54,82,0.1,15.86
2021,13,Kalutara,29.21,77.36,6,21.13
2021,13,Kandy,24.11,78.24,25.42,8.4
2021,13,Kegalle,28.31,76.63,13.2,18.49
2021,13,Kilinochchi,29.67,74.37,2.35,22.56
2021,13,Kurunegala,28.47,79.54,119.77,19.06
2021,13,Mannar,28.89,81.01,0.53,37.09
2021,13,Matale,26.41,75.73,19.68,13.47
2021,13,Matara,28.57,82,20.3,21.54
2021,13,Monaragala,24.6,74.83,6.24,9.89
2021,13,Mullaitivu,29.51,73.13,5,19.86
2021,13,Nuwara Eliya,19.96,74.06,13.01,12.11
2021,13,Polonnaruwa,28.74,73.43,6.34,15.31
2021,13,Puttalam,28.96,78.89,0.2,22.33
2021,13,Ratnapura,26.76,81.06,23,14.77
2021,13,Trincomalee,29.14,74.34,0,18.93
2021,13,Vavuniya,29.44,72.49,5.3,16.71
2021,14,Ampara,28.06,78.46,9.03,10.54
2021,14,Anuradhapura,28.07,76.26,55.15,8.39
2021,14,Badulla,22.39,82.99,51.91,10.83
2021,14,Batticaloa,28.4,78.33,3.8,14.56
2021,14,Colombo,28.61,77.97,63.44,13.51
2021,14,Galle,27.16,78.37,7.85,25.73
2021,14,Gampaha,28.43,78.39,58.39,13.77
2021,14,Hambantota,27.91,83.63,2.01,15.71
2021,14,Jaffna,28.61,77.97,63.44,13.51
2021,14,Kalmunai,28.16,78.9,5.1,13.69
2021,14,Kalutara,28.59,77.71,60.07,13.87
2021,14,Kandy,23.77,81.31,48.6,7.63
2021,14,Kegalle,27.76,78.57,98.32,13.53
2021,14,Kilinochchi,28.64,78,55.43,15.84
2021,14,Kurunegala,27.26,83.99,372.73,14.99
2021,14,Mannar,28.36,79.76,4.86,18.14
2021,14,Matale,26.16,78.94,54.84,6.87
2021,14,Matara,28.13,83.24,7.49,14.71
2021,14,Monaragala,23.73,83.63,41.91,9.27
2021,14,Mullaitivu,28.47,77.86,66.8,19
2021,14,Nuwara Eliya,19.04,83.31,60.74,12.61
2021,14,Polonnaruwa,27.81,80.09,34.23,8.64
2021,14,Puttalam,28.23,81.47,52.7,12.14
2021,14,Ratnapura,25.56,84.64,59.39,7.67
2021,14,Trincomalee,28.31,78.23,6.2,14.51
2021,14,Vavuniya,28.46,76.81,85.17,8.49
2021,15,Ampara,27.69,82.27,48.15,11.61
2021,15,Anuradhapura,27.39,82.4,38.97,12.97
2021,15,Badulla,22.36,87,82.9,8
2021,15,Batticaloa,28.04,81.23,65.2,14.57
2021,15,Colombo,28.69,78.86,41.32,17.24
2021,15,Galle,27.7,79.63,70.1,18.5
2021,15,Gampaha,28.46,79.5,31.75,18.99
2021,15,Hambantota,27.43,86.36,16.91,19
2021,15,Jaffna,28.69,78.86,41.32,17.24
2021,15,Kalmunai,27.76,82.06,57.54,13.41
2021,15,Kalutara,28.64,78.9,37.91,19.66
2021,15,Kandy,23.57,87.2,192.33,6.54
2021,15,Kegalle,27.64,80.67,100.27,18.24
2021,15,Kilinochchi,28.26,81.56,32.12,14.81
2021,15,Kurunegala,27.97,82.85,143.43,20.91
2021,15,Mannar,28.27,81.47,42.69,24.79
2021,15,Matale,25.56,85.4,161.99,10.74
2021,15,Matara,27.83,85.26,77.34,19.23
2021,15,Monaragala,23.74,86.51,55.68,9.97
2021,15,Mullaitivu,27.94,81.41,33,16.21
2021,15,Nuwara Eliya,19.33,89.59,51.87,11.4
2021,15,Polonnaruwa,27.69,82.23,87.88,10.43
2021,15,Puttalam,28.09,82.43,26.01,16.46
2021,15,Ratnapura,25.69,86.19,66.49,8.43
2021,15,Trincomalee,27.91,80.64,46.3,13.59
2021,15,Vavuniya,27.61,83.36,34.41,12.6
2021,16,Ampara,28.97,76.77,2.13,10.1
2021,16,Anuradhapura,28.7,78.6,23.9,12.3
2021,16,Badulla,23.49,80.17,8.79,9.37
2021,16,Batticaloa,29.03,77.9,1.6,14.6
2021,16,Colombo,28.66,80.76,203.79,15.87
2021,16,Galle,28.11,81.14,216.06,26.49
2021,16,Gampaha,28.7,80.17,114.63,15.87
2021,16,Hambantota,27.96,85.99,14.01,22.69
2021,16,Jaffna,28.66,80.76,203.79,15.87
2021,16,Kalmunai,28.83,78.3,2,13.46
2021,16,Kalutara,28.67,80.59,186.66,15.87
2021,16,Kandy,24.77,81.21,12,6.69
2021,16,Kegalle,28.19,79.49,62.07,15.87
2021,16,Kilinochchi,29.57,77.8,20.87,15.21
2021,16,Kurunegala,28.49,82.08,288.79,15.61
2021,16,Mannar,29.14,81.06,3.44,27.47
2021,16,Matale,26.5,81.51,12.26,10.36
2021,16,Matara,28.19,85.57,195.63,25.1
2021,16,Monaragala,24.49,81.31,14.28,9.36
2021,16,Mullaitivu,29.26,77.56,43.6,18.49
2021,16,Nuwara Eliya,19.93,82.13,3.18,11.07
2021,16,Polonnaruwa,29,77.27,16.89,9.46
2021,16,Puttalam,28.87,82.34,7.4,17.33
2021,16,Ratnapura,25.49,87.14,91.91,8.97
2021,16,Trincomalee,29.16,76.4,25.7,13.94
2021,16,Vavuniya,29.21,78.23,57.2,11.77
2021,17,Ampara,28.81,78.57,46.6,11.76
2021,17,Anuradhapura,28.23,81.66,36.31,10.3
2021,17,Badulla,23.13,86.71,179.97,9.91
2021,17,Batticaloa,28.71,80.37,16.7,14.71
2021,17,Colombo,28.64,82.04,250.58,15.61
2021,17,Galle,27.94,83.44,140.92,24.13
2021,17,Gampaha,28.56,82.23,235.11,15.61
2021,17,Hambantota,27.6,87.7,13.9,21.03
2021,17,Jaffna,28.64,82.04,250.58,15.61
2021,17,Kalmunai,28.56,80.53,21.38,13.54
2021,17,Kalutara,28.59,82.29,252.29,15.61
2021,17,Kandy,24.53,85.41,43.99,6.01
2021,17,Kegalle,27.96,82.37,222.22,15.61
2021,17,Kilinochchi,29.3,78.83,44.83,13.99
2021,17,Kurunegala,28.68,81.54,280.79,16.15
2021,17,Mannar,28.67,82.71,53.72,24.33
2021,17,Matale,26.46,84.09,57.91,9.67
2021,17,Matara,27.69,87.76,147.04,21.67
2021,17,Monaragala,24.61,85.1,87.66,10.43
2021,17,Mullaitivu,28.96,79.77,34.4,16.39
2021,17,Nuwara Eliya,20.21,87.64,22.92,12.6
2021,17,Polonnaruwa,28.5,81.27,29.71,9.39
2021,17,Puttalam,28.56,83,53.4,15.89
2021,17,Ratnapura,25.46,88.36,161.18,7.76
2021,17,Trincomalee,28.71,80.11,22.3,11.99
2021,17,Vavuniya,28.66,80.94,31.26,10.43
2021,18,Ampara,27.83,83.36,50.57,10.7
2021,18,Anuradhapura,27.67,83.76,32.4,9.93
2021,18,Badulla,22.66,88.74,38.44,7.84
2021,18,Batticaloa,28.34,81.89,65.3,15.11
2021,18,Colombo,28.09,82.43,69.06,14.33
2021,18,Galle,27.63,82.09,49.61,20.99
2021,18,Gampaha,27.99,82.7,67.89,14.33
2021,18,Hambantota,26.27,89.71,79.1,25
2021,18,Jaffna,28.09,82.43,69.06,14.33
2021,18,Kalmunai,28.09,82.43,48.7,14.14
2021,18,Kalutara,28,82.63,94.14,14.33
2021,18,Kandy,23.9,87.81,80.8,6.69
2021,18,Kegalle,27.34,83.29,117.38,14.33
2021,18,Kilinochchi,28.7,81.07,53.24,14.36
2021,18,Kurunegala,28.62,82.52,162.06,17.11
2021,18,Mannar,28.39,81.31,72.51,17.56
2021,18,Matale,25.71,87.21,80.81,6.03
2021,18,Matara,25.26,88.61,101.82,27.84
2021,18,Monaragala,23.9,88.59,41.2,9.07
2021,18,Mullaitivu,28.57,80.99,60.2,19.04
2021,18,Nuwara Eliya,19.71,89.89,28.7,11.6
2021,18,Polonnaruwa,27.77,84.33,40.36,8.26
2021,18,Puttalam,27.96,83.39,81.9,10.7
2021,18,Ratnapura,24.93,89.6,156.47,8.71
2021,18,Trincomalee,28.49,81.03,17.5,13.99
2021,18,Vavuniya,27.94,83.94,62.41,9.56
2021,19,Ampara,29.07,79.73,7.77,10.7
2021,19,Anuradhapura,27.97,82.27,17.84,16.8
2021,19,Badulla,23.57,85.76,56.07,11.27
2021,19,Batticaloa,29.37,78.77,9.3,15.39
2021,19,Colombo,28.3,84.26,318.82,21.01
2021,19,Galle,27.74,82.13,144.46,43.31
2021,19,Gampaha,28.16,84.56,255.42,19.1
2021,19,Hambantota,28.46,82.61,4.51,31.53
2021,19,Jaffna,28.3,84.26,318.82,21.01
2021,19,Kalmunai,29.2,79.14,2.84,13.73
2021,19,Kalutara,28.24,84.3,293.14,20.91
2021,19,Kandy,24.3,86.13,68.56,9.73
2021,19,Kegalle,27.5,84.77,248.72,15.61
2021,19,Kilinochchi,29.54,78.14,1.97,23.11
2021,19,Kurunegala,27.84,84.8,395.5,20.06
2021,19,Mannar,29.23,81.03,9.83,39.33
2021,19,Matale,26.09,84.77,72.18,13.89
2021,19,Matara,27.36,84.74,126.74,28.36
2021,19,Monaragala,24.93,84.81,45.29,16.23
2021,19,Mullaitivu,29.23,77.69,6.2,20.43
2021,19,Nuwara Eliya,20.19,88.21,75.12,18.16
2021,19,Polonnaruwa,28.41,80.3,30.9,14.89
2021,19,Puttalam,28.54,83.83,52.4,25.9
2021,19,Ratnapura,25.56,86.59,103.3,10.61
2021,19,Trincomalee,28.96,77.86,23.4,16.93
2021,19,Vavuniya,28.57,81.21,12.16,17.66
2021,20,Ampara,29.1,77.54,17.37,13.04
2021,20,Anuradhapura,27.61,84.29,23.93,22.3
2021,20,Badulla,23.6,83.61,14.73,14.87
2021,20,Batticaloa,29.23,79.11,31.1,12.7
2021,20,Colombo,28.17,85.51,332.79,21.81
2021,20,Galle,28.01,82.84,48.05,38.4
2021,20,Gampaha,27.99,86.16,273.87,21.2
2021,20,Hambantota,28.14,88.04,62.31,28.69
2021,20,Jaffna,28.17,85.51,332.79,21.81
2021,20,Kalmunai,29.04,79.14,25.02,12.94
2021,20,Kalutara,28.06,85.77,329.93,21.2
2021,20,Kandy,24.03,86.71,38.74,13.73
2021,20,Kegalle,27.29,86.23,259.28,21.4
2021,20,Kilinochchi,29.44,79.06,19.22,28.96
2021,20,Kurunegala,27.96,84.13,345.04,24.46
2021,20,Mannar,29.26,81.87,8.02,41
2021,20,Matale,25.7,86.17,41.53,19.01
2021,20,Matara,28.34,87.74,102.9,27.57
2021,20,Monaragala,25.07,81.56,22.73,20.19
2021,20,Mullaitivu,29.06,78.67,8.5,25.04
2021,20,Nuwara Eliya,19.89,89.49,44.85,22.84
2021,20,Polonnaruwa,28.36,78.97,89.4,21.09
2021,20,Puttalam,28.13,86.56,109.49,26.34
2021,20,Ratnapura,24.83,90.6,200.48,11.37
2021,20,Trincomalee,29.04,76.23,238.3,24.47
2021,20,Vavuniya,28.37,82.7,59.04,22.19
2021,21,Ampara,29.63,71.29,4.23,11.24
2021,21,Anuradhapura,28.04,80.56,4.2,26.8
2021,21,Badulla,24.03,77.97,27.94,20.29
2021,21,Batticaloa,29.83,70.41,1.2,22.53
2021,21,Colombo,29.14,78.7,107.06,24.36
2021,21,Galle,27.73,82.69,34.51,37.23
2021,21,Gampaha,28.93,79.36,118.52,19.71
2021,21,Hambantota,28.64,80.13,28.9,37.36
2021,21,Jaffna,29.14,78.7,107.06,24.36
2021,21,Kalmunai,29.61,71.2,1.92,15.29
2021,21,Kalutara,29.01,79.23,126.2,22.13
2021,21,Kandy,23.66,86.69,122.98,21.76
2021,21,Kegalle,27.91,81.4,201.22,19.56
2021,21,Kilinochchi,29.94,74.89,0.33,29.41
2021,21,Kurunegala,27.54,84.33,437.85,21.11
2021,21,Mannar,29.19,80.04,1.21,41.5
2021,21,Matale,25.4,87.1,120,22.94
2021,21,Matara,28.2,81.96,41.06,35.67
2021,21,Monaragala,25.53,76.56,38.35,27.79
2021,21,Mullaitivu,29.71,73.67,1.5,28.09
2021,21,Nuwara Eliya,19.4,89.91,97.79,29.66
2021,21,Polonnaruwa,28.83,73.96,23.9,27.79
2021,21,Puttalam,28.61,82.07,24.4,40.83
2021,21,Ratnapura,24.83,89.66,140.38,16.36
2021,21,Trincomalee,29.57,71.64,1.1,33.53
2021,21,Vavuniya,28.93,78.54,2.7,24.69
2021,22,Ampara,29.17,76.19,24.28,9.16
2021,22,Anuradhapura,27.73,82.39,3.46,19.5
2021,22,Badulla,23.47,82.53,71.55,11.23
2021,22,Batticaloa,29.06,76.91,4.2,16.36
2021,22,Colombo,28.24,85,445.87,17.7
2021,22,Galle,27.56,85.37,84.27,32.03
2021,22,Gampaha,28.09,85.24,363.29,17.5
2021,22,Hambantota,28.49,83.31,1.92,27.96
2021,22,Jaffna,28.24,85,445.87,17.7
2021,22,Kalmunai,28.93,77.87,12.83,13.01
2021,22,Kalutara,28.11,85.11,427.95,17.5
2021,22,Kandy,23.77,86.47,70.86,20.51
2021,22,Kegalle,27.37,84.94,358.19,18.07
2021,22,Kilinochchi,29.34,78.46,31.38,24.37
2021,22,Kurunegala,27.74,84.21,461.03,19.58
2021,22,Mannar,28.9,82.01,25.52,35.53
2021,22,Matale,25.5,85.77,77.29,22.04
2021,22,Matara,28.37,84.93,68.97,27.13
2021,22,Monaragala,25.1,80.61,55.1,11.6
2021,22,Mullaitivu,29.1,77.39,18.7,21.24
2021,22,Nuwara Eliya,19.66,89.33,54.46,15.49
2021,22,Polonnaruwa,28.77,74.53,27.92,19.86
2021,22,Puttalam,28.27,84.43,113.6,24.33
2021,22,Ratnapura,24.74,89.79,260.27,12.1
2021,22,Trincomalee,29.23,73.73,5.6,24.33
2021,22,Vavuniya,28.5,80.8,33.48,18.4
2021,23,Ampara,29.54,68.86,1.96,13.13
2021,23,Anuradhapura,27.81,79.79,2.41,25.56
2021,23,Badulla,23.5,78.34,38.24,16.36
2021,23,Batticaloa,29.53,70.59,2.3,15.39
2021,23,Colombo,28.06,83.79,170.96,21.74
2021,23,Galle,27.61,83.44,95.66,30.86
2021,23,Gampaha,27.91,84.36,131.87,19.9
2021,23,Hambantota,27.81,82.61,18.3,41.39
2021,23,Jaffna,28.06,83.79,170.96,21.74
2021,23,Kalmunai,29.36,71.76,5.8,11.89
2021,23,Kalutara,28,84.21,160.65,20.67
2021,23,Kandy,23.54,84.8,36.11,17.36
2021,23,Kegalle,27.06,84.77,150.06,19.86
2021,23,Kilinochchi,29.49,76.27,12.07,32
2021,23,Kurunegala,27.64,83.89,219.02,20.39
2021,23,Mannar,28.8,82.04,5,42.66
2021,23,Matale,25.1,85.83,47.42,20
2021,23,Matara,27.39,85.4,104.84,42.39
2021,23,Monaragala,24.99,76.61,42.39,23.2
2021,23,Mullaitivu,29.43,73.31,3.7,26.89
2021,23,Nuwara Eliya,19.16,87.77,48.52,28.33
2021,23,Polonnaruwa,28.7,72.07,6.46,26.54
2021,23,Puttalam,28.46,82.17,9.7,30.61
2021,23,Ratnapura,24.56,89.06,152.88,13.73
2021,23,Trincomalee,29.33,71.23,0.9,28.94
2021,23,Vavuniya,28.87,75.76,2.6,25.5
2021,24,Ampara,30.49,63.4,0.3,10.3
2021,24,Anuradhapura,28.41,76.59,3.68,23.4
2021,24,Badulla,23.81,73.1,2.18,14.11
2021,24,Batticaloa,30.13,66.57,0.2,18.87
2021,24,Colombo,29.1,78.87,16.21,17.24
2021,24,Galle,28.26,81.34,3.8,27.97
2021,24,Gampaha,29,79.11,14.89,17.24
2021,24,Hambantota,29.27,73.91,0.3,33.39
2021,24,Jaffna,29.1,78.87,16.21,17.24
2021,24,Kalmunai,29.87,67.66,0.1,13.84
2021,24,Kalutara,29.09,78.87,16.48,17.24
2021,24,Kandy,24.11,79.04,8.86,18.41
2021,24,Kegalle,28.19,79.06,18.08,17.24
2021,24,Kilinochchi,29.87,72.56,0,31.53
2021,24,Kurunegala,28.17,80.89,78.15,18.53
2021,24,Mannar,28.74,80.7,0,38.89
2021,24,Matale,25.9,80.2,9.99,19.29
2021,24,Matara,28.71,78.13,0.87,34.66
2021,24,Monaragala,25.94,69.4,4.91,18.6
2021,24,Mullaitivu,29.9,69.57,0,25.31
2021,24,Nuwara Eliya,19.57,81.74,2.32,21.86
2021,24,Polonnaruwa,29.5,67.6,4.5,24.57
2021,24,Puttalam,28.66,81.77,13.9,26.01
2021,24,Ratnapura,25.44,81.91,7.5,15.23
2021,24,Trincomalee,29.93,67.74,0.2,26.74
2021,24,Vavuniya,29.69,70.86,0.5,23.24
2021,25,Ampara,30,65.56,28.18,12.37
2021,25,Anuradhapura,28.09,77.49,2.35,22.83
2021,25,Badulla,24.06,72.73,19.94,11.91
2021,25,Batticaloa,29.36,71.44,47.8,16.16
2021,25,Colombo,28.97,78.54,20.23,27.07
2021,25,Galle,27.43,84.44,32.69,32.4
2021,25,Gampaha,28.86,78.74,23.07,22.04
2021,25,Hambantota,28.61,79.46,4.32,31.33
2021,25,Jaffna,28.97,78.54,20.23,27.07
2021,25,Kalmunai,29.29,72,36.77,14.81
2021,25,Kalutara,28.89,78.9,38.84,22.09
2021,25,Kandy,24.14,79.74,21.2,17.59
2021,25,Kegalle,28.03,79.1,26.67,22.04
2021,25,Kilinochchi,29.44,74.73,5.91,25.61
2021,25,Kurunegala,28.56,78.67,26.52,20.82
2021,25,Mannar,28.6,81.21,6.09,38.33
2021,25,Matale,25.69,81.19,19.86,19.89
2021,25,Matara,28.74,81.64,28.73,33.87
2021,25,Monaragala,25.61,72.11,22.47,17.39
2021,25,Mullaitivu,29.13,74.06,25.9,23.74
2021,25,Nuwara Eliya,19.49,85.43,7.37,20.24
2021,25,Polonnaruwa,29.31,67.63,12.02,23.66
2021,25,Puttalam,28.43,81.66,10.1,27.41
2021,25,Ratnapura,24.87,87.84,122.88,13.11
2021,25,Trincomalee,29.44,68.97,3.5,26.01
2021,25,Vavuniya,29.07,74.03,21.6,20.57
2021,26,Ampara,29.34,73.1,16.37,14.43
2021,26,Anuradhapura,28.01,78.53,47.87,19.76
2021,26,Badulla,23.87,78.74,13.18,8.76
2021,26,Batticaloa,29.21,77.17,20.5,15.94
2021,26,Colombo,28.14,83.76,71.49,22.51
2021,26,Galle,27.27,85.16,36.93,39.44
2021,26,Gampaha,28.06,83.91,53.41,22.51
2021,26,Hambantota,28.04,84.21,23.9,30.54
2021,26,Jaffna,28.14,83.76,71.49,22.51
2021,26,Kalmunai,29.04,76.89,22.96,15.84
2021,26,Kalutara,28.07,83.9,78.63,22.51
2021,26,Kandy,24.13,82.3,36.73,10.36
2021,26,Kegalle,27.46,83.6,54.91,22.51
2021,26,Kilinochchi,29.33,75.19,1.38,21.43
2021,26,Kurunegala,28.09,80.03,50.08,21.06
2021,26,Mannar,28.39,82.14,0.71,36.1
2021,26,Matale,25.7,82.93,32.49,16.66
2021,26,Matara,27.96,85.8,54.25,33.1
2021,26,Monaragala,25.39,77.47,11.71,14.09
2021,26,Mullaitivu,29.01,74.99,4.9,21.14
2021,26,Nuwara Eliya,19.74,88.74,34.97,11.87
2021,26,Polonnaruwa,29.3,70.23,28.79,19.4
2021,26,Puttalam,28.14,83.46,17.71,23.39
2021,26,Ratnapura,24.41,90.64,67.3,11.16
2021,26,Trincomalee,29.43,70.81,18,20.21
2021,26,Vavuniya,29.03,75.39,22.65,18.77
2021,27,Ampara,28.79,74.06,19.7,14.51
2021,27,Anuradhapura,27.93,78.43,1.6,23.5
2021,27,Badulla,23.3,80.83,129.83,17.29
2021,27,Batticaloa,29.06,74.24,5.7,21
2021,27,Colombo,28.39,80.61,35.8,25.6
2021,27,Galle,26.86,86.29,96.68,39.43
2021,27,Gampaha,28.24,80.73,38.02,24.37
2021,27,Hambantota,27.81,84.77,72.8,34.91
2021,27,Jaffna,28.39,80.61,35.8,25.6
2021,27,Kalmunai,28.86,74.4,13.32,17.96
2021,27,Kalutara,28.3,80.64,55.44,25.84
2021,27,Kandy,23.61,85.41,62.64,18.26
2021,27,Kegalle,27.44,81.63,75.48,24.37
2021,27,Kilinochchi,29.34,75.14,1.06,26.8
2021,27,Kurunegala,27.89,78.54,66.02,21.86
2021,27,Mannar,28.7,80.59,0.42,38.89
2021,27,Matale,25.29,85.83,61.4,20.79
2021,27,Matara,27.79,85.49,128.7,41.4
2021,27,Monaragala,24.89,79.21,105.03,22.61
2021,27,Mullaitivu,28.99,74.91,3.6,23.36
2021,27,Nuwara Eliya,19.2,90.73,116.47,25.3
2021,27,Polonnaruwa,28.73,72.73,19.14,23.8
2021,27,Puttalam,28.3,82.07,6,29.56
2021,27,Ratnapura,25.07,88.33,182.29,13.93
2021,27,Trincomalee,28.96,73.23,21.7,26.54
2021,27,Vavuniya,28.87,75.23,4.19,21.71
2021,28,Ampara,29.29,72.93,50.32,10.63
2021,28,Anuradhapura,28.09,78.67,28.6,20.2
2021,28,Badulla,23.74,78.03,10.54,15.16
2021,28,Batticaloa,29.34,73.56,56.5,17.43
2021,28,Colombo,28.67,79.69,0.13,20.63
2021,28,Galle,27.64,84.53,8.01,35.76
2021,28,Gampaha,28.6,79.76,1.04,19.4
2021,28,Hambantota,28.77,79.04,8.71,30.96
2021,28,Jaffna,28.67,79.69,0.13,20.63
2021,28,Kalmunai,29.06,75.4,57.56,13.19
2021,28,Kalutara,28.64,79.77,2.08,20.43
2021,28,Kandy,23.96,82.96,4.65,16.66
2021,28,Kegalle,27.84,80.3,4.16,18.79
2021,28,Kilinochchi,29.09,77.61,58.98,20.03
2021,28,Kurunegala,28.39,79.37,6.52,20.7
2021,28,Mannar,28.5,81.93,112.03,31.94
2021,28,Matale,25.84,82.41,6.21,18.26
2021,28,Matara,28.59,81.99,12.48,30.74
2021,28,Monaragala,25.41,77,21.16,19.16
2021,28,Mullaitivu,28.81,76.91,16.1,18.87
2021,28,Nuwara Eliya,19.46,87.5,5.34,21.84
2021,28,Polonnaruwa,29.06,70.99,27.14,22.17
2021,28,Puttalam,28.34,82.21,2.7,25.53
2021,28,Ratnapura,25.13,85.87,15,15.21
2021,28,Trincomalee,28.84,74.36,44.9,22.83
2021,28,Vavuniya,28.81,76.8,6.05,18.46
2021,29,Ampara,29.8,65.14,6.09,14.37
2021,29,Anuradhapura,27.96,77.69,3.94,27.71
2021,29,Badulla,24.09,72.84,12.3,24.7
2021,29,Batticaloa,29.99,66.03,1.9,19.27
2021,29,Colombo,27.84,83.41,276.6,22.99
2021,29,Galle,27.16,85.4,46.16,52.3
2021,29,Gampaha,27.79,83.29,174.11,22.99
2021,29,Hambantota,28.4,79.96,34.1,35.2
2021,29,Jaffna,27.84,83.41,276.6,22.99
2021,29,Kalmunai,29.67,67.73,2.26,14.94
2021,29,Kalutara,27.79,83.53,188.17,22.99
2021,29,Kandy,23.66,83.41,56.47,22.36
2021,29,Kegalle,27.11,83.09,127.68,22.99
2021,29,Kilinochchi,29.44,74.79,1.3,33.19
2021,29,Kurunegala,27.66,81.74,138.5,21.4
2021,29,Mannar,28.34,82.19,1.2,43.87
2021,29,Matale,25.17,84.96,49.74,22.99
2021,29,Matara,28.3,82.51,70.76,35.13
2021,29,Monaragala,25.44,73.54,12.4,33.39
2021,29,Mullaitivu,29.39,72.27,2,28.96
2021,29,Nuwara Eliya,18.97,89.36,44.63,35.79
2021,29,Polonnaruwa,28.96,69.47,10.35,29.06
2021,29,Puttalam,28.11,82.44,9.3,32.36
2021,29,Ratnapura,24.43,88.79,104.49,15.47
2021,29,Trincomalee,29.19,70.8,1.1,32.33
2021,29,Vavuniya,29.14,73.31,3.62,26.9
2021,30,Ampara,30.27,65.13,1.4,10.29
2021,30,Anuradhapura,28.31,75.41,2.2,22.39
2021,30,Badulla,24.71,69.94,2.79,13.5
2021,30,Batticaloa,29.9,68.67,0.2,18.73
2021,30,Colombo,28.33,81.07,2.16,20.11
2021,30,Galle,27.27,85.26,38.48,36.91
2021,30,Gampaha,28.29,80.47,4.94,20.11
2021,30,Hambantota,29.19,75.4,0.5,32.41
2021,30,Jaffna,28.33,81.07,2.16,20.11
2021,30,Kalmunai,29.76,69.7,0.1,13.11
2021,30,Kalutara,28.33,80.63,13.09,20.11
2021,30,Kandy,24.09,80.31,3.61,17.59
2021,30,Kegalle,27.64,79.94,6.18,20.11
2021,30,Kilinochchi,29.66,73.37,0,27.26
2021,30,Kurunegala,27.56,82.29,126.01,18.12
2021,30,Mannar,28.27,82.13,0.4,37.04
2021,30,Matale,25.79,80.61,8.01,20.73
2021,30,Matara,28.79,79.87,28.05,35.3
2021,30,Monaragala,26.19,69.71,8.95,17.93
2021,30,Mullaitivu,29.54,71.9,0,24.79
2021,30,Nuwara Eliya,19.53,85.4,6.18,22.86
2021,30,Polonnaruwa,29.49,66.77,1.98,24.03
2021,30,Puttalam,28.2,81.77,1.3,26.89
2021,30,Ratnapura,24.97,85.33,20.1,14.7
2021,30,Trincomalee,29.7,68.13,0.6,27.41
2021,30,Vavuniya,29.59,71.09,0.6,20.21
2021,31,Ampara,29.67,68.89,55.83,11.14
2021,31,Anuradhapura,28.17,76.84,9.41,33.67
2021,31,Badulla,24.34,74.06,123.16,12.36
2021,31,Batticaloa,29.34,71.67,45.6,15.56
2021,31,Colombo,28.23,81.56,19.7,23.5
2021,31,Galle,26.77,87.6,25.98,35.93
2021,31,Gampaha,28.16,81.83,16.07,21.96
2021,31,Hambantota,28.2,79.39,17.41,33.13
2021,31,Jaffna,28.23,81.56,19.7,23.5
2021,31,Kalmunai,29.23,73.13,48.27,12.41
2021,31,Kalutara,28.16,81.99,32.32,23.13
2021,31,Kandy,23.79,83.34,33.98,17.4
2021,31,Kegalle,27.41,82.17,21.15,21.96
2021,31,Kilinochchi,29.49,74.91,1.55,29.17
2021,31,Kurunegala,27.39,81.94,89.33,22.26
2021,31,Mannar,28.16,83.1,1.2,38.3
2021,31,Matale,25.23,85.5,30.05,20.43
2021,31,Matara,27.64,82.89,22.55,35.94
2021,31,Monaragala,25.69,75.14,74.99,17.46
2021,31,Mullaitivu,29.37,73.23,8.1,24.49
2021,31,Nuwara Eliya,19.29,89.81,17.41,17.67
2021,31,Polonnaruwa,29.2,69.46,15.41,24.84
2021,31,Puttalam,28.06,82.63,2.6,29.36
2021,31,Ratnapura,24.59,89.71,109.58,13.63
2021,31,Trincomalee,29.53,69.69,3.6,27.06
2021,31,Vavuniya,29.39,73.23,7.5,21.13
2021,32,Ampara,28.97,73.64,13.08,11.94
2021,32,Anuradhapura,27.8,77.11,3.47,19.96
2021,32,Badulla,23.84,74.1,4.73,10.53
2021,32,Batticaloa,29.19,72.6,3.8,16.87
2021,32,Colombo,27.87,81.56,11.66,19.71
2021,32,Galle,26.87,86.39,5.9,27.73
2021,32,Gampaha,27.76,81.51,13.91,19.3
2021,32,Hambantota,28.9,75.77,0.01,30.61
2021,32,Jaffna,27.87,81.56,11.66,19.71
2021,32,Kalmunai,28.94,74.27,10.18,14.61
2021,32,Kalutara,27.8,81.6,25.62,19.46
2021,32,Kandy,23.4,83.57,43.95,15.93
2021,32,Kegalle,27.1,81.51,22.11,19.3
2021,32,Kilinochchi,28.93,75.94,14.29,22.1
2021,32,Kurunegala,27.78,78.98,0.45,19.15
2021,32,Mannar,27.91,82.91,2.02,31.53
2021,32,Matale,25.14,83.49,35.86,18.91
2021,32,Matara,28.54,79.19,5.56,28.9
2021,32,Monaragala,25.26,75.11,23.18,13.86
2021,32,Mullaitivu,28.63,75.9,53.5,22.44
2021,32,Nuwara Eliya,18.89,89.76,40.18,17.49
2021,32,Polonnaruwa,28.87,69.26,11,21.6
2021,32,Puttalam,27.89,81.93,1.5,23.84
2021,32,Ratnapura,24.54,87.24,103.68,14.1
2021,32,Trincomalee,28.9,71.59,7.7,24.21
2021,32,Vavuniya,28.43,76.01,55.71,17.19
2021,33,Ampara,28.36,76.71,14.19,13.19
2021,33,Anuradhapura,27.46,78.14,106.01,20.67
2021,33,Badulla,23.51,76.69,71.94,11.7
2021,33,Batticaloa,28.23,77.73,8.9,16.97
2021,33,Colombo,27.87,82.56,33.44,18.79
2021,33,Galle,26.69,86.16,26.51,20.31
2021,33,Gampaha,27.79,82.53,29.69,18.79
2021,33,Hambantota,28.24,80.39,32.91,27.57
2021,33,Jaffna,27.87,82.56,33.44,18.79
2021,33,Kalmunai,28.11,78.7,6.86,16.56
2021,33,Kalutara,27.81,82.61,36.55,18.79
2021,33,Kandy,23.5,83.3,11.13,12.19
2021,33,Kegalle,27.2,82.41,37.41,18.79
2021,33,Kilinochchi,28.19,78.94,24.05,23.26
2021,33,Kurunegala,27.86,79.96,46.78,20.8
2021,33,Mannar,27.31,85.59,6.32,34.1
2021,33,Matale,25.2,83.03,13.45,16.76
2021,33,Matara,28.17,83.03,33.6,25.47
2021,33,Monaragala,25.01,77.21,49.28,17.07
2021,33,Mullaitivu,28.01,77.79,73,20.01
2021,33,Nuwara Eliya,19.14,89.2,8.78,17.71
2021,33,Polonnaruwa,28.46,71.86,28.5,18.41
2021,33,Puttalam,27.53,83,6.01,23.23
2021,33,Ratnapura,24.43,87.97,42.6,10.97
2021,33,Trincomalee,28.13,75.29,19.7,18.53
2021,33,Vavuniya,28.1,76.61,77.22,18.93
2021,34,Ampara,28.34,74.76,16.53,12.2
2021,34,Anuradhapura,27.69,76.91,1.86,28.44
2021,34,Badulla,22.76,81.73,76.58,21.23
2021,34,Batticaloa,28.91,73.07,4.9,18.67
2021,34,Colombo,27.34,83.44,251.61,20.83
2021,34,Galle,26.51,86.76,81.34,26.31
2021,34,Gampaha,27.23,83.81,197.07,19.34
2021,34,Hambantota,27.57,83.51,40.6,30.5
2021,34,Jaffna,27.34,83.44,251.61,20.83
2021,34,Kalmunai,28.63,74.56,12.97,13.11
2021,34,Kalutara,27.3,83.7,222.82,19.34
2021,34,Kandy,23.2,84.36,48.6,16.9
2021,34,Kegalle,26.53,83.8,194.56,19.34
2021,34,Kilinochchi,28.76,75.99,1.32,31.74
2021,34,Kurunegala,27.2,81.25,264.48,20.67
2021,34,Mannar,27.74,83.23,0.2,40.79
2021,34,Matale,24.77,85.57,50.61,20.04
2021,34,Matara,27.41,85.33,111.41,29.41
2021,34,Monaragala,24.26,79.39,53.92,29.21
2021,34,Mullaitivu,28.87,73.53,1.4,25.06
2021,34,Nuwara Eliya,18.57,90.59,55.92,29.69
2021,34,Polonnaruwa,28.37,71.4,16.34,24.99
2021,34,Puttalam,27.87,82.37,12.4,28.21
2021,34,Ratnapura,24.26,89.17,119.29,12.51
2021,34,Trincomalee,28.63,72.17,18.4,27.2
2021,34,Vavuniya,28.63,73.91,1.6,24.07
2021,35,Ampara,28.66,73.86,9.9,12.29
2021,35,Anuradhapura,27.56,78.89,39.85,24.07
2021,35,Badulla,23.24,79.19,10.56,11.59
2021,35,Batticaloa,28.76,75.74,4,13.6
2021,35,Colombo,28.03,81.83,73.88,19.56
2021,35,Galle,26.76,87.47,27.59,23.7
2021,35,Gampaha,27.9,81.84,61.32,19.56
2021,35,Hambantota,27.49,85.71,19.01,31.33
2021,35,Jaffna,28.03,81.83,73.88,19.56
2021,35,Kalmunai,28.51,77.13,9.6,12.09
2021,35,Kalutara,27.96,82.01,79.09,19.56
2021,35,Kandy,23.31,85.13,54.9,16.91
2021,35,Kegalle,27.06,82.9,81.8,19.56
2021,35,Kilinochchi,28.57,77.71,61.09,29.37
2021,35,Kurunegala,26.82,85.18,471.32,19.58
2021,35,Mannar,27.64,83.47,68.41,37.43
2021,35,Matale,24.94,85.1,48.64,19.96
2021,35,Matara,27.63,87.39,41.38,30.5
2021,35,Monaragala,24.76,77.49,22.49,17.11
2021,35,Mullaitivu,28.51,76.24,24.1,24.79
2021,35,Nuwara Eliya,18.76,91.06,32.59,18.36
2021,35,Polonnaruwa,28.59,70.29,18.56,25.36
2021,35,Puttalam,27.91,82.24,17.7,27.26
2021,35,Ratnapura,24.07,90.44,115.88,12.71
2021,35,Trincomalee,28.67,72.63,5.1,27.71
2021,35,Vavuniya,28.36,75.94,43.55,22.69
2021,36,Ampara,29.57,67.76,0.2,14.7
2021,36,Anuradhapura,28.36,74.21,0.7,24.69
2021,36,Badulla,24.31,71.07,1.27,13.54
2021,36,Batticaloa,29.34,72.21,0,14.66
2021,36,Colombo,28.31,80.2,76.87,20.63
2021,36,Galle,27.47,84.39,25.42,24.37
2021,36,Gampaha,28.19,80.03,50.35,20.63
2021,36,Hambantota,28.57,79.91,1.21,32.36
2021,36,Jaffna,28.31,80.2,76.87,20.63
2021,36,Kalmunai,29.23,73.01,0.2,13.51
2021,36,Kalutara,28.26,80.2,61.27,20.63
2021,36,Kandy,23.84,81.01,6.92,17.93
2021,36,Kegalle,27.47,80.29,43.12,20.63
2021,36,Kilinochchi,29.39,73.37,0,30.5
2021,36,Kurunegala,27.64,80.26,70.32,21.31
2021,36,Mannar,27.94,83.07,0.2,42.01
2021,36,Matale,25.5,81.57,6.96,20.63
2021,36,Matara,28.36,83.23,24.4,33.06
2021,36,Monaragala,25.57,72.6,7.34,19.19
2021,36,Mullaitivu,29.51,70.89,0.1,25.5
2021,36,Nuwara Eliya,19.3,86.53,1.44,21.54
2021,36,Polonnaruwa,29.31,66.96,1.45,25.36
2021,36,Puttalam,28.31,79.7,4.8,28.7
2021,36,Ratnapura,24.61,88.19,44.99,13.61
2021,36,Trincomalee,29.66,67.6,0.7,27.46
2021,36,Vavuniya,29.36,70.79,1.4,24.57
2021,37,Ampara,28.9,76.9,25.47,12.31
2021,37,Anuradhapura,28.34,78.34,17.52,20.06
2021,37,Badulla,23.8,81.96,23.82,7.81
2021,37,Batticaloa,28.76,79.87,19,16.71
2021,37,Colombo,28.03,83.89,59.86,18.27
2021,37,Galle,27.21,86.89,32.26,20.81
2021,37,Gampaha,27.89,83.73,47.84,18.27
2021,37,Hambantota,28.76,82.49,20.13,30.39
2021,37,Jaffna,28.03,83.89,59.86,18.27
2021,37,Kalmunai,28.59,80.53,26.38,15.43
2021,37,Kalutara,27.96,83.94,64.51,18.27
2021,37,Kandy,24.24,84.24,6.2,10.19
2021,37,Kegalle,27.29,83.84,63.1,18.27
2021,37,Kilinochchi,29.06,77.79,34.37,19.94
2021,37,Kurunegala,27.76,82.45,84.15,19.6
2021,37,Mannar,27.97,85.01,32.15,30.91
2021,37,Matale,25.76,84.79,15.24,16.31
2021,37,Matara,28.5,85.56,44.82,29.5
2021,37,Monaragala,25.53,78.71,42.31,11.37
2021,37,Mullaitivu,28.76,78.64,41,20.61
2021,37,Nuwara Eliya,19.74,90.54,10.74,12.17
2021,37,Polonnaruwa,29.07,72.81,39.69,19.96
2021,37,Puttalam,28.36,82.51,6.6,22.47
2021,37,Ratnapura,24.91,90.5,89.19,10.4
2021,37,Trincomalee,28.69,76.76,140.5,19.96
2021,37,Vavuniya,28.86,77.83,64.53,18.47
2021,38,Ampara,28.6,76.56,25.61,13.16
2021,38,Anuradhapura,28.17,77.83,76.85,21.74
2021,38,Badulla,23.03,83.47,97.15,10.57
2021,38,Batticaloa,28.71,78.2,16.5,16.36
2021,38,Colombo,28.03,81.93,100.34,21.24
2021,38,Galle,27.59,84.91,47.08,31.57
2021,38,Gampaha,27.93,81.51,68.61,20.84
2021,38,Hambantota,28.14,83.51,31.72,33.13
2021,38,Jaffna,28.03,81.93,100.34,21.24
2021,38,Kalmunai,28.49,78.66,17.08,14.34
2021,38,Kalutara,27.97,81.91,95.03,20.89
2021,38,Kandy,23.84,84.21,71.06,15.49
2021,38,Kegalle,27.27,81.8,99.17,20.84
2021,38,Kilinochchi,29.13,77.29,34.4,23.9
2021,38,Kurunegala,27.88,80.62,104.35,20.53
2021,38,Mannar,28.53,81.06,17.07,34.87
2021,38,Matale,25.49,84.04,73.28,18.91
2021,38,Matara,28.37,84.9,71.1,30.27
2021,38,Monaragala,24.69,80.03,76.35,14.87
2021,38,Mullaitivu,28.51,79,105.6,23.4
2021,38,Nuwara Eliya,19.16,90.69,94.28,20.9
2021,38,Polonnaruwa,28.64,73.5,58.74,22.23
2021,38,Puttalam,28.5,80.91,10.71,26.5
2021,38,Ratnapura,24.5,89.83,124.99,13.74
2021,38,Trincomalee,28.56,76.59,69.6,24.11
2021,38,Vavuniya,28.51,78.44,145.52,20.09
2021,39,Ampara,27.56,79.44,56.88,9.79
2021,39,Anuradhapura,26.91,83.16,28.2,15.63
2021,39,Badulla,22.16,86,117.93,11.9
2021,39,Batticaloa,27.94,77.54,69.2,17.33
2021,39,Colombo,26.77,83.77,146.3,16.76
2021,39,Galle,27.04,85.67,63.64,26.46
2021,39,Gampaha,26.5,83.73,148.49,14.66
2021,39,Hambantota,27.24,86.5,77.02,26.9
2021,39,Jaffna,26.77,83.77,146.3,16.76
2021,39,Kalmunai,27.77,78.07,58.7,13.57
2021,39,Kalutara,26.69,83.83,156.7,15.96
2021,39,Kandy,22.83,87.71,108.44,10.66
2021,39,Kegalle,25.87,84.51,171.11,14.59
2021,39,Kilinochchi,28.04,81.63,54.38,16.16
2021,39,Kurunegala,26.29,84.07,152.3,14.59
2021,39,Mannar,27.67,82.76,79.44,25.44
2021,39,Matale,24.51,87.34,94.18,13.94
2021,39,Matara,27.29,87.26,120.1,24.96
2021,39,Monaragala,23.69,84.54,87.26,16.4
2021,39,Mullaitivu,27.51,83.4,36.9,15.17
2021,39,Nuwara Eliya,18.51,91.23,91.79,18.74
2021,39,Polonnaruwa,27.27,79.73,65.04,16.5
2021,39,Puttalam,27.49,83.81,32.3,19.69
2021,39,Ratnapura,24.39,88.46,104.39,10.39
2021,39,Trincomalee,27.4,81.19,51.5,18.73
2021,39,Vavuniya,27.23,84.51,52.6,13.83
2021,40,Ampara,28.24,76.81,11.44,14.34
2021,40,Anuradhapura,27.04,83.4,54.75,21.91
2021,40,Badulla,23.01,82.1,24.48,14.04
2021,40,Batticaloa,28.5,78.46,5.2,16.06
2021,40,Colombo,27.11,83.06,169.82,21.6
2021,40,Galle,27.53,84.23,26.9,29.06
2021,40,Gampaha,26.83,82.93,143.52,20.51
2021,40,Hambantota,27.54,87.99,55.4,29.47
2021,40,Jaffna,27.11,83.06,169.82,21.6
2021,40,Kalmunai,28.37,77.79,8.01,14.66
2021,40,Kalutara,27.04,82.84,170.76,20.89
2021,40,Kandy,23.36,86.31,93.57,15.19
2021,40,Kegalle,26.17,83.56,169.26,20.31
2021,40,Kilinochchi,27.83,83.66,173.57,24.11
2021,40,Kurunegala,26.69,82.99,160.67,20.37
2021,40,Mannar,27.8,84.01,127.03,35.63
2021,40,Matale,25.01,85.71,84.89,19.01
2021,40,Matara,27.74,87.81,77.1,27.74
2021,40,Monaragala,24.51,79.91,31.23,21.14
2021,40,Mullaitivu,27.8,81.94,53.7,22.99
2021,40,Nuwara Eliya,19.06,89.94,60.8,23.06
2021,40,Polonnaruwa,27.99,75.83,72.76,22.47
2021,40,Puttalam,27.61,84.5,49.73,25.67
2021,40,Ratnapura,24.37,89.3,126.58,13.01
2021,40,Trincomalee,28.16,76.76,108.8,23.54
2021,40,Vavuniya,27.54,83.29,60.37,20.93
2021,41,Ampara,29.31,69.4,2.69,12.36
2021,41,Anuradhapura,27.76,77.97,8.45,25.26
2021,41,Badulla,23.53,76.26,7.43,18.67
2021,41,Batticaloa,29.07,73.71,2.4,18.46
2021,41,Colombo,28.2,78.94,39.79,21.19
2021,41,Galle,27.81,84.17,81.99,32.4
2021,41,Gampaha,27.81,78.71,36.77,20.91
2021,41,Hambantota,28.34,81.9,7,32.83
2021,41,Jaffna,28.2,78.94,39.79,21.19
2021,41,Kalmunai,28.91,74.13,2.4,13.73
2021,41,Kalutara,28.14,78.83,50.36,20.67
2021,41,Kandy,23.63,82.46,10.05,19.96
2021,41,Kegalle,27.14,79.54,40.49,20.8
2021,41,Kilinochchi,28.7,78.59,19.41,27.46
2021,41,Kurunegala,27.5,79.1,40.72,21.19
2021,41,Mannar,28.26,82.79,8.3,39.97
2021,41,Matale,25.37,83.24,12.42,22.04
2021,41,Matara,28.43,83.93,67.21,31.67
2021,41,Monaragala,25.29,73.7,5.68,26.23
2021,41,Mullaitivu,28.84,74.54,9.8,26.07
2021,41,Nuwara Eliya,19.06,87.89,9.88,31.04
2021,41,Polonnaruwa,28.83,69.79,8.2,26.63
2021,41,Puttalam,28.3,81.17,42.5,28.39
2021,41,Ratnapura,25.53,86.21,73.19,13.39
2021,41,Trincomalee,28.97,71.14,5.1,27.47
2021,41,Vavuniya,28.5,75.09,10.75,24.8
2021,42,Ampara,27.76,79.74,28.14,11.66
2021,42,Anuradhapura,27.17,83.31,49.01,11.31
2021,42,Badulla,22.23,87.57,86.93,8.54
2021,42,Batticaloa,27.81,81.71,38.7,16.59
2021,42,Colombo,27.26,83,220.32,14.74
2021,42,Galle,27.39,82.13,55.67,24.39
2021,42,Gampaha,26.9,82.73,199.11,14.33
2021,42,Hambantota,27.53,85.54,13.03,23.66
2021,42,Jaffna,27.26,83,220.32,14.74
2021,42,Kalmunai,27.63,82.04,41.65,15.41
2021,42,Kalutara,27.17,83.03,232.51,15
2021,42,Kandy,23.19,88.54,77.22,6.9
2021,42,Kegalle,26.33,83.4,242.84,14.03
2021,42,Kilinochchi,27.91,82.8,17.18,13.69
2021,42,Kurunegala,26.74,82.77,261.49,14.54
2021,42,Mannar,27.59,83.41,1.86,22.31
2021,42,Matale,24.99,87.36,83.24,10.01
2021,42,Matara,27.51,86.93,59.17,22.16
2021,42,Monaragala,23.94,84.91,75.72,9.61
2021,42,Mullaitivu,27.51,83.8,47.1,13.31
2021,42,Nuwara Eliya,18.94,91.14,121.5,11.61
2021,42,Polonnaruwa,27.49,81.97,40.02,11.71
2021,42,Puttalam,27.63,84.23,21.9,15.3
2021,42,Ratnapura,25.07,87.77,125.59,9.67
2021,42,Trincomalee,27.51,82.46,43.2,14.91
2021,42,Vavuniya,27.5,83.19,56.1,10.93
2021,43,Ampara,26.44,86.73,70.95,10.27
2021,43,Anuradhapura,25.73,90.57,174.61,9.3
2021,43,Badulla,21.81,91.03,196.05,7.54
2021,43,Batticaloa,27.1,84.16,30.2,16.41
2021,43,Colombo,25.71,88.53,318.47,14.53
2021,43,Galle,26.53,85.63,19.7,25.54
2021,43,Gampaha,25.47,88.73,265.18,14.59
2021,43,Hambantota,26.56,89.37,77.43,22.63
2021,43,Jaffna,25.71,88.53,318.47,14.53
2021,43,Kalmunai,26.86,84.37,37.57,14.34
2021,43,Kalutara,25.67,88.53,308.84,14.73
2021,43,Kandy,22.6,91.97,176.44,6.37
2021,43,Kegalle,24.97,89.3,315.88,14.26
2021,43,Kilinochchi,26.8,88.07,227.11,17.17
2021,43,Kurunegala,25.33,89.19,311.76,15.36
2021,43,Mannar,26.84,86,253.87,23.47
2021,43,Matale,24.16,92.31,167.98,7.63
2021,43,Matara,25.9,89.43,45.88,24.89
2021,43,Monaragala,23.19,90.43,150.44,9.11
2021,43,Mullaitivu,26.67,88.21,184.5,18.46
2021,43,Nuwara Eliya,18.76,92.73,143.38,12.26
2021,43,Polonnaruwa,26.17,88.99,169.38,8.59
2021,43,Puttalam,26.43,89.11,244.6,13.99
2021,43,Ratnapura,24.03,92.46,122.8,6.84
2021,43,Trincomalee,26.63,87.41,117,14.14
2021,43,Vavuniya,25.89,91.73,263.43,9.59
2021,44,Ampara,26.4,87.53,136.14,8.83
2021,44,Anuradhapura,25.7,90.21,192.01,13.51
2021,44,Badulla,21.76,91.33,72.53,8.26
2021,44,Batticaloa,27.06,84.43,58.2,15.8
2021,44,Colombo,25.81,88.31,338.44,16.99
2021,44,Galle,26.37,86,345.08,35.49
2021,44,Gampaha,25.6,88.66,274.03,16.43
2021,44,Hambantota,26.06,90.59,44.32,38.69
2021,44,Jaffna,25.81,88.31,338.44,16.99
2021,44,Kalmunai,26.77,84.83,133.04,12.91
2021,44,Kalutara,25.74,88.43,345.88,16.89
2021,44,Kandy,22.44,91.83,195.61,8.61
2021,44,Kegalle,25.07,89.39,346.95,16.64
2021,44,Kilinochchi,26.69,87.83,93.65,16.6
2021,44,Kurunegala,25.44,89.24,377.71,17.7
2021,44,Mannar,26.96,84.31,94.09,21.19
2021,44,Matale,24.06,91.8,191.18,10.44
2021,44,Matara,25.14,90.23,335.9,37.04
2021,44,Monaragala,22.99,91.29,108.51,11.91
2021,44,Mullaitivu,26.34,89.13,52.6,18.17
2021,44,Nuwara Eliya,18.6,93.3,99.83,14.89
2021,44,Polonnaruwa,26.01,89.34,189.43,13.86
2021,44,Puttalam,26.67,87.66,250.04,17.49
2021,44,Ratnapura,23.54,92.1,222.28,9.73
2021,44,Trincomalee,26.44,87.5,209.2,18.77
2021,44,Vavuniya,26.04,90.43,91.17,12.76
2021,45,Ampara,26.73,84.59,55.76,11.93
2021,45,Anuradhapura,25.56,88.96,66.96,18.36
2021,45,Badulla,22.09,86.77,9.92,13.7
2021,45,Batticaloa,27.29,82.67,94.6,19.34
2021,45,Colombo,26.26,86.76,320.97,19.96
2021,45,Galle,26.81,83.79,33.94,30.76
2021,45,Gampaha,26.03,87.03,246.79,17.66
2021,45,Hambantota,26.31,84.94,34.5,45.29
2021,45,Jaffna,26.26,86.76,320.97,19.96
2021,45,Kalmunai,27.09,82.41,76.59,15.53
2021,45,Kalutara,26.17,86.64,270.13,20.07
2021,45,Kandy,22.21,90.87,97.81,12.86
2021,45,Kegalle,25.31,88.03,273.22,17.56
2021,45,Kilinochchi,26.8,86.76,316.88,24.43
2021,45,Kurunegala,25.69,87.77,298.08,17.81
2021,45,Mannar,27.17,83.76,160.64,38.6
2021,45,Matale,23.8,90.4,98.96,15.69
2021,45,Matara,25.71,85.6,37.54,40.73
2021,45,Monaragala,23.33,87.24,22.27,18.31
2021,45,Mullaitivu,26.59,86.24,56.6,22.63
2021,45,Nuwara Eliya,18.31,92.94,37.27,21.76
2021,45,Polonnaruwa,26.07,84.84,108.16,18.83
2021,45,Puttalam,26.51,87.26,203.45,27.46
2021,45,Ratnapura,23.66,90.46,70.29,13.07
2021,45,Trincomalee,26.69,83.17,99.4,23.5
2021,45,Vavuniya,26.04,88.63,123.87,19
2021,46,Ampara,27.07,83.81,25.48,10.03
2021,46,Anuradhapura,26.27,84.53,67.67,16.2
2021,46,Badulla,22.17,82.39,37.34,11.53
2021,46,Batticaloa,27.49,81.83,11.2,16.21
2021,46,Colombo,27.1,82.47,113.62,14.57
2021,46,Galle,27.27,82.07,34.32,25.26
2021,46,Gampaha,26.91,82.59,66.37,14.03
2021,46,Hambantota,27.74,81.54,5.3,25.04
2021,46,Jaffna,27.1,82.47,113.62,14.57
2021,46,Kalmunai,27.29,82.41,16.32,14.34
2021,46,Kalutara,27.03,82.51,82.07,14.7
2021,46,Kandy,22.64,85.07,15.18,11.1
2021,46,Kegalle,26.31,82.63,77.37,14.03
2021,46,Kilinochchi,27.24,84.27,74.67,20.83
2021,46,Kurunegala,26.74,82.29,98.96,14.03
2021,46,Mannar,27.47,81.79,20.35,28.74
2021,46,Matale,24.57,83.63,25.92,13.99
2021,46,Matara,27.56,83.26,37.75,24.16
2021,46,Monaragala,23.59,83.71,25.68,16.13
2021,46,Mullaitivu,27.03,83.79,35.5,20.36
2021,46,Nuwara Eliya,18.79,85.46,21.79,21.26
2021,46,Polonnaruwa,26.53,81.7,34.27,15.69
2021,46,Puttalam,27.46,82.74,17.81,20.31
2021,46,Ratnapura,24.11,85.7,58.79,11.93
2021,46,Trincomalee,27.03,81.19,38.9,19.49
2021,46,Vavuniya,26.66,85.44,35.51,16.29
2021,47,Ampara,25.91,90.24,288.13,10.37
2021,47,Anuradhapura,25.5,92.06,73.6,10.34
2021,47,Badulla,21.53,93.07,206.43,8.44
2021,47,Batticaloa,26.49,87.96,331.2,16.71
2021,47,Colombo,26.24,88.4,120.58,15.36
2021,47,Galle,25.97,85.99,51.77,28.07
2021,47,Gampaha,25.97,89.46,106.6,14.59
2021,47,Hambantota,26.4,91.37,159.13,20.07
2021,47,Jaffna,26.24,88.4,120.58,15.36
2021,47,Kalmunai,26.23,88.19,303.64,14.21
2021,47,Kalutara,26.14,88.84,114.91,14.59
2021,47,Kandy,22.51,92.57,135.42,6.01
2021,47,Kegalle,25.43,89.86,249.54,14.59
2021,47,Kilinochchi,26.3,90.46,244.35,19.33
2021,47,Kurunegala,25.81,89.73,370.22,14.59
2021,47,Mannar,26.26,89.33,320.11,25
2021,47,Matale,24.33,91.89,170.82,7.27
2021,47,Matara,26.09,91.33,176.68,29.94
2021,47,Monaragala,23,91.67,208.62,9.76
2021,47,Mullaitivu,26.19,90.71,235.2,20.27
2021,47,Nuwara Eliya,18.81,93.09,80.94,10.77
2021,47,Polonnaruwa,25.64,92.26,194.14,9.83
2021,47,Puttalam,26.33,89.33,189.49,15.17
2021,47,Ratnapura,24.14,91.59,115.89,5.4
2021,47,Trincomalee,26.19,89.96,215.1,17.27
2021,47,Vavuniya,25.66,93.49,259.52,11.31
2021,48,Ampara,26.86,84.01,13.93,9.61
2021,48,Anuradhapura,26.89,83.76,7.61,8.44
2021,48,Badulla,22.09,87.44,62.3,8.09
2021,48,Batticaloa,27.43,81.23,4,12.97
2021,48,Colombo,27.34,84.9,64.36,12.23
2021,48,Galle,26.66,84.5,146.15,16.16
2021,48,Gampaha,27.13,85.44,61.39,12.23
2021,48,Hambantota,26.47,88.91,150.51,13.66
2021,48,Jaffna,27.34,84.9,64.36,12.23
2021,48,Kalmunai,27.16,81.84,6.43,12.23
2021,48,Kalutara,27.2,85.1,83.87,12.23
2021,48,Kandy,23.4,86.81,27.03,6.89
2021,48,Kegalle,26.56,85.4,80.66,12.23
2021,48,Kilinochchi,27.23,84.06,36.97,13.37
2021,48,Kurunegala,27,85.03,86.52,12.23
2021,48,Mannar,27.27,80.97,34.22,16.06
2021,48,Matale,25.33,85.69,30.37,7.3
2021,48,Matara,26.63,89.81,288.04,13.51
2021,48,Monaragala,23.29,87.13,44.79,8.91
2021,48,Mullaitivu,27.1,83.63,5.1,14.3
2021,48,Nuwara Eliya,19.07,88.36,20.65,12.87
2021,48,Polonnaruwa,27.06,84.21,15.44,7.5
2021,48,Puttalam,27.33,83.93,33.6,11.57
2021,48,Ratnapura,24.51,89.17,101.69,8.56
2021,48,Trincomalee,27.19,82.33,3.5,12.91
2021,48,Vavuniya,26.94,85.11,4.32,9.11
2021,49,Ampara,26.36,85.33,178.25,14.9
2021,49,Anuradhapura,26.33,84.61,31.55,15.59
2021,49,Badulla,21.1,88.47,112.25,13.27
2021,49,Batticaloa,27.29,82.23,110.6,18.99
2021,49,Colombo,27.74,80.16,71.72,17.3
2021,49,Galle,26.57,81.41,38.8,24.54
2021,49,Gampaha,27.59,80.89,28.89,16.94
2021,49,Hambantota,26.16,88.47,29.01,30.46
2021,49,Jaffna,27.74,80.16,71.72,17.3
2021,49,Kalmunai,26.87,83.09,142.08,16.96
2021,49,Kalutara,27.67,80.74,50.02,16.94
2021,49,Kandy,22.71,85.91,13.2,11.36
2021,49,Kegalle,26.93,80.41,13.66,16.94
2021,49,Kilinochchi,27.56,81.54,21.02,20.5
2021,49,Kurunegala,27.39,79.49,1.67,16.94
2021,49,Mannar,27.64,79.89,4.59,27.46
2021,49,Matale,25.16,82.11,14.57,13.43
2021,49,Matara,25.97,88.61,54.54,28.16
2021,49,Monaragala,22.71,86.93,114.04,17.34
2021,49,Mullaitivu,27.39,81.57,34.2,23.6
2021,49,Nuwara Eliya,18.57,86.84,36.18,17.77
2021,49,Polonnaruwa,26.39,85.44,51.76,13.39
2021,49,Puttalam,27.34,80.83,110.09,20.47
2021,49,Ratnapura,25,86.34,36.1,7.84
2021,49,Trincomalee,27.21,82.06,44.6,19.39
2021,49,Vavuniya,26.7,84.89,29.56,15.93
2021,50,Ampara,25.56,88.34,150.55,15.37
2021,50,Anuradhapura,25.43,88.56,56.4,15.21
2021,50,Badulla,21,89.4,72.24,11.17
2021,50,Batticaloa,26.47,84.89,168.7,19.14
2021,50,Colombo,27.2,83.43,84.59,20.67
2021,50,Galle,26.76,83.17,5.15,24.21
2021,50,Gampaha,27.03,84.7,26.21,20.67
2021,50,Hambantota,25.8,88.59,85.62,26.24
2021,50,Jaffna,27.2,83.43,84.59,20.67
2021,50,Kalmunai,26.13,85.86,146.64,17.47
2021,50,Kalutara,27.07,84.19,32.81,20.67
2021,50,Kandy,22.23,88.8,8.63,9.26
2021,50,Kegalle,26.31,84.96,15.56,20.67
2021,50,Kilinochchi,26.59,83.67,76.45,24.3
2021,50,Kurunegala,26.8,84.07,6.73,20.67
2021,50,Mannar,26.66,81.39,8.71,32.71
2021,50,Matale,24.43,86.44,11,13.4
2021,50,Matara,25.67,88.67,82,23.67
2021,50,Monaragala,22.44,87.97,84.72,15.83
2021,50,Mullaitivu,26.5,84.54,87.2,26.64
2021,50,Nuwara Eliya,18.34,89.07,21.72,18.39
2021,50,Polonnaruwa,25.57,88.71,62.04,13.21
2021,50,Puttalam,26.57,83.9,8.31,23.37
2021,50,Ratnapura,24.33,89.3,52.6,5.3
2021,50,Trincomalee,26.46,84.13,32.6,19.76
2021,50,Vavuniya,25.67,88.09,85.25,15.9
2021,51,Ampara,25.53,79.74,1.96,15.54
2021,51,Anuradhapura,25.06,81.17,1.13,13.36
2021,51,Badulla,20.33,84.46,2.47,10.43
2021,51,Batticaloa,26.69,73.83,4.3,18.4
2021,51,Colombo,26.74,78.84,0.01,16.01
2021,51,Galle,26.96,77.49,2.9,16.13
2021,51,Gampaha,26.6,79.54,0.27,15.83
2021,51,Hambantota,26.31,81.8,14.5,25.4
2021,51,Jaffna,26.74,78.84,0.01,16.01
2021,51,Kalmunai,26.23,75.49,5.3,17.4
2021,51,Kalutara,26.69,78.91,0.98,15.83
2021,51,Kandy,21.79,83.41,0.12,9.01
2021,51,Kegalle,25.99,78.64,0.41,15.83
2021,51,Kilinochchi,26.29,72.79,0.2,18.47
2021,51,Kurunegala,26.49,77.47,0,15.83
2021,51,Mannar,26.54,71.61,0,26.33
2021,51,Matale,24.36,78.39,0.14,11.69
2021,51,Matara,26.34,83.16,1.76,22.89
2021,51,Monaragala,21.99,80.24,5.14,14.66
2021,51,Mullaitivu,26.57,70.87,1,18.77
2021,51,Nuwara Eliya,17.91,79.43,0.28,13.9
2021,51,Polonnaruwa,25.41,81.03,3.24,12.54
2021,51,Puttalam,26.2,76.7,0.3,20.89
2021,51,Ratnapura,24.19,84.26,9.9,5.53
2021,51,Trincomalee,26.31,73.13,2.7,18.23
2021,51,Vavuniya,25.06,80.3,1.1,13.73
2021,52,Ampara,25.78,85.5,29.21,15.7
2021,52,Anuradhapura,25.1,87.22,36.8,15.78
2021,52,Badulla,20.58,88.1,5.33,14.86
2021,52,Batticaloa,26.3,84.04,46.2,21.54
2021,52,Colombo,26.94,83.04,23.13,17.02
2021,52,Galle,26.88,80.66,51.36,15.58
2021,52,Gampaha,26.78,84.64,24.06,17.02
2021,52,Hambantota,26.62,84.32,0.21,26.5
2021,52,Jaffna,26.94,83.04,23.13,17.02
2021,52,Kalmunai,26,84.54,37.67,18.94
2021,52,Kalutara,26.84,83.82,34.25,17.02
2021,52,Kandy,22.2,86.14,1.08,11.04
2021,52,Kegalle,26.2,83.9,22.2,17.02
2021,52,Kilinochchi,25.86,85.38,78.26,21.58
2021,52,Kurunegala,26.81,82.37,23.55,18.79
2021,52,Mannar,26.22,82.94,26.84,29.86
2021,52,Matale,24.76,81.34,2.96,13.38
2021,52,Matara,26.8,85.18,44.76,20.96
2021,52,Monaragala,22.34,84.72,10.97,17.5
2021,52,Mullaitivu,25.76,85.86,54.9,30.54
2021,52,Nuwara Eliya,17.94,86.02,3.89,17.96
2021,52,Polonnaruwa,25.26,87.52,38.8,13.84
2021,52,Puttalam,26.32,81.88,19.1,22.12
2021,52,Ratnapura,24.18,83.74,27,5.04
2021,52,Trincomalee,26.02,83.9,39.9,20.66
2021,52,Vavuniya,25.16,87.36,65.73,15.48
2021,53,Ampara,25.37,91.53,175.91,12.13
2021,53,Anuradhapura,25.37,90.17,17.09,14.3
2021,53,Badulla,20.9,93.7,35.98,12.53
2021,53,Batticaloa,25.9,89.97,242.2,16.7
2021,53,Colombo,27,82.13,81.72,16
2021,53,Galle,25.93,84.97,20.02,24.83
2021,53,Gampaha,26.83,82.7,77.57,16
2021,53,Hambantota,26.13,91,6.01,32.37
2021,53,Jaffna,27,82.13,81.72,16
2021,53,Kalmunai,25.7,90.23,216.56,13.93
2021,53,Kalutara,26.93,82.53,86.95,16
2021,53,Kandy,22.3,91.63,18.62,9.27
2021,53,Kegalle,26.17,83.8,84.81,16
2021,53,Kilinochchi,26.3,87.07,26.66,20.4
2021,53,Kurunegala,26.47,83.23,89.33,16
2021,53,Mannar,26.43,85.77,10.01,26.07
2021,53,Matale,24.5,88.17,20.88,12.1
2021,53,Matara,25.8,89.47,22.82,34.53
2021,53,Monaragala,22.37,91.57,51.92,16.7
2021,53,Mullaitivu,26.17,86.47,8.1,17.77
2021,53,Nuwara Eliya,18.53,93.93,19.79,21.43
2021,53,Polonnaruwa,25.4,90.87,61.18,11.87
2021,53,Puttalam,26.33,86.33,13.4,20.5
2021,53,Ratnapura,24.3,89.57,35.88,6.07
2021,53,Trincomalee,26.23,87.47,14.1,15.97
2021,53,Vavuniya,25.8,88.6,6.52,12.97
2022,1,Ampara,25.39,90.81,138,16.27
2022,1,Anuradhapura,25.6,87.34,17.86,15.73
2022,1,Badulla,20.76,92.71,36.08,9.6
2022,1,Batticaloa,26.04,87.04,173.7,20.17
2022,1,Colombo,27.71,79.76,2.41,20.93
2022,1,Galle,26.61,83.14,23.65,30.87
2022,1,Gampaha,27.49,81.36,10.61,20.93
2022,1,Hambantota,26.64,85.84,15.01,30.13
2022,1,Jaffna,27.71,79.76,2.41,20.93
2022,1,Kalmunai,25.73,88.06,165.26,18.43
2022,1,Kalutara,27.54,80.97,13.79,20.93
2022,1,Kandy,21.89,90.17,2.64,10.03
2022,1,Kegalle,27.04,81.03,13.22,20.93
2022,1,Kilinochchi,26.44,81.89,6.93,22.16
2022,1,Kurunegala,27.2,81.04,10.72,21.7
2022,1,Mannar,26.67,80.06,2.7,28.8
2022,1,Matale,24.76,85.37,7.67,14.24
2022,1,Matara,26.44,88.86,23.62,24.87
2022,1,Monaragala,22.77,89.39,39.02,15.27
2022,1,Mullaitivu,26.27,82.97,25.2,25.19
2022,1,Nuwara Eliya,18.77,91.2,29.92,13.43
2022,1,Polonnaruwa,25.61,89.14,74.61,13.41
2022,1,Puttalam,26.74,81.4,2.9,22.27
2022,1,Ratnapura,24.71,87.3,67.13,8.5
2022,1,Trincomalee,26.09,85.67,141.9,20
2022,1,Vavuniya,25.83,86.6,19.65,15.84
2022,2,Ampara,26.41,87.81,8.5,13.81
2022,2,Anuradhapura,26.29,86.41,8.7,12.91
2022,2,Badulla,21.59,89.23,44.68,8.63
2022,2,Batticaloa,26.84,84.76,15.7,16.66
2022,2,Colombo,28.04,83.41,8.27,20.53
2022,2,Galle,27.01,82.57,43.35,26.73
2022,2,Gampaha,27.96,84.16,9.78,19.61
2022,2,Hambantota,26.97,85.3,9.11,24.54
2022,2,Jaffna,28.04,83.41,8.27,20.53
2022,2,Kalmunai,26.53,85.27,10.2,15.31
2022,2,Kalutara,27.93,83.91,38.82,19.61
2022,2,Kandy,22.66,86.47,29.04,9.19
2022,2,Kegalle,27.59,83.51,16.17,19.61
2022,2,Kilinochchi,26.86,83.79,6.11,17.53
2022,2,Kurunegala,27.87,83.11,0.1,19.61
2022,2,Mannar,27.11,81.99,1.31,25.83
2022,2,Matale,25.69,80.97,2.4,10.64
2022,2,Matara,27.16,86.77,20.6,21.6
2022,2,Monaragala,23.61,87.4,12.09,12.29
2022,2,Mullaitivu,26.76,83.74,15.6,18.74
2022,2,Nuwara Eliya,19.67,87.51,30.6,10.4
2022,2,Polonnaruwa,26.27,87.61,8.61,11.21
2022,2,Puttalam,27.34,81.24,2.2,18.76
2022,2,Ratnapura,24.33,87.91,99.99,4.79
2022,2,Trincomalee,26.81,83.87,15.1,16.51
2022,2,Vavuniya,26.36,86.49,9.52,12.91
2022,3,Ampara,24.8,80.44,16.09,14.03
2022,3,Anuradhapura,24.6,81,3.2,11.26
2022,3,Badulla,19.93,75.69,1.59,10.6
2022,3,Batticaloa,25.67,77.14,28.9,17.37
2022,3,Colombo,27.21,74.2,0.04,18.51
2022,3,Galle,26.69,78.39,40.58,22.07
2022,3,Gampaha,27.06,75.57,0.94,18.27
2022,3,Hambantota,26.39,81.59,0.7,22.9
2022,3,Jaffna,27.21,74.2,0.04,18.51
2022,3,Kalmunai,25.36,77.74,22.66,16.41
2022,3,Kalutara,27.11,74.89,5.84,18.81
2022,3,Kandy,20.91,73.39,0.1,11.21
2022,3,Kegalle,26.59,75.14,1.36,18.27
2022,3,Kilinochchi,25.73,77.31,58.58,16.56
2022,3,Kurunegala,26.89,75.09,0,18.27
2022,3,Mannar,26.61,75.03,0.87,23.19
2022,3,Matale,24.14,71.33,1.05,10.84
2022,3,Matara,26.31,83.9,31.16,21.21
2022,3,Monaragala,22.26,76.66,1.59,13.21
2022,3,Mullaitivu,25.57,76.44,2.5,16.77
2022,3,Nuwara Eliya,18.21,70.41,0.03,16.84
2022,3,Polonnaruwa,24.36,82.2,5.36,10.13
2022,3,Puttalam,26.4,76.87,2.2,18.73
2022,3,Ratnapura,23.07,81.09,21.7,8.29
2022,3,Trincomalee,25.31,78.11,1.1,15.39
2022,3,Vavuniya,24.74,81.77,1.57,11.59
2022,4,Ampara,25.51,83.06,34.01,12.19
2022,4,Anuradhapura,25.33,83.26,2.17,13.33
2022,4,Badulla,20.59,84.67,6.99,8.79
2022,4,Batticaloa,26.16,80.51,40.7,15.13
2022,4,Colombo,27.31,81.67,28.9,16.9
2022,4,Galle,26.74,78.66,8.6,21.54
2022,4,Gampaha,27.2,82.57,11.13,16.19
2022,4,Hambantota,26.63,81.93,0.8,22.31
2022,4,Jaffna,27.31,81.67,28.9,16.9
2022,4,Kalmunai,25.84,81.03,41.98,13.77
2022,4,Kalutara,27.27,81.86,24.18,16.27
2022,4,Kandy,21.74,81.26,10.31,9.27
2022,4,Kegalle,26.94,81.97,14.14,16.13
2022,4,Kilinochchi,26.29,80.46,10.18,20.93
2022,4,Kurunegala,27.14,81.71,1.71,16.64
2022,4,Mannar,26.91,77.03,1.36,26.7
2022,4,Matale,25.07,77.31,6.85,10.6
2022,4,Matara,26.49,84.36,2.6,16.27
2022,4,Monaragala,22.83,82.53,8.04,11.24
2022,4,Mullaitivu,26.13,80.87,10,21.19
2022,4,Nuwara Eliya,18.96,79.19,1.13,9.23
2022,4,Polonnaruwa,25.19,85.71,13.87,11.56
2022,4,Puttalam,27,77.83,3.4,19.86
2022,4,Ratnapura,23.67,85.26,70.1,8.1
2022,4,Trincomalee,25.81,82.67,8.9,17.54
2022,4,Vavuniya,25.59,83.39,7.19,13.79
2022,5,Ampara,25.96,77.29,4.8,16.41
2022,5,Anuradhapura,25.41,78.17,0.2,13.17
2022,5,Badulla,20.86,79.7,4.75,8.89
2022,5,Batticaloa,26.53,74.57,3.4,21.19
2022,5,Colombo,27.36,73.89,0.05,18.47
2022,5,Galle,26.87,78.63,10.12,14.8
2022,5,Gampaha,27.2,74.74,1.2,18.01
2022,5,Hambantota,26.86,78.01,2.5,31.63
2022,5,Jaffna,27.36,73.89,0.05,18.47
2022,5,Kalmunai,26.19,75.63,4.5,19.3
2022,5,Kalutara,27.29,74.31,4.18,18.01
2022,5,Kandy,21.9,77.1,6.01,9.63
2022,5,Kegalle,26.99,73.87,1.74,18.01
2022,5,Kilinochchi,26.04,74.19,0,16.73
2022,5,Kurunegala,27.17,73.74,0,18.01
2022,5,Mannar,26.53,71.83,0,26.01
2022,5,Matale,25.31,71.33,1.3,12.44
2022,5,Matara,26.5,80.73,8.45,26.03
2022,5,Monaragala,23.36,76.83,4.1,11.86
2022,5,Mullaitivu,26.01,74.11,0,16.31
2022,5,Nuwara Eliya,19.33,73.53,6.43,7.86
2022,5,Polonnaruwa,25.31,81.7,0.2,12.07
2022,5,Puttalam,26.86,71.66,0,20.56
2022,5,Ratnapura,23.81,83.8,44.19,8.86
2022,5,Trincomalee,26.07,75.14,1.1,15.93
2022,5,Vavuniya,25.37,78.66,0,12.7
2022,6,Ampara,25.7,84.06,111.53,15.71
2022,6,Anuradhapura,24.8,86.33,31.56,12.81
2022,6,Badulla,20.84,88.37,38.42,8.79
2022,6,Batticaloa,26.27,81.69,112.2,20.06
2022,6,Colombo,26.93,80.14,40.27,20.37
2022,6,Galle,26.6,81,107.39,25.59
2022,6,Gampaha,26.84,80.76,34.93,19.76
2022,6,Hambantota,26,83.37,13.91,40.61
2022,6,Jaffna,26.93,80.14,40.27,20.37
2022,6,Kalmunai,25.97,82.27,116.87,18.36
2022,6,Kalutara,26.79,80.69,59.08,19.96
2022,6,Kandy,21.57,86.84,13.05,8.4
2022,6,Kegalle,26.59,80.46,37.08,19.6
2022,6,Kilinochchi,26.11,79.69,56.73,21.13
2022,6,Kurunegala,26.8,80.01,29.85,19.86
2022,6,Mannar,26.4,77.67,7.05,29.33
2022,6,Matale,24.51,81.67,14.8,12.8
2022,6,Matara,25.31,85.39,95.46,36.24
2022,6,Monaragala,23.27,84.17,59.88,11.94
2022,6,Mullaitivu,25.9,80.99,100.8,22.06
2022,6,Nuwara Eliya,18.99,85.59,24.99,8.84
2022,6,Polonnaruwa,25.1,86.74,101.45,12.77
2022,6,Puttalam,26.4,79.44,60.7,22.16
2022,6,Ratnapura,23.64,87.73,94.89,6.71
2022,6,Trincomalee,25.9,81.86,220.1,19.29
2022,6,Vavuniya,24.91,86.31,91.42,13.1
2022,7,Ampara,25.93,81.14,49.24,15.53
2022,7,Anuradhapura,25.47,82.23,1.92,12.23
2022,7,Badulla,21.24,82.99,12.35,8.23
2022,7,Batticaloa,26.67,77.23,15,17.8
2022,7,Colombo,27.09,77.77,119.22,19.54
2022,7,Galle,27.2,78.46,2.2,24.07
2022,7,Gampaha,26.99,78.46,119.44,19.09
2022,7,Hambantota,27.19,79.64,1,29.27
2022,7,Jaffna,27.09,77.77,119.22,19.54
2022,7,Kalmunai,26.31,78.49,35.07,17.6
2022,7,Kalutara,27.01,78.6,120.02,21.53
2022,7,Kandy,21.76,84.76,0.44,8.69
2022,7,Kegalle,26.69,77.96,119.44,19.09
2022,7,Kilinochchi,26.61,77.24,5.47,18.3
2022,7,Kurunegala,26.99,77.13,119.21,19.09
2022,7,Mannar,26.87,76.21,4.58,24.89
2022,7,Matale,24.81,79.16,1.05,10.89
2022,7,Matara,26.79,81.79,0.5,28.91
2022,7,Monaragala,23.56,78.57,28.65,11.29
2022,7,Mullaitivu,26.59,76.69,7,18.04
2022,7,Nuwara Eliya,19.3,81.47,2.56,9.16
2022,7,Polonnaruwa,25.54,83.64,10,10.97
2022,7,Puttalam,26.79,77.34,1.2,19.91
2022,7,Ratnapura,24.17,84.84,9.2,6.27
2022,7,Trincomalee,26.41,77.57,32.8,17.16
2022,7,Vavuniya,25.59,82.59,7.32,12.54
2022,8,Ampara,26.39,84.1,30.92,16.97
2022,8,Anuradhapura,26.21,81.51,41.04,15.51
2022,8,Badulla,21.06,86.4,26.79,11.31
2022,8,Batticaloa,27.1,80.53,25.4,20.13
2022,8,Colombo,27.61,76.07,16.79,16.79
2022,8,Galle,26.74,80.29,24.53,42.21
2022,8,Gampaha,27.54,76.04,16.16,15.91
2022,8,Hambantota,27.66,80.47,2,26.13
2022,8,Jaffna,27.61,76.07,16.79,16.79
2022,8,Kalmunai,26.73,81.81,28.27,18.91
2022,8,Kalutara,27.2,76.9,37.63,24.91
2022,8,Kandy,22.06,84.91,12.73,10.59
2022,8,Kegalle,27.31,75.34,9.4,15.91
2022,8,Kilinochchi,27.06,78.34,11.25,20.56
2022,8,Kurunegala,27.6,74.69,3.02,15.91
2022,8,Mannar,27.37,76.49,6.97,28.83
2022,8,Matale,25.44,78.84,8.88,13.41
2022,8,Matara,27.63,82.7,18.77,25.13
2022,8,Monaragala,23.61,82.33,22.7,15.66
2022,8,Mullaitivu,26.94,78.6,6.7,21.49
2022,8,Nuwara Eliya,19.01,83.9,8.18,14.17
2022,8,Polonnaruwa,26.29,83.73,17.82,13.57
2022,8,Puttalam,27.69,75.51,7.1,20.73
2022,8,Ratnapura,24,85.31,72.69,7.14
2022,8,Trincomalee,26.94,79.37,9.7,19.74
2022,8,Vavuniya,26.27,82.3,7.2,15.34
2022,9,Ampara,26.44,83.39,61.89,16.67
2022,9,Anuradhapura,25.93,83.74,17.75,15.57
2022,9,Badulla,21.47,86.49,15.02,10.57
2022,9,Batticaloa,26.97,80.79,95,23.31
2022,9,Colombo,28.14,76.19,0,19.53
2022,9,Galle,27.54,79.71,9.69,25.77
2022,9,Gampaha,27.93,77.49,0.16,19.43
2022,9,Hambantota,27.7,81.91,4,23.86
2022,9,Jaffna,28.14,76.19,0,19.53
2022,9,Kalmunai,26.73,81.17,80.41,20.76
2022,9,Kalutara,28.09,76.69,0.57,19.54
2022,9,Kandy,22.2,85.77,2.84,11.03
2022,9,Kegalle,27.63,77.27,2.02,18.91
2022,9,Kilinochchi,26.87,80.61,14.4,24.6
2022,9,Kurunegala,27.81,76.94,2.63,21.14
2022,9,Mannar,27.43,77.57,1.96,31.64
2022,9,Matale,25.24,81.44,3.14,14.04
2022,9,Matara,27.54,84.56,8.43,19.81
2022,9,Monaragala,23.87,83.44,16.2,14.29
2022,9,Mullaitivu,26.71,81.2,16.5,25.57
2022,9,Nuwara Eliya,19.51,84.13,6.12,17.63
2022,9,Polonnaruwa,26.09,84.63,36.11,14.04
2022,9,Puttalam,27.41,77.64,5.3,23.2
2022,9,Ratnapura,25.1,82.59,12.17,12
2022,9,Trincomalee,26.7,81.5,76.3,23.63
2022,9,Vavuniya,26,84.43,17.52,16.4
2022,10,Ampara,26.71,83.07,7.24,17.1
2022,10,Anuradhapura,26.66,82.6,1.42,13.99
2022,10,Badulla,21.87,85.5,5.37,10.7
2022,10,Batticaloa,27.16,80.24,6.1,18.97
2022,10,Colombo,27.64,85.51,46.41,15.51
2022,10,Galle,26.74,83.49,94.33,20.16
2022,10,Gampaha,27.56,86.07,24.73,15.09
2022,10,Hambantota,28.1,80.63,29.5,20.23
2022,10,Jaffna,27.64,85.51,46.41,15.51
2022,10,Kalmunai,26.89,81.03,6.5,19.19
2022,10,Kalutara,27.4,85.93,53.44,16.24
2022,10,Kandy,22.73,84.93,36.48,10.07
2022,10,Kegalle,27.4,84.46,20.73,15.06
2022,10,Kilinochchi,27.1,79.24,0.7,17.39
2022,10,Kurunegala,27.69,83.39,0.79,15.06
2022,10,Mannar,27.6,77.99,0.9,26.44
2022,10,Matale,26,79.69,26.49,12.03
2022,10,Matara,27.94,83.27,103.41,18.74
2022,10,Monaragala,24.3,82.53,9.77,14.1
2022,10,Mullaitivu,27.01,79.14,1.2,16.44
2022,10,Nuwara Eliya,20.04,81.59,26.7,12.7
2022,10,Polonnaruwa,26.64,84.43,7.17,12.6
2022,10,Puttalam,27.73,77.9,14,20.69
2022,10,Ratnapura,24.24,89.04,146.48,6.23
2022,10,Trincomalee,27.01,79.84,8,17.37
2022,10,Vavuniya,26.63,82.73,1.2,13.47
2022,11,Ampara,27.47,83.69,39.27,9.8
2022,11,Anuradhapura,27.87,79.1,3.03,14.34
2022,11,Badulla,22.76,83.4,52.09,6.44
2022,11,Batticaloa,27.69,81.86,34.8,14.26
2022,11,Colombo,28.69,86.39,0.25,15.87
2022,11,Galle,27.33,83.39,34.6,24.73
2022,11,Gampaha,28.61,86.91,3.49,15.87
2022,11,Hambantota,27.89,85.17,3.41,23.7
2022,11,Jaffna,28.69,86.39,0.25,15.87
2022,11,Kalmunai,27.47,82.43,35.28,13.17
2022,11,Kalutara,28.59,86.49,5.78,17.07
2022,11,Kandy,23.27,83.46,33.2,9.93
2022,11,Kegalle,28.31,86.39,18.9,15.87
2022,11,Kilinochchi,28.27,80,0,14.61
2022,11,Kurunegala,28.57,85.74,17.82,15.87
2022,11,Mannar,28.53,80.23,0.2,24.59
2022,11,Matale,26.23,79.34,29.29,13.89
2022,11,Matara,27.71,86.21,27.49,22.56
2022,11,Monaragala,24.76,84.49,39.87,7
2022,11,Mullaitivu,27.9,81.4,0.3,13.9
2022,11,Nuwara Eliya,20.21,84.76,15.37,8.8
2022,11,Polonnaruwa,27.8,80.43,25.74,13.53
2022,11,Puttalam,28.47,80.17,4,19.33
2022,11,Ratnapura,24.11,90.09,28.7,11.07
2022,11,Trincomalee,27.9,79.21,48,15.16
2022,11,Vavuniya,28.01,79.57,10.47,13.1
2022,12,Ampara,28.26,81.1,6.1,11.73
2022,12,Anuradhapura,28.06,80.23,75.8,10.71
2022,12,Badulla,22.86,86.4,35.79,7.86
2022,12,Batticaloa,28.14,81.87,2.8,14.71
2022,12,Colombo,29.03,84.27,1.12,19.6
2022,12,Galle,26.57,79.8,3.93,44.73
2022,12,Gampaha,28.94,85.23,6.26,19.6
2022,12,Hambantota,28.16,84.76,3.4,17.97
2022,12,Jaffna,29.03,84.27,1.12,19.6
2022,12,Kalmunai,27.99,81.87,4.7,13.73
2022,12,Kalutara,28.93,84.63,11.67,19.86
2022,12,Kandy,23.86,83.9,9.45,6.23
2022,12,Kegalle,28.69,85.06,6.41,19.6
2022,12,Kilinochchi,28.56,80.84,6.69,14.04
2022,12,Kurunegala,28.93,84.59,7.09,19.6
2022,12,Mannar,28.81,80.16,2.82,20.89
2022,12,Matale,26.47,82.47,5.32,8.21
2022,12,Matara,27.31,85.87,4,29.69
2022,12,Monaragala,25.13,83.83,19.55,8.46
2022,12,Mullaitivu,27.99,83.34,23.1,13.07
2022,12,Nuwara Eliya,20.76,85.39,13.85,5.3
2022,12,Polonnaruwa,28.17,81.56,26.72,9.41
2022,12,Puttalam,28.49,80.47,22.51,15.61
2022,12,Ratnapura,24.7,89.23,49.19,7.37
2022,12,Trincomalee,28.01,82.24,5.8,14.91
2022,12,Vavuniya,28.29,80.63,23.8,10.14
2022,13,Ampara,28,79.31,24.13,11.99
2022,13,Anuradhapura,28.23,78.73,35.63,8.6
2022,13,Badulla,22.37,85.41,111.14,7.51
2022,13,Batticaloa,28.34,79.93,3.1,17.03
2022,13,Colombo,28.54,81.6,3.48,19.09
2022,13,Galle,26.7,81.53,42.08,41.86
2022,13,Gampaha,28.36,83.19,17.41,19.09
2022,13,Hambantota,27.66,85.54,69.81,16.44
2022,13,Jaffna,28.54,81.6,3.48,19.09
2022,13,Kalmunai,28.1,79.9,4.78,15.27
2022,13,Kalutara,28.39,82.26,30.96,19.49
2022,13,Kandy,23.56,83.73,35.38,6.67
2022,13,Kegalle,27.69,83.24,71.64,19.09
2022,13,Kilinochchi,28.96,78.13,20.02,13.33
2022,13,Kurunegala,28.1,82.89,113.1,19.34
2022,13,Mannar,28.7,80.33,17.09,24.13
2022,13,Matale,25.84,82.2,51.6,7.16
2022,13,Matara,26.66,86.59,104.72,31.77
2022,13,Monaragala,23.93,85.64,77.51,8.37
2022,13,Mullaitivu,28.47,79.83,49.8,12.86
2022,13,Nuwara Eliya,19.61,85.74,46.9,7.89
2022,13,Polonnaruwa,28.24,79.2,20.48,8.74
2022,13,Puttalam,28.41,80.54,13,15.83
2022,13,Ratnapura,24.74,87.61,142.48,7.73
2022,13,Trincomalee,28.16,80.77,3.3,16.34
2022,13,Vavuniya,28.4,79.53,49.99,8.9
2022,14,Ampara,27,83.13,55.32,9.41
2022,14,Anuradhapura,26.33,86.49,176.24,10.66
2022,14,Badulla,21.83,88.29,90.76,6.27
2022,14,Batticaloa,27.61,81.77,54.5,13.47
2022,14,Colombo,26.54,89.84,334.16,15.4
2022,14,Galle,26.26,85.36,45.5,27.3
2022,14,Gampaha,26.39,90.96,216.79,15.4
2022,14,Hambantota,26.91,86.49,12.13,28.16
2022,14,Jaffna,26.54,89.84,334.16,15.4
2022,14,Kalmunai,27.34,82.13,60.02,12.24
2022,14,Kalutara,26.44,90.07,274.46,15.4
2022,14,Kandy,22.56,89.09,118.49,7.24
2022,14,Kegalle,25.8,90.46,237.72,15.4
2022,14,Kilinochchi,27.7,82.44,170.41,11.37
2022,14,Kurunegala,26.23,89.93,258.24,15.4
2022,14,Mannar,27.64,82.41,173.95,18.1
2022,14,Matale,24.33,88.43,127.08,10.23
2022,14,Matara,26.16,87.24,47.18,28.66
2022,14,Monaragala,23.11,88.47,77.9,7.29
2022,14,Mullaitivu,27.44,83.53,222.5,11.63
2022,14,Nuwara Eliya,18.67,91.36,116.89,9.83
2022,14,Polonnaruwa,26.76,84.21,124.39,11.37
2022,14,Puttalam,27.14,85,54.42,13.33
2022,14,Ratnapura,23.61,91.17,166.1,10.94
2022,14,Trincomalee,27.3,82.57,55.2,14
2022,14,Vavuniya,26.66,86.84,227.68,8.01
2022,15,Ampara,27.89,82.93,35.79,12.76
2022,15,Anuradhapura,27.59,83.31,84.53,12.44
2022,15,Badulla,22.57,88.79,164.21,6.13
2022,15,Batticaloa,28.33,81.79,19.2,16.87
2022,15,Colombo,28.33,85.17,65.48,18.96
2022,15,Galle,27.81,81.93,44.48,25.96
2022,15,Gampaha,28.07,86.51,54.84,20.53
2022,15,Hambantota,27.6,89.07,22.32,19.74
2022,15,Jaffna,28.33,85.17,65.48,18.96
2022,15,Kalmunai,28.1,82.23,23.2,14.97
2022,15,Kalutara,28.3,85.01,71.18,18.79
2022,15,Kandy,23.91,87,34.76,5.36
2022,15,Kegalle,27.51,85.7,62.03,20.07
2022,15,Kilinochchi,28.44,82.96,87.51,16.3
2022,15,Kurunegala,27.96,85,56.37,21.7
2022,15,Mannar,28.37,82.54,44.9,26.49
2022,15,Matale,25.8,85.2,36.18,10.69
2022,15,Matara,27.73,88.26,58.25,20.47
2022,15,Monaragala,23.9,87.94,93.42,10.26
2022,15,Mullaitivu,28.13,83.1,67,16.2
2022,15,Nuwara Eliya,19.69,89.69,51.4,7.07
2022,15,Polonnaruwa,27.74,84.16,56.6,8.83
2022,15,Puttalam,28.19,83.53,16.31,18.21
2022,15,Ratnapura,26.01,86.13,25.8,9.43
2022,15,Trincomalee,27.9,83.33,37.4,13.17
2022,15,Vavuniya,27.79,84.7,80.9,12.64
2022,16,Ampara,28.33,82.34,11.56,10.04
2022,16,Anuradhapura,28.17,82.93,98.52,9.99
2022,16,Badulla,22.99,87.54,33.2,7.64
2022,16,Batticaloa,28.51,82.19,16.3,14.16
2022,16,Colombo,28.7,84.21,135.22,12.74
2022,16,Galle,27.73,84.31,103.3,18.44
2022,16,Gampaha,28.37,86.06,159.62,14.19
2022,16,Hambantota,27.67,88.6,52.5,21.33
2022,16,Jaffna,28.7,84.21,135.22,12.74
2022,16,Kalmunai,28.3,82.26,17.86,13.01
2022,16,Kalutara,28.61,84.13,117.91,12.56
2022,16,Kandy,24.37,86.1,33.92,6.29
2022,16,Kegalle,27.79,85.43,165.06,13.81
2022,16,Kilinochchi,28.96,81.44,22.59,13.09
2022,16,Kurunegala,28.14,85.79,250.05,15.36
2022,16,Mannar,28.71,81.79,20.96,18.77
2022,16,Matale,26.2,85.3,52.82,8.79
2022,16,Matara,28.01,88.44,138.88,21.66
2022,16,Monaragala,24.21,87.46,23.01,7.79
2022,16,Mullaitivu,28.61,81.51,32,12.94
2022,16,Nuwara Eliya,19.9,89.16,30.07,6.04
2022,16,Polonnaruwa,28.33,82.79,54.25,9.57
2022,16,Puttalam,28.57,83.74,15.02,13.94
2022,16,Ratnapura,26.76,85.9,102.29,9.4
2022,16,Trincomalee,28.37,82.53,11.6,13.59
2022,16,Vavuniya,28.57,83.01,70.38,9.2
2022,17,Ampara,29.09,78.17,13.88,9.71
2022,17,Anuradhapura,28.81,80.71,48.76,12.9
2022,17,Badulla,23.41,85.14,92.98,7.31
2022,17,Batticaloa,29.31,79.1,1.4,15.03
2022,17,Colombo,29.31,82.07,121.74,14.87
2022,17,Galle,28.6,83.33,114.62,26.49
2022,17,Gampaha,29.17,82.4,77.04,15.36
2022,17,Hambantota,28.13,85.83,48.31,20.8
2022,17,Jaffna,29.31,82.07,121.74,14.87
2022,17,Kalmunai,29.09,79.37,4.6,13.43
2022,17,Kalutara,29.24,81.87,107.02,14.87
2022,17,Kandy,24.59,85.21,43.28,8.3
2022,17,Kegalle,28.49,82.27,60.68,15.07
2022,17,Kilinochchi,29.9,79.07,8.3,17.5
2022,17,Kurunegala,28.96,81.46,42.04,16.69
2022,17,Mannar,29.73,80.86,2.34,27.56
2022,17,Matale,26.56,83.39,37.75,10.76
2022,17,Matara,28.63,86.37,102.28,21.89
2022,17,Monaragala,24.69,85.16,65.51,7.34
2022,17,Mullaitivu,29.59,78.8,26.2,17.8
2022,17,Nuwara Eliya,20.26,87.44,22.84,7.57
2022,17,Polonnaruwa,29.01,79.31,29.04,13.51
2022,17,Puttalam,29.44,81.83,117.5,18.71
2022,17,Ratnapura,26.66,85.79,142.04,9.27
2022,17,Trincomalee,29.37,78.06,4.7,17.31
2022,17,Vavuniya,29.21,80.74,27.36,12.19
2022,18,Ampara,30.5,71.7,13.95,9.21
2022,18,Anuradhapura,29.1,81.66,2.12,19.96
2022,18,Badulla,24.31,81.63,50.19,8.86
2022,18,Batticaloa,30.04,76.7,5.9,13.84
2022,18,Colombo,30.1,80.93,67.72,16.66
2022,18,Galle,28.2,86.14,214.67,31.84
2022,18,Gampaha,29.79,82.5,44.83,18.13
2022,18,Hambantota,28.91,84.96,2.22,29.9
2022,18,Jaffna,30.1,80.93,67.72,16.66
2022,18,Kalmunai,29.83,77.89,6.53,11.01
2022,18,Kalutara,29.97,80.87,70.84,16.96
2022,18,Kandy,25.01,84.26,2.63,12.19
2022,18,Kegalle,29.06,82,26.6,17.54
2022,18,Kilinochchi,30.24,79.01,3.86,19.33
2022,18,Kurunegala,29.49,82.16,23.19,19.9
2022,18,Mannar,29.96,82.6,5.34,29.79
2022,18,Matale,26.86,82.9,7.09,17.33
2022,18,Matara,28.99,86.63,179.81,26.49
2022,18,Monaragala,25.56,82.16,37.76,10.16
2022,18,Mullaitivu,29.87,78.54,3.9,17.96
2022,18,Nuwara Eliya,20.56,86.86,10.56,12.39
2022,18,Polonnaruwa,29.67,75.91,17.36,19.24
2022,18,Puttalam,29.74,82.21,9.3,23.13
2022,18,Ratnapura,27.91,83.6,85.69,10.36
2022,18,Trincomalee,29.74,76.83,52.2,20.67
2022,18,Vavuniya,29.56,80.94,11.6,17.99
2022,19,Ampara,29.66,72.7,3.72,14.13
2022,19,Anuradhapura,27.9,82.81,4.73,27.09
2022,19,Badulla,24.23,79.37,79.9,15.57
2022,19,Batticaloa,29.77,73.17,8.1,14.56
2022,19,Colombo,28.54,83.81,107.99,26.21
2022,19,Galle,26.46,84.9,107.3,35.29
2022,19,Gampaha,28.37,84.71,123.52,23.51
2022,19,Hambantota,27.23,88.63,30.6,37.7
2022,19,Jaffna,28.54,83.81,107.99,26.21
2022,19,Kalmunai,29.4,75.73,3.43,12.91
2022,19,Kalutara,28.33,84.4,160.97,25.71
2022,19,Kandy,23.93,85.14,84.28,18.89
2022,19,Kegalle,27.49,85.46,147.29,22.96
2022,19,Kilinochchi,29.81,76.3,5.36,33.96
2022,19,Kurunegala,27.81,85.29,140.3,24.51
2022,19,Mannar,29.39,80.76,23.14,45.97
2022,19,Matale,25.39,87.33,81.32,22.83
2022,19,Matara,26.9,89.24,83.38,33.49
2022,19,Monaragala,25.3,80.54,95.68,22.26
2022,19,Mullaitivu,29.66,74.3,1.2,29.11
2022,19,Nuwara Eliya,19.81,90.64,143.63,24.9
2022,19,Polonnaruwa,28.94,73.91,18.05,28.44
2022,19,Puttalam,28.77,82.06,35.6,35.01
2022,19,Ratnapura,25.73,88.87,304.86,15.96
2022,19,Trincomalee,29.27,74.06,0.9,32.36
2022,19,Vavuniya,28.96,78.81,3.62,27.5
2022,20,Ampara,30.16,68.19,0.87,15.07
2022,20,Anuradhapura,27.94,81.71,3.96,27.34
2022,20,Badulla,24.41,77.96,13.55,19.94
2022,20,Batticaloa,30,71.51,1.7,15.69
2022,20,Colombo,28.71,82.29,72.24,27.51
2022,20,Galle,26.93,82.94,25.28,34.24
2022,20,Gampaha,28.56,82.46,71.32,26.84
2022,20,Hambantota,26.84,86.06,18,43.86
2022,20,Jaffna,28.71,82.29,72.24,27.51
2022,20,Kalmunai,29.77,72.69,1.33,14.27
2022,20,Kalutara,28.6,82.59,92.04,27.16
2022,20,Kandy,24.41,81.96,15.54,19.91
2022,20,Kegalle,27.77,82.8,78,26.84
2022,20,Kilinochchi,29.54,76.76,2.23,33.59
2022,20,Kurunegala,28.19,82.44,87.29,27.26
2022,20,Mannar,28.67,83.14,2.39,45.47
2022,20,Matale,25.83,83.91,20.57,23.5
2022,20,Matara,25.96,87.11,42.43,40.23
2022,20,Monaragala,25.53,77.91,16.71,26.67
2022,20,Mullaitivu,29.5,73.84,5.3,29.53
2022,20,Nuwara Eliya,19.76,89.56,35.17,28.37
2022,20,Polonnaruwa,29.31,71,9.01,27.86
2022,20,Puttalam,28.31,84.77,27,32.17
2022,20,Ratnapura,25.29,88.93,100.69,14.69
2022,20,Trincomalee,29.43,72.86,1.7,31.26
2022,20,Vavuniya,28.71,79.53,6.8,27.29
2022,21,Ampara,28.97,75.66,16.84,14.03
2022,21,Anuradhapura,27.31,83.1,3.3,24.84
2022,21,Badulla,23.47,81.64,21.3,11.11
2022,21,Batticaloa,29.16,76.1,12.6,12.04
2022,21,Colombo,27.3,87.53,222.08,22.36
2022,21,Galle,27.16,86.77,64.91,31.3
2022,21,Gampaha,27.1,88.47,181.06,22.26
2022,21,Hambantota,27.1,86.11,11.6,37.86
2022,21,Jaffna,27.3,87.53,222.08,22.36
2022,21,Kalmunai,28.87,77.8,24.6,12.81
2022,21,Kalutara,27.14,88.17,224.6,22.26
2022,21,Kandy,23.61,84.59,40.44,17.03
2022,21,Kegalle,26.33,88.43,193.81,22.26
2022,21,Kilinochchi,29.41,76.09,0.4,30.91
2022,21,Kurunegala,26.79,87.66,212.48,22.66
2022,21,Mannar,28.44,82.31,1.4,41.96
2022,21,Matale,25.04,85.63,46.89,21.49
2022,21,Matara,26.91,87.07,69.64,41.1
2022,21,Monaragala,24.97,79.27,13.94,17.73
2022,21,Mullaitivu,29.3,74.06,1.2,27.4
2022,21,Nuwara Eliya,19.24,90.96,17.95,15.44
2022,21,Polonnaruwa,28.84,71.5,7.85,25.54
2022,21,Puttalam,27.74,84.99,122.24,28.19
2022,21,Ratnapura,24.19,92.1,172.43,12.17
2022,21,Trincomalee,29.03,72.79,2.4,28.61
2022,21,Vavuniya,28.4,79.96,5.6,25.3
2022,22,Ampara,29.63,71.81,3.48,12.99
2022,22,Anuradhapura,27.67,81.24,3.81,25.51
2022,22,Badulla,23.84,80.23,4.7,12.96
2022,22,Batticaloa,29.8,71.81,1.5,16.04
2022,22,Colombo,28.01,85.39,186.49,22.63
2022,22,Galle,27.14,85.84,99.18,28.63
2022,22,Gampaha,27.89,85.01,134.84,21.66
2022,22,Hambantota,27.6,86.39,32.4,34.39
2022,22,Jaffna,28.01,85.39,186.49,22.63
2022,22,Kalmunai,29.44,74.69,3.19,13.2
2022,22,Kalutara,27.94,84.93,180.84,23.09
2022,22,Kandy,23.84,83.99,13.42,16.91
2022,22,Kegalle,27.2,84.97,109,21.66
2022,22,Kilinochchi,29.51,75.89,0.3,34.99
2022,22,Kurunegala,27.61,84.41,97.43,21.66
2022,22,Mannar,28.36,83.2,1,41.91
2022,22,Matale,25.27,85.96,16.19,20.16
2022,22,Matara,27.73,86.77,114.97,36.59
2022,22,Monaragala,25.19,79.54,9.78,19.39
2022,22,Mullaitivu,29.49,73.43,0.4,26.64
2022,22,Nuwara Eliya,19.51,90.74,29.24,21.09
2022,22,Polonnaruwa,29.14,70.91,2.64,25.91
2022,22,Puttalam,28.16,83.26,13,30.86
2022,22,Ratnapura,24.39,91.37,179.03,13.23
2022,22,Trincomalee,29.39,71.44,0.5,29.16
2022,22,Vavuniya,28.86,77.9,3.2,24.83
2022,23,Ampara,29.77,70.97,6.94,12.83
2022,23,Anuradhapura,27.84,80,1.41,24.11
2022,23,Badulla,23.86,78.54,7.91,9.11
2022,23,Batticaloa,29.66,72.4,3.2,11.67
2022,23,Colombo,28.21,83.93,31.27,20.93
2022,23,Galle,27.49,82.43,47.5,30.97
2022,23,Gampaha,28.03,84.34,29.42,20.93
2022,23,Hambantota,28.39,81.01,3.22,34.14
2022,23,Jaffna,28.21,83.93,31.27,20.93
2022,23,Kalmunai,29.37,75.19,3.7,13.17
2022,23,Kalutara,28.19,83.7,37.6,20.93
2022,23,Kandy,24.1,81.21,1.76,16.63
2022,23,Kegalle,27.36,83.74,33.48,20.93
2022,23,Kilinochchi,29.26,76.46,0.5,29.89
2022,23,Kurunegala,27.79,83.27,39.82,20.93
2022,23,Mannar,28.11,83.74,0.52,40.94
2022,23,Matale,25.63,82.31,9.25,20.26
2022,23,Matara,28.33,83.26,49.61,29.16
2022,23,Monaragala,25.37,76.59,23.32,14.31
2022,23,Mullaitivu,29.27,73.81,0.1,25.86
2022,23,Nuwara Eliya,19.49,87.76,1.2,14.84
2022,23,Polonnaruwa,29.29,69.14,0.98,24.57
2022,23,Puttalam,27.99,84.23,14.2,28
2022,23,Ratnapura,25.37,87.79,52.79,11.79
2022,23,Trincomalee,29.26,71.44,0.4,27.3
2022,23,Vavuniya,28.9,77.59,3.1,24.33
2022,24,Ampara,28.3,79.9,10.38,13
2022,24,Anuradhapura,27.69,81.31,15.66,17.74
2022,24,Badulla,23.04,84.5,44.28,6.8
2022,24,Batticaloa,28.5,79.73,18.1,17.17
2022,24,Colombo,28.2,84.33,60.8,17.74
2022,24,Galle,26.71,83.4,59.11,42.89
2022,24,Gampaha,28,84.04,37.84,18.21
2022,24,Hambantota,27.77,85.4,22.52,26.17
2022,24,Jaffna,28.2,84.33,60.8,17.74
2022,24,Kalmunai,28.3,80.27,17.1,15.71
2022,24,Kalutara,28.14,83.63,51.12,17.74
2022,24,Kandy,23.9,83.74,5.87,9.21
2022,24,Kegalle,27.4,83.39,44.38,18.1
2022,24,Kilinochchi,28.96,78.5,23.61,20.41
2022,24,Kurunegala,27.79,82.81,56.23,19.81
2022,24,Mannar,28.09,83.94,1.92,32.36
2022,24,Matale,25.6,82.94,13.88,14.63
2022,24,Matara,27.84,86.7,71.44,21.76
2022,24,Monaragala,24.53,83.21,32.81,10.47
2022,24,Mullaitivu,28.4,79.21,88.8,17.74
2022,24,Nuwara Eliya,19.57,89.34,15.32,10.4
2022,24,Polonnaruwa,28.59,74.5,26.71,16.61
2022,24,Puttalam,27.97,83.63,28,22.61
2022,24,Ratnapura,25.91,86.29,68.69,9.99
2022,24,Trincomalee,28.26,77.57,99.2,18.93
2022,24,Vavuniya,28.33,80.83,93.68,16.51
2022,25,Ampara,29.41,71.26,5.96,10.51
2022,25,Anuradhapura,28.37,77.43,3.91,23.3
2022,25,Badulla,23.43,77.29,4.57,13.89
2022,25,Batticaloa,29.47,72.56,3.3,15.64
2022,25,Colombo,29.04,79.43,17.23,19.6
2022,25,Galle,27.6,83.53,42.81,27.76
2022,25,Gampaha,28.87,79.81,10.67,19.6
2022,25,Hambantota,28.33,80.63,1.5,30.97
2022,25,Jaffna,29.04,79.43,17.23,19.6
2022,25,Kalmunai,29.24,74.23,4.9,11.34
2022,25,Kalutara,28.97,79.49,21.32,19.6
2022,25,Kandy,24.01,79.26,5.71,18.41
2022,25,Kegalle,28.1,79.59,11.98,19.6
2022,25,Kilinochchi,29.57,75.03,1.2,26.2
2022,25,Kurunegala,28.61,79.06,11.37,19.6
2022,25,Mannar,28.5,83.2,1,37.14
2022,25,Matale,25.79,80.57,6.94,20.01
2022,25,Matara,28.2,82.36,38.09,28.27
2022,25,Monaragala,25.23,74.79,7.39,19.03
2022,25,Mullaitivu,29.44,73.24,5.2,22.47
2022,25,Nuwara Eliya,19.3,85.39,5.74,20.31
2022,25,Polonnaruwa,29.56,67.01,2.13,24.53
2022,25,Puttalam,28.49,82.04,3.2,28.19
2022,25,Ratnapura,25.66,85.39,48.91,12.69
2022,25,Trincomalee,29.46,70.01,0.5,26.03
2022,25,Vavuniya,29.17,74.34,3.9,21.39
2022,26,Ampara,30.43,63.76,19.79,11.54
2022,26,Anuradhapura,28.57,76.07,11.8,21.4
2022,26,Badulla,24.21,74.66,18.51,19.26
2022,26,Batticaloa,29.91,69.53,2.7,20.61
2022,26,Colombo,28.69,76.83,2.13,20.09
2022,26,Galle,27.57,84,8.42,40.66
2022,26,Gampaha,28.54,77.17,4.91,19.34
2022,26,Hambantota,28.61,75.26,1.8,43.99
2022,26,Jaffna,28.69,76.83,2.13,20.09
2022,26,Kalmunai,29.73,69.94,12.87,16.31
2022,26,Kalutara,28.67,76.77,6.35,20.36
2022,26,Kandy,24.1,80.67,43.94,18.77
2022,26,Kegalle,27.86,77.6,17.48,19.3
2022,26,Kilinochchi,30.06,72.56,4,20.81
2022,26,Kurunegala,28.29,77.2,3.74,19.6
2022,26,Mannar,28.9,78.77,1.01,32.11
2022,26,Matale,25.74,81.57,39.52,20.06
2022,26,Matara,28,78.34,7.25,45.41
2022,26,Monaragala,25.89,73.5,26.93,26.51
2022,26,Mullaitivu,29.71,72.94,17,20.47
2022,26,Nuwara Eliya,19.51,87.91,28.91,27.44
2022,26,Polonnaruwa,29.71,67.13,9.21,24.29
2022,26,Puttalam,28.41,80.79,9,28.26
2022,26,Ratnapura,26.51,81.57,33.99,17.81
2022,26,Trincomalee,29.6,70.8,6.2,24.17
2022,26,Vavuniya,29.56,72.9,6.4,19.4
2022,27,Ampara,30.27,58.54,2.5,15.29
2022,27,Anuradhapura,28.23,73.94,2.6,24.79
2022,27,Badulla,23.91,70.17,16.69,23.6
2022,27,Batticaloa,30.21,62.59,0.5,25.39
2022,27,Colombo,28.27,76.73,0.68,19.04
2022,27,Galle,27.1,83.49,5.01,38.47
2022,27,Gampaha,28.14,76.61,1.86,18.94
2022,27,Hambantota,28.89,72.8,0.5,33.54
2022,27,Jaffna,28.27,76.73,0.68,19.04
2022,27,Kalmunai,29.97,62.87,1.08,20.59
2022,27,Kalutara,28.27,76.16,3.33,19.04
2022,27,Kandy,23.71,77.61,14.97,23.2
2022,27,Kegalle,27.49,76.49,11.19,18.91
2022,27,Kilinochchi,29.16,74.66,8.05,27.37
2022,27,Kurunegala,27.91,76.06,0.88,19.34
2022,27,Mannar,28.56,78.13,9,39.07
2022,27,Matale,25.49,79.07,14.27,20.87
2022,27,Matara,28.57,76.3,5.2,40.26
2022,27,Monaragala,25.47,70.83,29.23,30.2
2022,27,Mullaitivu,29.1,72.46,2.6,23.83
2022,27,Nuwara Eliya,18.91,86.54,74.56,33.94
2022,27,Polonnaruwa,29.23,65.03,3.54,27.71
2022,27,Puttalam,27.8,81.64,1.5,29.79
2022,27,Ratnapura,26.64,77.64,21.98,15.31
2022,27,Trincomalee,29.39,67.84,0.4,28.37
2022,27,Vavuniya,29.07,71.73,5,23.71
2022,28,Ampara,30.43,62.34,1.6,14.66
2022,28,Anuradhapura,28.33,76,3.96,25.81
2022,28,Badulla,24.44,71.17,6.22,14.66
2022,28,Batticaloa,29.74,67,0.3,22.53
2022,28,Colombo,28.56,80.47,2.72,20.41
2022,28,Galle,27.89,84.41,29.09,29.87
2022,28,Gampaha,28.49,80.29,4.68,21.41
2022,28,Hambantota,29.17,76.56,1.4,32.26
2022,28,Jaffna,28.56,80.47,2.72,20.41
2022,28,Kalmunai,29.5,68.27,1.25,17.59
2022,28,Kalutara,28.51,80.54,10.91,20.41
2022,28,Kandy,23.99,78.54,12.18,18.93
2022,28,Kegalle,28.11,80.1,4.39,21.16
2022,28,Kilinochchi,29.13,75.21,4.28,31.69
2022,28,Kurunegala,28.44,79.3,1.83,22.51
2022,28,Mannar,27.93,83.8,0.61,42.69
2022,28,Matale,25.79,81.86,18.08,21.11
2022,28,Matara,29.16,78.73,18.66,35.2
2022,28,Monaragala,26.64,71.31,6.82,16.57
2022,28,Mullaitivu,29.01,73.36,18.5,28.37
2022,28,Nuwara Eliya,20.03,86.61,16.82,20.89
2022,28,Polonnaruwa,29.7,66.16,5.87,26.7
2022,28,Puttalam,27.64,84.76,5.1,28.13
2022,28,Ratnapura,25.31,86.46,27.4,13.64
2022,28,Trincomalee,29.44,69.24,12.3,29.43
2022,28,Vavuniya,29.21,72.43,21.64,26.27
2022,29,Ampara,28.67,76.57,19.66,11.14
2022,29,Anuradhapura,27.46,82.61,50.84,15.69
2022,29,Badulla,23.33,81.53,111.14,9.93
2022,29,Batticaloa,28.54,77.94,9.6,16.63
2022,29,Colombo,28,81.5,5.93,19.81
2022,29,Galle,27.31,82.59,3.38,47.64
2022,29,Gampaha,27.96,81.79,10.36,19.81
2022,29,Hambantota,28.09,81.93,8.13,30.4
2022,29,Jaffna,28,81.5,5.93,19.81
2022,29,Kalmunai,28.37,79.27,12.24,14.31
2022,29,Kalutara,27.97,81.74,15.39,19.81
2022,29,Kandy,23.66,85.53,58,10.39
2022,29,Kegalle,27.3,82.14,40.26,19.81
2022,29,Kilinochchi,28.94,77.79,33.46,17.03
2022,29,Kurunegala,27.77,81.44,35.51,19.81
2022,29,Mannar,27.94,83.31,2.37,28.01
2022,29,Matale,25.19,85.81,57,14.86
2022,29,Matara,28.06,84.14,2.8,30.89
2022,29,Monaragala,24.87,79.59,93.63,13.64
2022,29,Mullaitivu,28.24,80.63,67.8,15.66
2022,29,Nuwara Eliya,19.44,88.44,42.63,15.84
2022,29,Polonnaruwa,28.33,76.01,62.28,15.89
2022,29,Puttalam,27.7,84.06,3.01,21.5
2022,29,Ratnapura,24.73,88.87,82.77,12.46
2022,29,Trincomalee,28.34,77.79,45,20.24
2022,29,Vavuniya,28.14,81.77,65.39,13.06
2022,30,Ampara,26.87,84.8,85.73,9.76
2022,30,Anuradhapura,26.57,86.11,41.81,12.7
2022,30,Badulla,21.96,88.8,53.22,9.57
2022,30,Batticaloa,27.43,82.69,121.1,14.36
2022,30,Colombo,27.53,85.27,19.03,19.47
2022,30,Galle,26.7,84.47,50.44,34.26
2022,30,Gampaha,27.39,85.63,28.21,17.41
2022,30,Hambantota,26.24,90.71,116.62,22.33
2022,30,Jaffna,27.53,85.27,19.03,19.47
2022,30,Kalmunai,27.17,83.33,102.24,11.87
2022,30,Kalutara,27.36,85.56,42.84,18.7
2022,30,Kandy,22.73,90.06,72.92,8.53
2022,30,Kegalle,26.59,86.14,96.71,16.13
2022,30,Kilinochchi,28.13,80.39,36.87,14.9
2022,30,Kurunegala,26.99,85.66,118.23,16.13
2022,30,Mannar,27.79,81.43,5.9,23.61
2022,30,Matale,24.54,88.81,80.05,10.74
2022,30,Matara,26.69,90.44,135.52,20.94
2022,30,Monaragala,23.23,88.64,64.86,10.81
2022,30,Mullaitivu,27.57,83.1,71.7,14.54
2022,30,Nuwara Eliya,18.87,91.73,98.88,11.06
2022,30,Polonnaruwa,26.79,85.2,60.83,11.93
2022,30,Puttalam,27.4,84.4,30.3,19.17
2022,30,Ratnapura,23.91,91.94,196.07,9.41
2022,30,Trincomalee,27.23,83.29,34.7,15.64
2022,30,Vavuniya,27.06,85.9,69.98,11
2022,31,Ampara,28.2,72.07,2.42,12.1
2022,31,Anuradhapura,27.14,78.3,3.52,28.74
2022,31,Badulla,22.63,77.44,52.97,24.73
2022,31,Batticaloa,28.77,68.87,1.2,23.04
2022,31,Colombo,27.37,81.83,82.72,24.87
2022,31,Galle,26.6,83.87,30.83,43.56
2022,31,Gampaha,27.27,81.96,66.4,22.56
2022,31,Hambantota,27.24,82.47,23.4,38.33
2022,31,Jaffna,27.37,81.83,82.72,24.87
2022,31,Kalmunai,28.47,70.33,0.51,14.8
2022,31,Kalutara,27.29,81.96,76.73,23.74
2022,31,Kandy,22.51,84.57,124.42,23.54
2022,31,Kegalle,26.43,82.76,107.78,22.56
2022,31,Kilinochchi,28.46,77.11,7.85,35.01
2022,31,Kurunegala,26.86,82.66,84.73,22.56
2022,31,Mannar,27.86,82.03,2.8,44.27
2022,31,Matale,24.24,85.84,108.02,23.96
2022,31,Matara,27.23,84.54,28.11,33.67
2022,31,Monaragala,24.06,77.09,64.08,31.53
2022,31,Mullaitivu,28.46,74.1,8.5,29.1
2022,31,Nuwara Eliya,18.17,88.66,131.75,35.54
2022,31,Polonnaruwa,27.54,73.66,23.56,29.99
2022,31,Puttalam,27.46,81.63,29.2,34.57
2022,31,Ratnapura,23.87,88,66,17.5
2022,31,Trincomalee,28.21,72.81,2.9,33.23
2022,31,Vavuniya,27.93,76.57,8.4,27.26
2022,32,Ampara,29.36,69.44,2.76,10.96
2022,32,Anuradhapura,28.07,76.13,1.05,22.91
2022,32,Badulla,23.59,72.67,8.8,17.53
2022,32,Batticaloa,28.91,73.63,0.2,14.6
2022,32,Colombo,28.1,79.47,0.8,18.54
2022,32,Galle,26.84,87.01,5.6,23.61
2022,32,Gampaha,28.04,79.36,0.46,18.44
2022,32,Hambantota,28.36,78.87,0.01,30
2022,32,Jaffna,28.1,79.47,0.8,18.54
2022,32,Kalmunai,28.74,75.04,2.1,12.2
2022,32,Kalutara,28.07,79.29,0.66,18.44
2022,32,Kandy,23.87,78.34,0.14,15.93
2022,32,Kegalle,27.44,78.53,0.16,18.44
2022,32,Kilinochchi,29.31,73,3.91,25.27
2022,32,Kurunegala,27.93,77.79,0,18.7
2022,32,Mannar,27.67,83.47,0.1,32.09
2022,32,Matale,25.84,77.99,1.48,17.5
2022,32,Matara,28.09,82.36,0,24.8
2022,32,Monaragala,25.34,72.31,8.65,19.69
2022,32,Mullaitivu,28.97,73.34,16.6,21.14
2022,32,Nuwara Eliya,19.37,81.93,2.21,21.5
2022,32,Polonnaruwa,28.99,69,6.6,21.04
2022,32,Puttalam,27.83,82.33,0.8,22.61
2022,32,Ratnapura,25.27,81.36,7.8,14.67
2022,32,Trincomalee,29.14,71.5,1.9,22.93
2022,32,Vavuniya,28.81,74.47,16.7,18.87
2022,33,Ampara,29.43,70.64,13.95,12.94
2022,33,Anuradhapura,28.06,78.06,2.32,21.19
2022,33,Badulla,23.8,76.73,23.8,9.99
2022,33,Batticaloa,28.94,75.73,2.9,18.6
2022,33,Colombo,28.39,79.56,5.86,22.81
2022,33,Galle,27.2,85.99,16.13,26.47
2022,33,Gampaha,28.31,79.31,9.1,22.81
2022,33,Hambantota,27.81,82.31,0.6,30.03
2022,33,Jaffna,28.39,79.56,5.86,22.81
2022,33,Kalmunai,28.84,76.56,5.33,17.33
2022,33,Kalutara,28.3,79.64,19.2,22.81
2022,33,Kandy,23.94,82.8,11.58,13.2
2022,33,Kegalle,27.63,79.4,12.31,22.81
2022,33,Kilinochchi,29.04,76.7,30.83,26.49
2022,33,Kurunegala,28.1,78.4,5.04,22.81
2022,33,Mannar,27.59,84.93,22.16,35.5
2022,33,Matale,25.57,82.7,12.18,18.66
2022,33,Matara,28.07,84.11,15.08,27.36
2022,33,Monaragala,25.31,75.64,23.72,15.59
2022,33,Mullaitivu,28.69,77.41,37.8,20.89
2022,33,Nuwara Eliya,19.39,89.39,35.64,13.31
2022,33,Polonnaruwa,29.09,70.5,5.02,21.76
2022,33,Puttalam,27.76,82.6,4.2,26.96
2022,33,Ratnapura,25.14,86.44,49.69,12.97
2022,33,Trincomalee,29,73.31,10.5,23.3
2022,33,Vavuniya,28.49,78.87,49.52,19.23
2022,34,Ampara,28.51,74.43,36.23,10.01
2022,34,Anuradhapura,27,83.2,25.68,19.9
2022,34,Badulla,23.3,76.77,34.45,12.59
2022,34,Batticaloa,28.39,74.7,24.6,18.67
2022,34,Colombo,27.77,78.86,4.62,21.44
2022,34,Galle,26.79,84.94,8.58,32.04
2022,34,Gampaha,27.71,78.84,10.51,21.44
2022,34,Hambantota,27.99,78.41,1.4,30.87
2022,34,Jaffna,27.77,78.86,4.62,21.44
2022,34,Kalmunai,28.2,76.06,30.85,14.87
2022,34,Kalutara,27.74,78.94,16.1,21.44
2022,34,Kandy,23.06,84.09,40.99,14.91
2022,34,Kegalle,26.99,79.73,44.94,21.44
2022,34,Kilinochchi,27.91,81.19,53.26,19.81
2022,34,Kurunegala,27.41,79.34,59.88,21.44
2022,34,Mannar,27.34,83.87,70.78,29.16
2022,34,Matale,24.66,84.97,45.52,18.37
2022,34,Matara,28.01,81.23,8.74,30.44
2022,34,Monaragala,24.91,76.06,29.91,18.57
2022,34,Mullaitivu,27.43,82.2,64.9,19.56
2022,34,Nuwara Eliya,18.76,90.44,22.04,17.93
2022,34,Polonnaruwa,28.13,72.91,27.64,22.6
2022,34,Puttalam,27.3,84.2,8.1,26.59
2022,34,Ratnapura,24.29,86.74,85.28,13.77
2022,34,Trincomalee,27.71,76.79,35.9,24.89
2022,34,Vavuniya,27.31,82.89,56.26,17.76
2022,35,Ampara,27.09,83.9,127.54,10.39
2022,35,Anuradhapura,26.14,87.39,74.06,18.14
2022,35,Badulla,22,88.16,155.24,10.37
2022,35,Batticaloa,27.44,82.43,115.9,13.43
2022,35,Colombo,26.54,88.09,202.36,19.7
2022,35,Galle,26.29,85.81,168.61,28.74
2022,35,Gampaha,26.36,88.49,198.25,19.06
2022,35,Hambantota,26.67,86.99,16.92,31.43
2022,35,Jaffna,26.54,88.09,202.36,19.7
2022,35,Kalmunai,27.23,83.14,116.94,12.1
2022,35,Kalutara,26.46,88.11,272.24,19.14
2022,35,Kandy,22.6,88.59,190.77,11.26
2022,35,Kegalle,25.71,88.47,312.26,19.04
2022,35,Kilinochchi,27.53,82.06,31.66,21.8
2022,35,Kurunegala,26.06,88.26,394.82,19.6
2022,35,Mannar,27.03,84.84,2.36,31.11
2022,35,Matale,24.19,88.03,186.33,16.03
2022,35,Matara,26.66,88.79,139.25,28.59
2022,35,Monaragala,23.34,86.97,102.62,14.81
2022,35,Mullaitivu,27.21,82.41,40.6,19.96
2022,35,Nuwara Eliya,18.44,93.76,108.55,15.19
2022,35,Polonnaruwa,27.06,79.96,100.61,17.74
2022,35,Puttalam,26.67,86.3,32.81,22.21
2022,35,Ratnapura,24.51,90.3,382.75,11.19
2022,35,Trincomalee,27.34,79.5,35,21.13
2022,35,Vavuniya,26.77,85.19,29.16,17.29
2022,36,Ampara,28.49,72.09,0.1,10.97
2022,36,Anuradhapura,27.13,79.63,1.2,26.23
2022,36,Badulla,23.11,75.34,1.94,17.36
2022,36,Batticaloa,28.39,74.81,0.4,14.04
2022,36,Colombo,27.69,81.19,9.82,21.74
2022,36,Galle,26.69,84.54,35.18,35.74
2022,36,Gampaha,27.59,81.39,10.63,21.74
2022,36,Hambantota,27.89,80.03,3.7,31.79
2022,36,Jaffna,27.69,81.19,9.82,21.74
2022,36,Kalmunai,28.24,75.67,1.8,10.11
2022,36,Kalutara,27.67,81.07,10.99,21.74
2022,36,Kandy,23.2,79.86,10.54,20.01
2022,36,Kegalle,26.87,81.14,22.06,21.74
2022,36,Kilinochchi,28.19,78.11,1.2,34.99
2022,36,Kurunegala,27.29,81.04,32.82,22
2022,36,Mannar,27.14,84.94,0.5,42.01
2022,36,Matale,24.91,81.14,15.85,22.21
2022,36,Matara,27.66,83.17,26.46,29.36
2022,36,Monaragala,24.61,74.7,3.19,22.73
2022,36,Mullaitivu,28.3,74.86,2.1,28.79
2022,36,Nuwara Eliya,18.61,85.61,8.49,25.31
2022,36,Polonnaruwa,28.1,70.77,4.99,26.84
2022,36,Puttalam,27.36,83.01,4.5,30.4
2022,36,Ratnapura,24.97,84.01,21.5,14.2
2022,36,Trincomalee,28.43,71.59,0.5,28.9
2022,36,Vavuniya,27.7,78.53,0.1,25.87
2022,37,Ampara,29.37,71,3.26,12.47
2022,37,Anuradhapura,27.36,79.57,2.7,20.67
2022,37,Badulla,23.8,74.37,0.62,7.54
2022,37,Batticaloa,28.33,78.76,0.5,17.7
2022,37,Colombo,28.17,80.56,0.81,18.33
2022,37,Galle,26.29,79.44,9.5,48.39
2022,37,Gampaha,27.93,81.73,2.17,18.49
2022,37,Hambantota,28.27,81.6,0.5,26.06
2022,37,Jaffna,28.17,80.56,0.81,18.33
2022,37,Kalmunai,28.33,78.83,2.03,16.47
2022,37,Kalutara,28.14,80.47,5.52,18.13
2022,37,Kandy,23.44,81.87,5.25,11.4
2022,37,Kegalle,27.64,81.5,1.33,18.13
2022,37,Kilinochchi,28.61,75.54,0.2,29.06
2022,37,Kurunegala,27.79,81.86,0.11,20.67
2022,37,Mannar,27.36,84.81,0.1,35.14
2022,37,Matale,25.37,82.2,4.89,17.83
2022,37,Matara,28.14,82.71,2,25.13
2022,37,Monaragala,26,74,2.6,11.53
2022,37,Mullaitivu,28.46,74.9,0.3,20.67
2022,37,Nuwara Eliya,19.86,86.83,4.68,10.13
2022,37,Polonnaruwa,29.19,67.6,2.56,20.89
2022,37,Puttalam,27.33,84.26,4.4,24.64
2022,37,Ratnapura,25.8,84.04,3.9,11.49
2022,37,Trincomalee,29.06,69.34,1.2,21.6
2022,37,Vavuniya,28.19,76.41,2.1,19.96
2022,38,Ampara,29.71,68.84,6.23,9.91
2022,38,Anuradhapura,27.93,76.4,8.27,19.79
2022,38,Badulla,23.94,70.36,19.71,8.54
2022,38,Batticaloa,29.13,73.36,3.3,15.07
2022,38,Colombo,28.64,77.69,3.54,18.79
2022,38,Galle,26.36,78.44,9.8,41.3
2022,38,Gampaha,28.39,78.49,3.66,18.79
2022,38,Hambantota,29.27,73.8,0.2,29.06
2022,38,Jaffna,28.64,77.69,3.54,18.79
2022,38,Kalmunai,28.9,75.71,2.59,14.54
2022,38,Kalutara,28.6,77.64,3.49,18.79
2022,38,Kandy,23.71,79.27,11.04,15.31
2022,38,Kegalle,27.8,78.16,6.15,18.79
2022,38,Kilinochchi,28.97,74.13,3.4,25.14
2022,38,Kurunegala,28.23,77.56,5.12,19.04
2022,38,Mannar,27.77,82.8,0.05,33
2022,38,Matale,25.57,79.26,11.44,17.59
2022,38,Matara,29.06,76.51,6.45,27.57
2022,38,Monaragala,25.76,70.76,23.9,11.4
2022,38,Mullaitivu,28.7,73.64,7.5,20.37
2022,38,Nuwara Eliya,19.51,84.19,10,13.61
2022,38,Polonnaruwa,29.39,65.53,8.32,20.81
2022,38,Puttalam,27.94,80.81,1.6,23.54
2022,38,Ratnapura,25.99,81.39,8.8,12.16
2022,38,Trincomalee,29.21,68.84,16.2,24.03
2022,38,Vavuniya,28.77,72.81,7.6,18.19
2022,39,Ampara,29.27,69,9.17,14.19
2022,39,Anuradhapura,27.66,78.47,5.45,23.97
2022,39,Badulla,23.7,72.4,27.13,15.39
2022,39,Batticaloa,29.23,69.36,3.9,23.3
2022,39,Colombo,28.39,77.81,18.24,24.14
2022,39,Galle,26.37,77.8,38.2,34.16
2022,39,Gampaha,28.23,78.64,27.1,22.36
2022,39,Hambantota,28.53,75.9,9.2,33.79
2022,39,Jaffna,28.39,77.81,18.24,24.14
2022,39,Kalmunai,29,71,5.65,19.54
2022,39,Kalutara,28.31,78.13,38.48,23.93
2022,39,Kandy,23.09,83.84,49.19,18.74
2022,39,Kegalle,27.4,79.63,51.66,22.2
2022,39,Kilinochchi,28.93,75.81,6.54,25.2
2022,39,Kurunegala,27.9,79.09,38.87,23.29
2022,39,Mannar,27.99,82.49,1.13,37.44
2022,39,Matale,24.79,84.8,39.39,20.64
2022,39,Matara,28.56,78.5,30.4,32.04
2022,39,Monaragala,25.13,73.64,35.41,20.89
2022,39,Mullaitivu,28.49,75.71,29.1,23.77
2022,39,Nuwara Eliya,18.71,89.2,112.81,22.09
2022,39,Polonnaruwa,28.47,70.91,14.1,26.03
2022,39,Puttalam,27.87,81.7,5.8,29.1
2022,39,Ratnapura,25.33,85.33,136.73,19.3
2022,39,Trincomalee,28.7,72.39,20.4,27.99
2022,39,Vavuniya,28.29,77.04,30.89,21.39
2022,40,Ampara,28.37,74.79,18.93,10.64
2022,40,Anuradhapura,27.2,81.73,3.74,17.33
2022,40,Badulla,23.34,75.33,40.89,7.91
2022,40,Batticaloa,28.24,76.31,23.5,14.26
2022,40,Colombo,28.14,79.53,1.93,18.53
2022,40,Galle,27.16,83.07,21.3,29.47
2022,40,Gampaha,27.97,79.97,4.31,18.53
2022,40,Hambantota,28.11,78.19,0.62,29.83
2022,40,Jaffna,28.14,79.53,1.93,18.53
2022,40,Kalmunai,27.99,78.2,20.45,13.8
2022,40,Kalutara,28.04,79.79,6.94,18.53
2022,40,Kandy,23.23,83.49,4.18,11.46
2022,40,Kegalle,27.23,80.16,6.9,18.53
2022,40,Kilinochchi,28.04,80.7,55.3,16.81
2022,40,Kurunegala,27.74,79.1,6.5,18.83
2022,40,Mannar,27.56,83.33,32.58,25.81
2022,40,Matale,24.94,83.4,5.91,15.64
2022,40,Matara,28.04,80.39,16.18,27.13
2022,40,Monaragala,24.81,75.97,31.39,8.51
2022,40,Mullaitivu,27.73,80.71,107.2,16.6
2022,40,Nuwara Eliya,18.64,89.31,7.34,10.23
2022,40,Polonnaruwa,28.06,74.46,11.06,16.6
2022,40,Puttalam,27.69,82.33,10.3,21.09
2022,40,Ratnapura,24.79,86.47,27.5,12.97
2022,40,Trincomalee,27.94,76.86,15.1,19.6
2022,40,Vavuniya,27.56,82.01,110.6,14.4
2022,41,Ampara,26.91,84.6,67.57,8.46
2022,41,Anuradhapura,26.24,88.56,67.52,15.19
2022,41,Badulla,21.7,91.24,88.45,6.84
2022,41,Batticaloa,27.16,83.36,48.6,13.21
2022,41,Colombo,26.27,90.27,459.22,19.04
2022,41,Galle,25.9,86.34,255.36,32.41
2022,41,Gampaha,26.16,90.57,382.8,18.94
2022,41,Hambantota,26.96,86.69,6.75,25.76
2022,41,Jaffna,26.27,90.27,459.22,19.04
2022,41,Kalmunai,26.86,84.24,56.99,12.29
2022,41,Kalutara,26.21,90.37,460.42,18.53
2022,41,Kandy,22.54,90.21,59.41,6.39
2022,41,Kegalle,25.56,90.19,359.04,18.69
2022,41,Kilinochchi,27.29,84.99,84.62,15.23
2022,41,Kurunegala,25.99,89.46,362.57,19.56
2022,41,Mannar,27.11,85.07,37.45,26.54
2022,41,Matale,24.26,89.56,62.6,12.64
2022,41,Matara,26.53,87.66,228.29,24.73
2022,41,Monaragala,23.5,87.39,110.47,9.9
2022,41,Mullaitivu,26.83,85.97,52.4,14.66
2022,41,Nuwara Eliya,18.64,94.14,111.12,8.21
2022,41,Polonnaruwa,26.66,85.83,59.67,12.43
2022,41,Puttalam,26.79,87.11,89.99,18.36
2022,41,Ratnapura,23.49,93.33,311.67,10.46
2022,41,Trincomalee,26.91,83.9,124.2,15.73
2022,41,Vavuniya,26.77,87.86,54.73,13.57
2022,42,Ampara,27.09,84.24,47.04,10
2022,42,Anuradhapura,25.93,90.29,73.14,15.43
2022,42,Badulla,22.16,87.86,36,10.49
2022,42,Batticaloa,27.36,81.97,29.3,22.24
2022,42,Colombo,26.61,88.07,350.26,15.97
2022,42,Galle,26.19,85.34,298.63,33.03
2022,42,Gampaha,26.53,88.54,249.25,13
2022,42,Hambantota,27.09,85.57,5.91,31.71
2022,42,Jaffna,26.61,88.07,350.26,15.97
2022,42,Kalmunai,27.27,81.74,40.71,17.59
2022,42,Kalutara,26.51,88.29,318.76,15.3
2022,42,Kandy,22.3,91.36,134.65,12.14
2022,42,Kegalle,25.79,88.93,288.36,13
2022,42,Kilinochchi,27.21,86.33,118.58,18.26
2022,42,Kurunegala,26.16,88.67,340.38,13.2
2022,42,Mannar,27.29,84.27,74.06,22.97
2022,42,Matale,23.84,91.13,144.5,13.69
2022,42,Matara,26.73,86.47,252.26,27.76
2022,42,Monaragala,23.63,87.47,53.32,11.01
2022,42,Mullaitivu,26.73,87.29,61.3,16.87
2022,42,Nuwara Eliya,18.5,93.67,101.33,14.17
2022,42,Polonnaruwa,26.27,86.17,83.04,18.14
2022,42,Puttalam,26.87,86.8,65.2,21.37
2022,42,Ratnapura,23.56,92.44,132.01,12.5
2022,42,Trincomalee,26.6,85.96,101.8,21.34
2022,42,Vavuniya,26.3,90.27,67.19,13.89
2022,43,Ampara,26.77,81.89,74.29,11.9
2022,43,Anuradhapura,26.34,84.13,28.18,10.84
2022,43,Badulla,21.7,86.37,53.97,6.89
2022,43,Batticaloa,27.3,79.34,70.9,15.6
2022,43,Colombo,27.5,83.41,21.28,15.76
2022,43,Galle,25.83,78.51,102.58,71.27
2022,43,Gampaha,27.34,84,28.44,13.36
2022,43,Hambantota,26.97,85.06,31.92,16.01
2022,43,Jaffna,27.5,83.41,21.28,15.76
2022,43,Kalmunai,27.09,79.8,72.99,14.29
2022,43,Kalutara,27.44,83.57,79.58,15.53
2022,43,Kandy,22.81,85.87,25.32,7.57
2022,43,Kegalle,26.66,83.66,26.35,13.61
2022,43,Kilinochchi,27.11,82.91,116.17,14.91
2022,43,Kurunegala,27.14,82.77,7.1,13.77
2022,43,Mannar,27.24,81.54,47.18,23.49
2022,43,Matale,24.81,84.43,22.56,9
2022,43,Matara,27.1,86.01,133.15,16.99
2022,43,Monaragala,23.21,85.19,66.2,6.69
2022,43,Mullaitivu,26.97,81.6,28.2,14.61
2022,43,Nuwara Eliya,18.69,88.34,55.85,6.37
2022,43,Polonnaruwa,26.49,83.44,40.16,10.24
2022,43,Puttalam,27.03,83.36,34,17.01
2022,43,Ratnapura,24.79,86.7,155.52,12.4
2022,43,Trincomalee,26.93,80.29,37.8,13.89
2022,43,Vavuniya,26.49,85.84,22.03,11.93
2022,44,Ampara,26.23,87.7,148.3,9.49
2022,44,Anuradhapura,25.6,90.24,111.56,11.77
2022,44,Badulla,21.56,90.19,119.95,7.99
2022,44,Batticaloa,26.54,85.89,200.7,15.43
2022,44,Colombo,26.77,86.66,188.32,13.77
2022,44,Galle,25.8,80.63,123.79,51.84
2022,44,Gampaha,26.67,87.01,137.27,13.51
2022,44,Hambantota,26.46,87.19,62.43,20.43
2022,44,Jaffna,26.77,86.66,188.32,13.77
2022,44,Kalmunai,26.37,85.9,169.45,12.61
2022,44,Kalutara,26.71,86.73,178.67,14.26
2022,44,Kandy,22.43,90.6,191.3,7.91
2022,44,Kegalle,26,87.4,187.2,13.51
2022,44,Kilinochchi,26.47,87.51,97.25,13.67
2022,44,Kurunegala,26.37,87.26,179.92,13.51
2022,44,Mannar,26.37,86.39,91.47,21.51
2022,44,Matale,24.16,89.83,167.66,10.96
2022,44,Matara,26.81,87.1,140.4,25.7
2022,44,Monaragala,22.94,89.7,108.34,8.76
2022,44,Mullaitivu,26.26,87.59,60.1,13.67
2022,44,Nuwara Eliya,18.54,91.27,42.52,9.2
2022,44,Polonnaruwa,25.9,89.11,160.82,12.9
2022,44,Puttalam,26.43,87.26,54.21,16.14
2022,44,Ratnapura,23.8,90.99,111.3,8.4
2022,44,Trincomalee,26.3,87.04,177.7,15.83
2022,44,Vavuniya,25.87,90.13,77.5,10.66
2022,45,Ampara,25.8,88.57,207.61,11.37
2022,45,Anuradhapura,25.39,91.39,98.08,10.47
2022,45,Badulla,21.26,90.79,171.5,6.93
2022,45,Batticaloa,26.26,86.63,194.3,17.27
2022,45,Colombo,26.63,86.57,176.69,13.4
2022,45,Galle,26.53,80.69,14.49,35.39
2022,45,Gampaha,26.54,86.87,104.04,12.93
2022,45,Hambantota,25.96,91.13,105.93,16.73
2022,45,Jaffna,26.63,86.57,176.69,13.4
2022,45,Kalmunai,26.04,86.91,189.82,14.66
2022,45,Kalutara,26.57,86.5,156.72,13.24
2022,45,Kandy,22.21,90.66,80.72,7.04
2022,45,Kegalle,25.79,87.4,105.18,12.74
2022,45,Kilinochchi,26.31,87.57,136.22,19.4
2022,45,Kurunegala,26.14,87.16,92.64,12.74
2022,45,Mannar,26.4,85.74,49.41,26.34
2022,45,Matale,24.03,90.13,79.05,9
2022,45,Matara,26.29,90.26,106.64,21.51
2022,45,Monaragala,22.59,90.59,150.38,7.8
2022,45,Mullaitivu,26.13,88.14,61.1,18.6
2022,45,Nuwara Eliya,18.39,91.63,47.96,7.43
2022,45,Polonnaruwa,25.44,90.97,126.14,10.04
2022,45,Puttalam,26.21,88.47,135.5,17.86
2022,45,Ratnapura,23.89,90.33,208.57,8.36
2022,45,Trincomalee,25.97,88.57,98.2,16.56
2022,45,Vavuniya,25.5,91.61,81.21,12.34
2022,46,Ampara,26.34,79.66,25.84,17.07
2022,46,Anuradhapura,25.59,83.07,1.01,13.67
2022,46,Badulla,21.17,83.67,31.79,8.07
2022,46,Batticaloa,26.77,79.36,26.8,23.56
2022,46,Colombo,26.77,80.09,3.19,15.4
2022,46,Galle,26.06,78.19,25.87,40.07
2022,46,Gampaha,26.57,80.76,3.13,15.4
2022,46,Hambantota,26.84,84.93,21.1,21.44
2022,46,Jaffna,26.77,80.09,3.19,15.4
2022,46,Kalmunai,26.61,78.84,23.64,21.64
2022,46,Kalutara,26.66,80.16,5.06,15.5
2022,46,Kandy,21.99,84.71,0.75,10.24
2022,46,Kegalle,25.84,80.99,3.45,15.4
2022,46,Kilinochchi,26.99,75.6,2.47,21.94
2022,46,Kurunegala,26.34,80.83,3.2,15.4
2022,46,Mannar,27.03,74.93,0.57,26.47
2022,46,Matale,24.04,83.2,1.26,11.79
2022,46,Matara,26.24,84.4,31.55,24.57
2022,46,Monaragala,22.63,83.16,19.91,7.96
2022,46,Mullaitivu,27.1,74.79,3,21.96
2022,46,Nuwara Eliya,18.11,81.93,4.86,9.06
2022,46,Polonnaruwa,25.66,83.43,9.92,13.73
2022,46,Puttalam,26.43,80.5,1.5,19.91
2022,46,Ratnapura,24,83.97,1.2,8.8
2022,46,Trincomalee,26.54,79.56,17,22.03
2022,46,Vavuniya,25.73,83.36,3.63,14.67
2022,47,Ampara,26.9,80.84,16.27,22.26
2022,47,Anuradhapura,26.5,80.66,2,10.09
2022,47,Badulla,21.71,82.73,38.21,7.8
2022,47,Batticaloa,27.13,80.69,14,24.94
2022,47,Colombo,27.41,79.57,2.12,13.03
2022,47,Galle,26.54,79.73,4.71,46.39
2022,47,Gampaha,27.26,80.06,7.78,13
2022,47,Hambantota,25.96,83.3,43.42,32.27
2022,47,Jaffna,27.41,79.57,2.12,13.03
2022,47,Kalmunai,27,80.49,11.62,24.6
2022,47,Kalutara,27.34,79.66,3.74,13.1
2022,47,Kandy,22.63,82.36,18.53,8.7
2022,47,Kegalle,26.54,79.9,47.32,13
2022,47,Kilinochchi,26.91,82.66,2.5,12.77
2022,47,Kurunegala,27.04,79.26,90.77,13
2022,47,Mannar,27.16,79.97,2.3,18.46
2022,47,Matale,24.79,79.34,31.01,9.43
2022,47,Matara,25.64,83.06,8,34.4
2022,47,Monaragala,23.07,83.73,57.97,9.71
2022,47,Mullaitivu,26.86,81.26,2.2,12.26
2022,47,Nuwara Eliya,18.5,83.77,3.25,10.27
2022,47,Polonnaruwa,26.59,80.13,6.31,12.34
2022,47,Puttalam,27.21,79.63,0.6,13.84
2022,47,Ratnapura,24.46,82.59,11.1,9.27
2022,47,Trincomalee,27,79.19,1.9,13.11
2022,47,Vavuniya,26.49,83.16,5.7,10.17
2022,48,Ampara,26.27,85.47,18.56,11.87
2022,48,Anuradhapura,25.86,88.23,27.63,12.46
2022,48,Badulla,21.16,88.6,35.67,8.93
2022,48,Batticaloa,26.56,84.91,15.7,13.47
2022,48,Colombo,26.91,82.23,233.89,11.46
2022,48,Galle,26.41,83.13,51.58,22.19
2022,48,Gampaha,26.76,82.94,177.93,12.07
2022,48,Hambantota,25.86,88.86,31.61,18.07
2022,48,Jaffna,26.91,82.23,233.89,11.46
2022,48,Kalmunai,26.43,84.63,14.77,12.94
2022,48,Kalutara,26.8,82.54,238.96,11.94
2022,48,Kandy,22.44,87.24,41.56,8.41
2022,48,Kegalle,26.13,82.74,135.54,11.46
2022,48,Kilinochchi,26.56,85.84,48.68,17.46
2022,48,Kurunegala,26.69,81.63,109.41,11.46
2022,48,Mannar,26.79,83.2,27.88,24.69
2022,48,Matale,24.64,85.06,34.42,8.64
2022,48,Matara,25.81,88.2,47.11,19.99
2022,48,Monaragala,22.63,87.47,39.21,9.09
2022,48,Mullaitivu,26.44,85.1,73.7,15.39
2022,48,Nuwara Eliya,18.44,88.59,24.86,8.3
2022,48,Polonnaruwa,25.94,88.01,53.62,10.46
2022,48,Puttalam,26.81,83.37,49.4,17.39
2022,48,Ratnapura,24.09,89.13,123.49,5.59
2022,48,Trincomalee,26.3,85.71,136,15.01
2022,48,Vavuniya,25.8,89.49,80.57,11.99
2022,49,Ampara,24.69,83.6,29.3,15.43
2022,49,Anuradhapura,24.1,87.29,44.59,18.56
2022,49,Badulla,20.1,80.53,18.29,17.29
2022,49,Batticaloa,25.33,84.34,55.9,28.5
2022,49,Colombo,25.57,83.69,93.65,14.73
2022,49,Galle,26.14,82,29.8,53.73
2022,49,Gampaha,25.21,84.7,62.95,15.51
2022,49,Hambantota,25.87,83.96,18.7,30.31
2022,49,Jaffna,25.57,83.69,93.65,14.73
2022,49,Kalmunai,25.21,83.2,42.44,23.41
2022,49,Kalutara,25.51,83.23,69.64,14.69
2022,49,Kandy,20.5,86.51,20.62,12.77
2022,49,Kegalle,24.43,84.84,52.08,14.47
2022,49,Kilinochchi,25.63,82.01,95.48,28.93
2022,49,Kurunegala,24.79,85.4,54.38,15.61
2022,49,Mannar,26.56,77.34,73.35,36.01
2022,49,Matale,22.49,86.41,19.88,13.21
2022,49,Matara,26,84.16,38.88,27.74
2022,49,Monaragala,21.43,82.36,16.76,23.33
2022,49,Mullaitivu,25.27,82.2,102.4,32.87
2022,49,Nuwara Eliya,16.69,82.73,25.47,25.03
2022,49,Polonnaruwa,24,86.16,67.64,18.36
2022,49,Puttalam,26.21,80.29,24,25.19
2022,49,Ratnapura,23.66,82.66,27.9,14.11
2022,49,Trincomalee,25.13,81.91,145.5,26.91
2022,49,Vavuniya,24.34,86.61,136.2,20.16
2022,50,Ampara,25.54,86.64,94.93,15.33
2022,50,Anuradhapura,25.21,85.87,107.14,13.37
2022,50,Badulla,20.3,88.2,46.73,10.23
2022,50,Batticaloa,26.3,83.79,75.9,20.93
2022,50,Colombo,26.64,80.3,28.67,18.44
2022,50,Galle,25.94,83.66,77.73,32.14
2022,50,Gampaha,26.26,81.94,30.24,18.31
2022,50,Hambantota,25.76,88.21,23.51,26.6
2022,50,Jaffna,26.64,80.3,28.67,18.44
2022,50,Kalmunai,25.97,84.73,94.42,18.46
2022,50,Kalutara,26.57,80.84,29.44,18.14
2022,50,Kandy,21.3,88.4,58.84,9.3
2022,50,Kegalle,25.57,82.21,63.27,17.79
2022,50,Kilinochchi,26.57,81.2,34.12,21.56
2022,50,Kurunegala,25.99,82.01,80.41,19.09
2022,50,Mannar,26.74,79.89,20,28.7
2022,50,Matale,23.69,85.74,59,10.84
2022,50,Matara,25.77,90.31,83.73,28.89
2022,50,Monaragala,21.91,86.61,59.97,13.29
2022,50,Mullaitivu,26.43,80.99,43.4,21.66
2022,50,Nuwara Eliya,17.69,87.24,31.31,12.7
2022,50,Polonnaruwa,25.14,87.74,64.49,11.87
2022,50,Puttalam,26.39,81.7,34.21,19.79
2022,50,Ratnapura,24.8,84.27,13,18.07
2022,50,Trincomalee,26.23,82.97,28,20.01
2022,50,Vavuniya,25.56,85.47,46.66,14.74
2022,51,Ampara,25.41,88.24,128.61,19.03
2022,51,Anuradhapura,25.11,90.46,132.02,14.8
2022,51,Badulla,20.91,91.37,102.33,10.24
2022,51,Batticaloa,25.81,88.13,186.3,26.29
2022,51,Colombo,26.63,83.07,167.53,16.09
2022,51,Galle,26.21,83.24,11.18,27.71
2022,51,Gampaha,26.19,85.47,146.87,17.33
2022,51,Hambantota,25.93,91,121.92,18.89
2022,51,Jaffna,26.63,83.07,167.53,16.09
2022,51,Kalmunai,25.69,87.54,151.05,23.84
2022,51,Kalutara,26.59,83.14,145.35,15.51
2022,51,Kandy,21.76,92.34,164.43,8.69
2022,51,Kegalle,25.46,86.46,215.66,16.49
2022,51,Kilinochchi,26.11,87.93,79.95,28.49
2022,51,Kurunegala,25.66,87.53,257.02,19.6
2022,51,Mannar,26.17,86.26,95.24,33.49
2022,51,Matale,23.61,91.29,163.11,10.07
2022,51,Matara,26.07,90.83,49.06,34.61
2022,51,Monaragala,22.39,90.47,96.39,12.59
2022,51,Mullaitivu,26.04,88.3,54.7,26.01
2022,51,Nuwara Eliya,18.09,92.86,70.31,12.83
2022,51,Polonnaruwa,25.19,90.09,140.02,15.23
2022,51,Puttalam,26.07,86.57,42.51,22.21
2022,51,Ratnapura,25.49,84.66,87.3,15.06
2022,51,Trincomalee,25.91,88.43,78.4,24.07
2022,51,Vavuniya,25.39,91.03,66.6,16.91
2022,52,Ampara,25.81,84.15,123.72,15.18
2022,52,Anuradhapura,25.48,85.72,38.22,14.59
2022,52,Badulla,20.38,86.06,39.17,11.22
2022,52,Batticaloa,26.3,82.72,174.6,18.35
2022,52,Colombo,27.24,76.61,23.26,15.56
2022,52,Galle,26.21,82.22,35.37,24.52
2022,52,Gampaha,27,77.96,11.66,15.96
2022,52,Hambantota,26.06,83.96,1.2,25.12
2022,52,Jaffna,27.24,76.61,23.26,15.56
2022,52,Kalmunai,26.09,82.92,153.56,17.02
2022,52,Kalutara,27.19,77.26,18.73,15.38
2022,52,Kandy,21.99,84.05,3.91,10.34
2022,52,Kegalle,26.28,78,7.3,15.75
2022,52,Kilinochchi,26.36,83.98,26.14,20.16
2022,52,Kurunegala,26.69,77.9,5.64,17.12
2022,52,Mannar,26.42,82.21,23.08,26.09
2022,52,Matale,24.34,81.22,5.85,12.52
2022,52,Matara,26.21,85.14,26.78,29.89
2022,52,Monaragala,22.01,84,41.08,15.58
2022,52,Mullaitivu,26.24,83.99,25.7,20.2
2022,52,Nuwara Eliya,17.61,84.11,5.46,12.42
2022,52,Polonnaruwa,25.55,85.32,62.07,12.55
2022,52,Puttalam,26.39,82.44,36.1,19.12
2022,52,Ratnapura,25.15,81.69,5.1,7.21
2022,52,Trincomalee,26.18,83.34,31.8,18.8
2022,52,Vavuniya,25.75,86.5,18.5,14.94
2023,1,Ampara,25.47,84.24,63.59,18.04
2023,1,Anuradhapura,24.64,86.2,97.04,16.34
2023,1,Badulla,20.17,89.16,32.76,9.91
2023,1,Batticaloa,26.04,82.44,49.5,22.77
2023,1,Colombo,27.13,72.84,11.69,20.63
2023,1,Galle,25.77,83.09,46.21,33.07
2023,1,Gampaha,26.74,74.54,14.45,21.06
2023,1,Hambantota,26.3,82.66,1.7,30.93
2023,1,Jaffna,27.13,72.84,11.69,20.63
2023,1,Kalmunai,25.77,83.19,56.1,20.84
2023,1,Kalutara,27,73.77,37.35,20.63
2023,1,Kandy,21.47,87.47,21.61,10.8
2023,1,Kegalle,25.99,75.96,15.52,20.63
2023,1,Kilinochchi,26,79.3,23.52,25.21
2023,1,Kurunegala,26.41,75.56,8.78,23.03
2023,1,Mannar,26.1,78.39,23.5,31.99
2023,1,Matale,23.81,83.13,20.77,14.83
2023,1,Matara,26.19,85.26,35.49,34.64
2023,1,Monaragala,21.89,86.17,43.94,15.79
2023,1,Mullaitivu,25.86,79.06,51.3,22.49
2023,1,Nuwara Eliya,17.56,88.63,30.37,10.56
2023,1,Polonnaruwa,24.94,84.83,55.04,14.61
2023,1,Puttalam,25.73,81.2,25.21,23.46
2023,1,Ratnapura,25.23,80.93,55.49,10.63
2023,1,Trincomalee,25.87,80.46,32.6,22.83
2023,1,Vavuniya,24.93,86.17,83.35,16.96
2023,2,Ampara,25.1,80.3,6.76,16.93
2023,2,Anuradhapura,23.96,82.73,0.04,13.03
2023,2,Badulla,19.9,84.17,7.64,8.43
2023,2,Batticaloa,25.74,76.86,10.4,20.01
2023,2,Colombo,26.33,75.31,55.6,17.06
2023,2,Galle,26.26,80.01,7.4,28.53
2023,2,Gampaha,26.04,76.3,36.58,16.07
2023,2,Hambantota,26.06,81.24,0,32.23
2023,2,Jaffna,26.33,75.31,55.6,17.06
2023,2,Kalmunai,25.46,77.89,7.79,19.04
2023,2,Kalutara,26.23,76.04,40.84,16.9
2023,2,Kandy,21.14,84.23,1.43,8.07
2023,2,Kegalle,25.4,76.19,30.39,16.01
2023,2,Kilinochchi,25.31,73.44,0.1,18.63
2023,2,Kurunegala,25.87,75.59,29,16.94
2023,2,Mannar,25.63,72.51,0,27.06
2023,2,Matale,23.36,80.49,1.83,10.86
2023,2,Matara,26.13,83.93,5.74,29.37
2023,2,Monaragala,21.51,80.7,6.38,12.13
2023,2,Mullaitivu,25.54,71.33,0.7,17.13
2023,2,Nuwara Eliya,17.33,80.59,5.22,6.01
2023,2,Polonnaruwa,24.43,81.73,2.46,10.84
2023,2,Puttalam,25.16,78.34,3,20.63
2023,2,Ratnapura,24.81,81.4,2.8,14.01
2023,2,Trincomalee,25.37,74.07,1.2,17.64
2023,2,Vavuniya,24.1,81.36,1.4,13.47
2023,3,Ampara,25.17,83.26,75.19,18.51
2023,3,Anuradhapura,24.51,84.8,9.11,17.54
2023,3,Badulla,19.74,89.03,51.44,11.46
2023,3,Batticaloa,25.9,80.87,70.9,23.89
2023,3,Colombo,26.16,77.79,4.76,19.66
2023,3,Galle,25.71,81.16,23.39,26.73
2023,3,Gampaha,25.94,78.03,11.54,19.03
2023,3,Hambantota,25.43,85.06,75.5,33.61
2023,3,Jaffna,26.16,77.79,4.76,19.66
2023,3,Kalmunai,25.61,81.4,73.36,21.5
2023,3,Kalutara,26.07,77.94,6.3,18.79
2023,3,Kandy,20.99,87.04,12.24,11.49
2023,3,Kegalle,25.24,78.76,14.77,18.91
2023,3,Kilinochchi,25.8,76.87,5.59,23.41
2023,3,Kurunegala,25.63,78.41,16.93,20.37
2023,3,Mannar,25.87,76.87,5.54,30.36
2023,3,Matale,23.34,83.46,11.9,14.77
2023,3,Matara,25.57,85.71,72.11,30.17
2023,3,Monaragala,21.56,85.63,45.08,17.01
2023,3,Mullaitivu,25.86,75.87,7.6,21.7
2023,3,Nuwara Eliya,17.33,85.76,17.25,13.23
2023,3,Polonnaruwa,24.7,84.9,31.63,15.59
2023,3,Puttalam,25.51,80.49,58.59,23.09
2023,3,Ratnapura,24.26,83.64,5.8,8.31
2023,3,Trincomalee,25.79,78.11,38.9,22.54
2023,3,Vavuniya,24.79,83.36,16.39,17.37
2023,4,Ampara,25.29,83.29,55.47,17.13
2023,4,Anuradhapura,24.81,84.04,42.98,13.94
2023,4,Badulla,20.19,87.79,6.27,8.97
2023,4,Batticaloa,25.93,80.63,115.2,20.53
2023,4,Colombo,26.44,79.66,175.74,14.71
2023,4,Galle,25.4,82.77,25.59,33.03
2023,4,Gampaha,26.16,80.4,64.56,14.46
2023,4,Hambantota,25.69,86.56,18.4,22.23
2023,4,Jaffna,26.44,79.66,175.74,14.71
2023,4,Kalmunai,25.69,81.13,87.26,19.49
2023,4,Kalutara,26.39,79.83,80.85,14.73
2023,4,Kandy,21.51,86.37,3.62,8.54
2023,4,Kegalle,25.57,79.74,27.12,14.33
2023,4,Kilinochchi,25.97,78.83,7.55,21.6
2023,4,Kurunegala,26.03,79.19,14.64,15.83
2023,4,Mannar,26.11,77.79,10.39,29.27
2023,4,Matale,23.93,81.93,4.32,10.96
2023,4,Matara,25.6,88.09,38.2,21.97
2023,4,Monaragala,21.76,85.13,5.89,12.11
2023,4,Mullaitivu,25.94,77.61,9.9,19.33
2023,4,Nuwara Eliya,17.59,85.74,3.41,9.09
2023,4,Polonnaruwa,25.01,84.47,43.63,13.69
2023,4,Puttalam,25.8,80.79,10.2,20.11
2023,4,Ratnapura,25.13,83.26,19,13.46
2023,4,Trincomalee,25.8,79.73,14.9,19.94
2023,4,Vavuniya,25.06,84.34,21.27,15.14
2023,5,Ampara,25.61,88.21,81.48,17.66
2023,5,Anuradhapura,25.23,88.57,57.2,15.69
2023,5,Badulla,21.23,90.89,44.11,9.94
2023,5,Batticaloa,26.01,87.39,68.9,24.23
2023,5,Colombo,26.59,83.59,25.6,18.36
2023,5,Galle,25.57,84.59,157.7,31.49
2023,5,Gampaha,26.36,84.86,68.1,18.46
2023,5,Hambantota,26.2,90.33,99.3,21.13
2023,5,Jaffna,26.59,83.59,25.6,18.36
2023,5,Kalmunai,25.89,87.13,73.76,21.61
2023,5,Kalutara,26.51,83.83,40.23,18.07
2023,5,Kandy,22.14,90.49,69.33,10.03
2023,5,Kegalle,25.74,85.21,81.81,18.06
2023,5,Kilinochchi,25.89,86.41,196.03,27.26
2023,5,Kurunegala,26.1,85.06,95.63,18.53
2023,5,Mannar,26,85.7,119.46,33.89
2023,5,Matale,24.2,87.74,58.52,11.67
2023,5,Matara,26.16,90.49,232.39,23.19
2023,5,Monaragala,22.83,89.69,37.74,11.71
2023,5,Mullaitivu,25.76,86.44,223.9,27.34
2023,5,Nuwara Eliya,18.54,92,35.13,12.69
2023,5,Polonnaruwa,25.39,88.94,102.71,15.94
2023,5,Puttalam,26.04,85.87,34.3,24.96
2023,5,Ratnapura,25.34,85.73,51.09,15.1
2023,5,Trincomalee,25.83,87.54,174.4,23.54
2023,5,Vavuniya,25.3,89.09,278.25,17.27
2023,6,Ampara,26,82.27,11.04,16.13
2023,6,Anuradhapura,25.76,82.14,1.42,12.7
2023,6,Badulla,21.06,85.06,7.4,9
2023,6,Batticaloa,26.39,80.49,7.2,18.01
2023,6,Colombo,27.36,78.27,0.3,16.64
2023,6,Galle,26.69,84.03,31.13,22.23
2023,6,Gampaha,27.09,78.8,2.94,16.27
2023,6,Hambantota,26.94,82,13.5,25.29
2023,6,Jaffna,27.36,78.27,0.3,16.64
2023,6,Kalmunai,26.17,80.83,9.81,17.74
2023,6,Kalutara,27.34,78.56,10.56,16.67
2023,6,Kandy,22.49,83.43,5.32,8.96
2023,6,Kegalle,26.49,78.39,5.69,16.13
2023,6,Kilinochchi,26.14,79.24,1.5,16.81
2023,6,Kurunegala,26.93,77.63,1.61,16.69
2023,6,Mannar,26.17,78.79,0.3,25.24
2023,6,Matale,24.99,78.9,4.09,11.21
2023,6,Matara,27.01,84.69,41.58,21.87
2023,6,Monaragala,22.53,83.06,5.84,12.76
2023,6,Mullaitivu,26.26,78.39,2.5,15.33
2023,6,Nuwara Eliya,18.37,82.74,1,7.41
2023,6,Polonnaruwa,25.83,83.54,6.33,12.07
2023,6,Puttalam,26.26,81.56,18.1,20.21
2023,6,Ratnapura,26.33,81.83,61.39,14.59
2023,6,Trincomalee,26.19,79.57,2.7,16.36
2023,6,Vavuniya,25.67,82.57,1.13,12.49
2023,7,Ampara,25.47,81.66,120.22,15.87
2023,7,Anuradhapura,25.11,81.31,1.76,14.14
2023,7,Badulla,20.39,83.86,49.91,8.87
2023,7,Batticaloa,26.07,79.59,84.5,18.77
2023,7,Colombo,27.29,74.54,62.74,16.17
2023,7,Galle,26.24,80.69,43.9,31.06
2023,7,Gampaha,27.1,74.59,37.13,16.51
2023,7,Hambantota,26.09,82.73,2.51,28.43
2023,7,Jaffna,27.29,74.54,62.74,16.17
2023,7,Kalmunai,25.76,80.14,109,17.77
2023,7,Kalutara,27.17,75.04,75.1,16.17
2023,7,Kandy,21.79,82.61,11.91,9.04
2023,7,Kegalle,26.46,74,13.39,16.43
2023,7,Kilinochchi,26.2,76.17,1.4,18.17
2023,7,Kurunegala,26.93,73.01,4.44,17.2
2023,7,Mannar,26.26,75.34,0.5,25.5
2023,7,Matale,24.46,77.3,11.03,12.64
2023,7,Matara,26.13,84.5,35.85,28.81
2023,7,Monaragala,22.06,81.14,67.3,13.2
2023,7,Mullaitivu,26.33,74.49,2.4,16.73
2023,7,Nuwara Eliya,18.1,77.79,9.85,9.21
2023,7,Polonnaruwa,25.27,82.06,23.01,12.3
2023,7,Puttalam,26.1,77.96,7.4,20.76
2023,7,Ratnapura,25.56,80.33,46.3,11.66
2023,7,Trincomalee,26.16,76.33,7.6,17.89
2023,7,Vavuniya,25.24,81.41,2.3,13.83
2023,8,Ampara,26.06,79.83,17.25,17.1
2023,8,Anuradhapura,25.64,78.8,2.1,14.6
2023,8,Badulla,20.74,85.9,13.35,10.43
2023,8,Batticaloa,26.67,76.81,22.5,20.11
2023,8,Colombo,27.26,75.3,67.35,14.67
2023,8,Galle,26.37,81.06,43.57,33.94
2023,8,Gampaha,27.1,74.93,59.56,15.13
2023,8,Hambantota,26.76,80.83,2.9,25.6
2023,8,Jaffna,27.26,75.3,67.35,14.67
2023,8,Kalmunai,26.4,77.56,19.74,19.24
2023,8,Kalutara,27.19,75.4,64.72,14.67
2023,8,Kandy,22.2,82.83,5.17,9.27
2023,8,Kegalle,26.56,73.8,58.79,14.69
2023,8,Kilinochchi,26.47,73.67,0.3,19.47
2023,8,Kurunegala,27.2,72.3,56.41,17.2
2023,8,Mannar,26.69,73.23,0,27.24
2023,8,Matale,25,75.83,4.67,12.64
2023,8,Matara,26.57,83.19,35.03,30.77
2023,8,Monaragala,22.36,82.5,10.87,13.99
2023,8,Mullaitivu,26.61,72.1,1.1,17.33
2023,8,Nuwara Eliya,18.09,82.26,9,9.07
2023,8,Polonnaruwa,25.79,79.7,11.82,13.69
2023,8,Puttalam,26.74,75.07,0.1,21.4
2023,8,Ratnapura,25.59,81.31,14.1,11.46
2023,8,Trincomalee,26.53,74.56,18.4,18.91
2023,8,Vavuniya,25.63,79.94,3.47,14.46
2023,9,Ampara,26.1,86.26,63.43,15.07
2023,9,Anuradhapura,26.11,84.27,8.2,16.14
2023,9,Badulla,20.73,89.06,47.11,14.69
2023,9,Batticaloa,26.76,83.76,76,19.44
2023,9,Colombo,27.79,75.29,25.56,21.19
2023,9,Galle,26.91,83.01,68.67,28.66
2023,9,Gampaha,27.73,75.04,19.93,20.37
2023,9,Hambantota,26.43,86.87,56.21,29.56
2023,9,Jaffna,27.79,75.29,25.56,21.19
2023,9,Kalmunai,26.46,84.49,69.58,17.47
2023,9,Kalutara,27.61,76.41,34.01,20.37
2023,9,Kandy,22.14,87.49,14.57,11.37
2023,9,Kegalle,27.03,75.33,19.73,20.37
2023,9,Kilinochchi,27.09,79.86,7.44,21.91
2023,9,Kurunegala,27.59,74.76,13.44,20.57
2023,9,Mannar,27.2,78.9,9.36,28.73
2023,9,Matale,25.13,80.1,13.11,14.97
2023,9,Matara,26.67,87.2,98.23,27.07
2023,9,Monaragala,22.41,86.67,40.05,20.61
2023,9,Mullaitivu,26.99,79.21,14.6,19.39
2023,9,Nuwara Eliya,18.09,87.86,23.14,21.09
2023,9,Polonnaruwa,26,85.66,31.56,13.74
2023,9,Puttalam,27.19,79.73,42.9,22.53
2023,9,Ratnapura,24.07,87.37,57.36,5.87
2023,9,Trincomalee,26.77,81.99,44.2,19.66
2023,9,Vavuniya,26.47,83.9,23.02,16.71
2023,10,Ampara,26.77,85.67,63.48,14.64
2023,10,Anuradhapura,26.87,82.47,3.9,16.73
2023,10,Badulla,21.21,89.51,36.47,10.03
2023,10,Batticaloa,27.24,83.26,80.5,19.8
2023,10,Colombo,27.57,79.9,83.32,16.39
2023,10,Galle,27.03,82.2,69.61,15.54
2023,10,Gampaha,27.63,78.23,46.88,16.39
2023,10,Hambantota,27.56,83.46,2.4,27.61
2023,10,Jaffna,27.57,79.9,83.32,16.39
2023,10,Kalmunai,26.99,83.59,80.99,17.03
2023,10,Kalutara,27.54,79.13,73.32,16.39
2023,10,Kandy,23,84.99,2.18,10.81
2023,10,Kegalle,27.23,76.4,35.97,16.39
2023,10,Kilinochchi,27.44,80.11,3.5,22.37
2023,10,Kurunegala,27.94,74.69,17.96,16.43
2023,10,Mannar,27.6,79.46,0.9,28.86
2023,10,Matale,26.06,76.57,7.16,14.13
2023,10,Matara,27.33,84.69,54.1,23.24
2023,10,Monaragala,22.96,86.8,28.37,14.26
2023,10,Mullaitivu,27.29,80.2,7.4,20
2023,10,Nuwara Eliya,18.56,88.17,104.65,11.07
2023,10,Polonnaruwa,26.61,84.59,23.92,14.97
2023,10,Puttalam,27.91,77.83,1.3,20.94
2023,10,Ratnapura,24.34,88.14,80.3,4.96
2023,10,Trincomalee,27.19,82.51,16.7,19.8
2023,10,Vavuniya,27.1,81.76,4.8,17.03
2023,11,Ampara,27.04,84.29,86.62,10.27
2023,11,Anuradhapura,27.36,81.46,40.19,11
2023,11,Badulla,21.81,88.1,38.78,7.3
2023,11,Batticaloa,27.57,81.7,51.1,14.51
2023,11,Colombo,27.63,81.23,126.14,15.06
2023,11,Galle,27.14,83.73,63.51,19.79
2023,11,Gampaha,27.49,81.47,91.86,15.06
2023,11,Hambantota,27.27,86.37,9.72,17.27
2023,11,Jaffna,27.63,81.23,126.14,15.06
2023,11,Kalmunai,27.33,81.9,76.63,13.21
2023,11,Kalutara,27.56,81.31,116.69,15.06
2023,11,Kandy,23.27,85.46,51.59,6.26
2023,11,Kegalle,27.01,80.8,95.77,15.06
2023,11,Kilinochchi,27.7,81.76,8.68,17.59
2023,11,Kurunegala,27.59,79.64,81.46,15.06
2023,11,Mannar,27.66,80.84,0.9,22.76
2023,11,Matale,26.19,77.61,48.14,7.67
2023,11,Matara,27.26,87.01,65.1,17.83
2023,11,Monaragala,23.21,87.36,56.82,8.44
2023,11,Mullaitivu,27.41,82.51,21,20.61
2023,11,Nuwara Eliya,19.03,87.66,48.96,5.46
2023,11,Polonnaruwa,27.01,84.23,93,9.97
2023,11,Puttalam,27.87,80.06,19.01,15.93
2023,11,Ratnapura,24.79,87.19,76.39,6.57
2023,11,Trincomalee,27.24,82.9,79.9,15.17
2023,11,Vavuniya,27.49,82.34,57.89,10.79
2023,12,Ampara,27.89,81,4.12,10.47
2023,12,Anuradhapura,27.93,80.36,35.81,8.09
2023,12,Badulla,22.5,85.17,26.84,7.91
2023,12,Batticaloa,28.23,80.86,1.2,13.69
2023,12,Colombo,28.1,81.29,78.57,14.54
2023,12,Galle,27.21,83,102.74,20.57
2023,12,Gampaha,28,81.5,61.52,14.54
2023,12,Hambantota,27.87,84.01,2,12.63
2023,12,Jaffna,28.1,81.29,78.57,14.54
2023,12,Kalmunai,28.01,80.89,1.17,12.96
2023,12,Kalutara,28.07,81.34,88.66,14.54
2023,12,Kandy,23.74,84.66,4.03,5.79
2023,12,Kegalle,27.44,81.06,82.37,14.54
2023,12,Kilinochchi,28.36,81.81,13.92,13.44
2023,12,Kurunegala,28,80.34,112.15,14.54
2023,12,Mannar,28.54,79.83,4.8,19.49
2023,12,Matale,26.2,80.01,17.91,7.4
2023,12,Matara,27.57,85.33,79.1,16.16
2023,12,Monaragala,23.83,84.09,13.19,8.06
2023,12,Mullaitivu,27.89,82.83,45.4,13.26
2023,12,Nuwara Eliya,19.37,85.61,5.2,6.61
2023,12,Polonnaruwa,27.79,82.1,13.28,7.3
2023,12,Puttalam,28.47,80.11,4.9,13.79
2023,12,Ratnapura,24.96,86.33,156.48,6.79
2023,12,Trincomalee,27.96,82.13,3,13.64
2023,12,Vavuniya,28.14,82.21,54.44,8.23
2023,13,Ampara,28.13,77.49,8.79,11.41
2023,13,Anuradhapura,28.44,76.23,54.72,7.81
2023,13,Badulla,22.63,82.74,53.4,8.21
2023,13,Batticaloa,28.31,77.93,1.7,15.27
2023,13,Colombo,28.4,80.83,31.8,14.29
2023,13,Galle,27.53,82.99,46.11,17.83
2023,13,Gampaha,28.29,81.27,30.82,14.29
2023,13,Hambantota,28.04,83.03,4.2,13.51
2023,13,Jaffna,28.4,80.83,31.8,14.29
2023,13,Kalmunai,28.14,78.03,2.7,14.2
2023,13,Kalutara,28.33,81.01,47.61,14.29
2023,13,Kandy,23.81,82.89,12.54,7.24
2023,13,Kegalle,27.66,80.57,30.21,14.29
2023,13,Kilinochchi,28.73,76.76,0.25,16.14
2023,13,Kurunegala,28.29,79.57,25.44,14.29
2023,13,Mannar,28.79,78.19,2.5,19.29
2023,13,Matale,26.51,77.99,16.08,6.9
2023,13,Matara,27.91,84.77,46.86,16.44
2023,13,Monaragala,24.14,81.51,27.71,10.26
2023,13,Mullaitivu,28.37,77.51,0.6,15.27
2023,13,Nuwara Eliya,19.56,81.69,22.04,8.76
2023,13,Polonnaruwa,27.81,80.03,27.09,9.97
2023,13,Puttalam,28.63,81.66,42.7,13.41
2023,13,Ratnapura,24.99,86.84,64.39,5.23
2023,13,Trincomalee,28.2,78.71,1.4,16.53
2023,13,Vavuniya,28.71,76.17,6.25,8.56
2023,14,Ampara,28.2,76.7,3.45,12.54
2023,14,Anuradhapura,28.11,77.54,88.95,10.69
2023,14,Badulla,22.09,85.19,9.98,8.57
2023,14,Batticaloa,28.61,76.54,2.8,15.24
2023,14,Colombo,27.9,81.74,106.35,18.01
2023,14,Galle,27.34,81.99,29.17,15.53
2023,14,Gampaha,27.83,82.13,97.32,18.01
2023,14,Hambantota,27.44,85.3,5.9,17.56
2023,14,Jaffna,27.9,81.74,106.35,18.01
2023,14,Kalmunai,28.36,76.9,1.98,14.77
2023,14,Kalutara,27.77,82.07,127.24,18.01
2023,14,Kandy,23.51,83.83,67.74,8.89
2023,14,Kegalle,27.34,81.07,151.94,18.01
2023,14,Kilinochchi,28.93,76.37,6.95,18.21
2023,14,Kurunegala,28.01,80.04,217.55,18.01
2023,14,Mannar,28.99,75.84,1.77,22.37
2023,14,Matale,26.09,79.73,83.96,8.27
2023,14,Matara,27.29,86.89,28.13,15.6
2023,14,Monaragala,23.64,82.87,9.17,9.59
2023,14,Mullaitivu,28.57,77.36,26.2,16.19
2023,14,Nuwara Eliya,18.96,85.54,24.1,7.21
2023,14,Polonnaruwa,27.87,79.49,29.74,10.7
2023,14,Puttalam,28.53,78.43,12.11,13.67
2023,14,Ratnapura,24.4,88.1,107.39,6.13
2023,14,Trincomalee,28.5,77.41,5.7,16.24
2023,14,Vavuniya,28.44,76.64,26.07,11.63
2023,15,Ampara,29.04,76.8,0.8,12.07
2023,15,Anuradhapura,29.11,76.37,41.12,10.8
2023,15,Badulla,22.97,80.19,19.79,10.59
2023,15,Batticaloa,29.1,78.61,1.3,16.03
2023,15,Colombo,28.93,79.41,59,14.29
2023,15,Galle,28.26,81.71,11.32,20.56
2023,15,Gampaha,28.9,79.3,27.36,14.29
2023,15,Hambantota,28.37,83.89,41.91,17.3
2023,15,Jaffna,28.93,79.41,59,14.29
2023,15,Kalmunai,28.91,78.79,0.8,15.43
2023,15,Kalutara,28.89,79.27,43.99,14.29
2023,15,Kandy,24.43,79.71,6.61,9.09
2023,15,Kegalle,28.31,78.71,14.58,14.29
2023,15,Kilinochchi,29.5,77.29,17.46,14.3
2023,15,Kurunegala,28.86,77.99,11.69,14.29
2023,15,Mannar,29.41,78.07,1.62,22.63
2023,15,Matale,27.13,76.33,5.8,10.24
2023,15,Matara,28.3,85.01,8.7,17.51
2023,15,Monaragala,24.67,79.46,27.69,12.26
2023,15,Mullaitivu,29.14,78.66,37.2,14.34
2023,15,Nuwara Eliya,19.87,79.5,1.5,15.01
2023,15,Polonnaruwa,28.81,78.21,11.94,10.29
2023,15,Puttalam,29.31,80.04,3.3,15.64
2023,15,Ratnapura,25.19,86.2,41.3,5.04
2023,15,Trincomalee,29.1,78.2,0.3,15.24
2023,15,Vavuniya,29.47,75.17,55.05,10.44
2023,16,Ampara,29.17,77.5,9.62,11.69
2023,16,Anuradhapura,29.09,77.86,2.32,12.14
2023,16,Badulla,23.26,84.26,50.03,6.43
2023,16,Batticaloa,29.34,78.76,4.5,17.09
2023,16,Colombo,29.37,79.37,41.39,17.16
2023,16,Galle,28.41,80.23,27.19,30.7
2023,16,Gampaha,29.23,79.81,41.66,17.16
2023,16,Hambantota,28.51,85.31,2.01,18
2023,16,Jaffna,29.37,79.37,41.39,17.16
2023,16,Kalmunai,29.17,78.81,9,15.29
2023,16,Kalutara,29.31,79.64,51.78,17.16
2023,16,Kandy,24.63,83.59,45.27,5.61
2023,16,Kegalle,28.5,80.24,65.49,17.16
2023,16,Kilinochchi,29.87,76.44,3.53,16.06
2023,16,Kurunegala,29.04,79.64,73.34,17.16
2023,16,Mannar,29.6,79.06,5.37,26.31
2023,16,Matale,26.97,80.83,44.65,9.41
2023,16,Matara,28.53,85.64,23.41,17.46
2023,16,Monaragala,24.81,82.61,38.85,8.61
2023,16,Mullaitivu,29.31,78.74,10,13.93
2023,16,Nuwara Eliya,20.09,85.69,44.98,5.39
2023,16,Polonnaruwa,29.04,78.84,11.74,9.57
2023,16,Puttalam,29.4,79.56,10.9,17.66
2023,16,Ratnapura,25.63,88.2,21.1,7.07
2023,16,Trincomalee,29.24,78.76,18.2,14.79
2023,16,Vavuniya,29.43,76.54,13.14,11.57
2023,17,Ampara,27.6,85.17,84.51,11.74
2023,17,Anuradhapura,27.64,84.77,107.28,11.69
2023,17,Badulla,22.3,90.19,44.69,8.07
2023,17,Batticaloa,28.07,84.26,110.2,17.34
2023,17,Colombo,27.4,86.04,294.39,18.9
2023,17,Galle,27.04,83.8,71.56,26.07
2023,17,Gampaha,27.27,86.43,229.9,18.54
2023,17,Hambantota,27.04,90.64,56.42,16.89
2023,17,Jaffna,27.4,86.04,294.39,18.9
2023,17,Kalmunai,27.8,84.8,98.52,15.33
2023,17,Kalutara,27.33,86.07,258.66,19
2023,17,Kandy,23.64,88.53,33.16,7.2
2023,17,Kegalle,26.76,86.67,253.53,18.54
2023,17,Kilinochchi,28.5,82.93,65.25,15
2023,17,Kurunegala,27.16,86.4,293.84,18.54
2023,17,Mannar,28.36,81.89,96.55,21.84
2023,17,Matale,25.54,87.49,50.97,6.49
2023,17,Matara,26.89,90.61,98.7,19.44
2023,17,Monaragala,23.67,89.44,57.56,8.6
2023,17,Mullaitivu,28.27,82.96,38.7,14.16
2023,17,Nuwara Eliya,19.47,91.09,42.01,6
2023,17,Polonnaruwa,27.71,84.96,79.52,11.47
2023,17,Puttalam,27.84,84.73,78.4,13.69
2023,17,Ratnapura,24.71,90.09,132.59,6.13
2023,17,Trincomalee,28.06,84.66,88.8,15.11
2023,17,Vavuniya,28.07,83.76,60.03,10.91
2023,18,Ampara,27.61,84.31,53.07,8.86
2023,18,Anuradhapura,26.73,87.99,85.04,12.91
2023,18,Badulla,22.64,87.99,120.98,7.16
2023,18,Batticaloa,28,83.37,47.7,14.51
2023,18,Colombo,27.71,86.59,469.01,18.13
2023,18,Galle,27.99,82.4,116.03,30.73
2023,18,Gampaha,27.53,87.4,378.5,15.24
2023,18,Hambantota,27.69,87.76,82.71,27.1
2023,18,Jaffna,27.71,86.59,469.01,18.13
2023,18,Kalmunai,27.79,83.51,46.1,12.24
2023,18,Kalutara,27.66,86.57,403.65,15.93
2023,18,Kandy,23.5,88.13,86.07,9.01
2023,18,Kegalle,26.79,87.7,382.07,15.1
2023,18,Kilinochchi,27.66,85.37,202.12,15.99
2023,18,Kurunegala,27.16,87.69,414.78,15.1
2023,18,Mannar,28.4,81.4,131.45,23.86
2023,18,Matale,25.24,86.64,94.94,11.63
2023,18,Matara,27.81,87.96,175.03,26.64
2023,18,Monaragala,23.94,87.89,78.88,9.86
2023,18,Mullaitivu,27.1,86.29,154.3,16.1
2023,18,Nuwara Eliya,19.46,90.11,39.9,11.37
2023,18,Polonnaruwa,27.19,85.34,67.51,12.44
2023,18,Puttalam,28.1,84.87,195.89,17.33
2023,18,Ratnapura,24.96,89,46.73,9.1
2023,18,Trincomalee,27.39,85.39,61.4,16.36
2023,18,Vavuniya,26.87,88.39,176.81,11.93
2023,19,Ampara,29.19,80.1,10.72,13.26
2023,19,Anuradhapura,28.43,83.7,4.53,23.87
2023,19,Badulla,24.36,81.54,30.85,10.13
2023,19,Batticaloa,29.29,80.13,15.1,13.97
2023,19,Colombo,28.8,84.36,123.19,22.87
2023,19,Galle,27.44,80.73,18.55,46.06
2023,19,Gampaha,28.66,84.83,97.99,22.73
2023,19,Hambantota,28.29,88.29,22.5,31.84
2023,19,Jaffna,28.8,84.36,123.19,22.87
2023,19,Kalmunai,29.14,81.29,11.57,13.8
2023,19,Kalutara,28.69,84.46,124.36,22.73
2023,19,Kandy,24.63,85.77,6.28,15.01
2023,19,Kegalle,27.97,84.84,89.91,22.73
2023,19,Kilinochchi,29.74,81.74,3.35,28.03
2023,19,Kurunegala,28.43,84.34,78.09,22.73
2023,19,Mannar,29.74,82.03,3.24,40.31
2023,19,Matale,26.36,84.76,13.79,20.79
2023,19,Matara,28.41,88.09,17.24,28.53
2023,19,Monaragala,25.4,82.27,22.88,16.09
2023,19,Mullaitivu,29.49,80.43,11.2,26.57
2023,19,Nuwara Eliya,20.54,88.17,9.8,14.4
2023,19,Polonnaruwa,28.94,78.33,9.38,23.71
2023,19,Puttalam,29.34,83.37,10.6,28.46
2023,19,Ratnapura,25.24,91.53,168.47,12.24
2023,19,Trincomalee,29.33,78.24,2.6,28.17
2023,19,Vavuniya,29.04,82.79,12.9,23.49
2023,20,Ampara,29.79,77.69,5.01,14.29
2023,20,Anuradhapura,29.1,80.66,7.45,18.09
2023,20,Badulla,24.26,82.3,7.72,6.51
2023,20,Batticaloa,29.69,80.49,3.1,13.94
2023,20,Colombo,29.06,83.39,57.18,22.26
2023,20,Galle,26.4,80.77,83.42,40.71
2023,20,Gampaha,29,83.53,32.12,22.26
2023,20,Hambantota,28.31,88.7,28.8,22.3
2023,20,Jaffna,29.06,83.39,57.18,22.26
2023,20,Kalmunai,29.6,79.73,4,14
2023,20,Kalutara,29.01,83.39,62.74,22.26
2023,20,Kandy,25.29,83.86,26.12,5.96
2023,20,Kegalle,28.51,82.6,22.46,22.26
2023,20,Kilinochchi,29.93,79.69,1.05,21.96
2023,20,Kurunegala,29.07,81.59,5.18,22.26
2023,20,Mannar,29.53,82.37,1.12,36
2023,20,Matale,27.09,82.5,22.96,14.8
2023,20,Matara,28.43,89.27,98.77,23.03
2023,20,Monaragala,25.54,81.56,6.46,13.26
2023,20,Mullaitivu,29.8,78.59,5,19.14
2023,20,Nuwara Eliya,20.84,85.34,15.13,7.5
2023,20,Polonnaruwa,29.69,77.16,6.48,13.77
2023,20,Puttalam,29.34,82.9,6.5,23.4
2023,20,Ratnapura,25.91,88.46,105.68,9.11
2023,20,Trincomalee,29.6,78.7,5,16.47
2023,20,Vavuniya,29.61,79.99,6.73,18.21
2023,21,Ampara,30.56,72.31,5.77,12.39
2023,21,Anuradhapura,29.21,78.91,25.89,18.3
2023,21,Badulla,24.21,80.24,34.18,7.81
2023,21,Batticaloa,29.94,78.06,0.5,16.91
2023,21,Colombo,29.63,80.84,9.35,19.56
2023,21,Galle,28.77,77.93,6.4,28.07
2023,21,Gampaha,29.49,81.36,3.68,19.56
2023,21,Hambantota,29,83.76,0.6,25.91
2023,21,Jaffna,29.63,80.84,9.35,19.56
2023,21,Kalmunai,29.89,78.27,1.7,16.1
2023,21,Kalutara,29.59,80.8,3.78,19.56
2023,21,Kandy,25.17,81.29,13.98,9.3
2023,21,Kegalle,28.8,80.69,7.35,19.56
2023,21,Kilinochchi,30.1,77.86,0.71,22.73
2023,21,Kurunegala,29.34,79.49,0.96,19.56
2023,21,Mannar,29.71,81.46,0.03,34.36
2023,21,Matale,27.07,79.84,13.56,15.43
2023,21,Matara,29.39,84.17,1.92,23.61
2023,21,Monaragala,25.9,77.27,17.65,9.89
2023,21,Mullaitivu,30.03,75.5,3,20.39
2023,21,Nuwara Eliya,20.54,84.97,30.09,9.03
2023,21,Polonnaruwa,30.14,71.1,9.52,15.96
2023,21,Puttalam,29.71,80.74,2.6,22.59
2023,21,Ratnapura,26.24,85.56,4.2,11.41
2023,21,Trincomalee,30.2,72.49,0.9,19.56
2023,21,Vavuniya,29.64,77.97,4.9,18.16
2023,22,Ampara,30.9,70.51,8.94,12.71
2023,22,Anuradhapura,29.17,79.69,2.11,21.19
2023,22,Badulla,24.77,79.76,69.06,7.56
2023,22,Batticaloa,30.21,75.6,1.3,16.01
2023,22,Colombo,29.64,81.54,31.99,20.11
2023,22,Galle,28.13,84.99,109.94,29.01
2023,22,Gampaha,29.59,81.47,33.82,20.11
2023,22,Hambantota,28.51,86.51,2.03,30.36
2023,22,Jaffna,29.64,81.54,31.99,20.11
2023,22,Kalmunai,30.14,76.17,2.87,13.91
2023,22,Kalutara,29.54,81.61,80.43,20.11
2023,22,Kandy,25.67,79.59,2.58,12.86
2023,22,Kegalle,28.97,81.06,34.37,20.11
2023,22,Kilinochchi,30.34,76.64,0.1,26.13
2023,22,Kurunegala,29.53,79.93,9.2,20.11
2023,22,Mannar,29.54,82.83,0,38.93
2023,22,Matale,27.11,81.11,3.41,17.86
2023,22,Matara,28.71,87.49,108.01,27.37
2023,22,Monaragala,26.46,77.01,44.39,12.47
2023,22,Mullaitivu,30.37,73.99,0.3,22.53
2023,22,Nuwara Eliya,20.93,86.7,6.89,10.94
2023,22,Polonnaruwa,30.5,69.83,1.55,20.99
2023,22,Puttalam,29.43,83.04,9.3,26.07
2023,22,Ratnapura,25.79,89.46,355.63,11.6
2023,22,Trincomalee,30.37,71.77,1.5,23
2023,22,Vavuniya,30.03,76.41,1.34,21.29
2023,23,Ampara,31.11,67.07,3.37,10.49
2023,23,Anuradhapura,29.01,78.83,0.51,25.51
2023,23,Badulla,25.04,75.44,18.87,10.8
2023,23,Batticaloa,30.51,70.9,3.4,15.99
2023,23,Colombo,28.83,84.19,106.37,22.36
2023,23,Galle,27.91,86.31,21.54,26.47
2023,23,Gampaha,28.74,84.37,88.36,21.96
2023,23,Hambantota,29.33,80.99,3.31,32.93
2023,23,Jaffna,28.83,84.19,106.37,22.36
2023,23,Kalmunai,30.41,72.67,3.6,11.93
2023,23,Kalutara,28.71,84.51,125.96,22.06
2023,23,Kandy,25.03,80.1,8.57,18.36
2023,23,Kegalle,28.11,83.73,79.39,21.96
2023,23,Kilinochchi,30.3,76.51,2.56,26.69
2023,23,Kurunegala,28.69,82.6,70.86,21.96
2023,23,Mannar,29.5,82.8,0.13,39.2
2023,23,Matale,26.47,82.69,9.6,21.46
2023,23,Matara,29.36,83.43,17.99,32.36
2023,23,Monaragala,26.81,73.83,27.67,14.27
2023,23,Mullaitivu,30.39,73.29,0,25.23
2023,23,Nuwara Eliya,20.47,87.6,22.04,15.16
2023,23,Polonnaruwa,30.24,69.09,2.15,26.21
2023,23,Puttalam,29.36,81.06,6.6,31
2023,23,Ratnapura,25.31,90.01,157.87,13.77
2023,23,Trincomalee,30.44,69.61,0.6,29.06
2023,23,Vavuniya,29.97,74.63,1.9,23.8
2023,24,Ampara,30.76,68.44,8.01,9.23
2023,24,Anuradhapura,29.07,77.04,4.05,24.37
2023,24,Badulla,25.06,72.33,1.03,10.94
2023,24,Batticaloa,30.24,72.56,4,14.71
2023,24,Colombo,29.16,81.27,14.1,20.63
2023,24,Galle,28.24,83.19,40.3,52.11
2023,24,Gampaha,29.04,81.49,17.25,20.63
2023,24,Hambantota,29.29,78.44,1,32.46
2023,24,Jaffna,29.16,81.27,14.1,20.63
2023,24,Kalmunai,30.01,74.96,6.83,11.83
2023,24,Kalutara,29.03,81.61,27.59,20.63
2023,24,Kandy,24.87,78.9,46.4,18.83
2023,24,Kegalle,28.29,81.6,32.26,20.63
2023,24,Kilinochchi,30.1,76.94,11.7,23.76
2023,24,Kurunegala,28.83,80.74,27.75,20.63
2023,24,Mannar,29.47,81.9,15.2,35.13
2023,24,Matale,26.5,81.03,39.04,21.44
2023,24,Matara,29.3,81.17,34.42,29.17
2023,24,Monaragala,26.79,72.23,6.38,13.34
2023,24,Mullaitivu,29.99,74.94,19.7,23.09
2023,24,Nuwara Eliya,20.36,85.56,8.27,15.6
2023,24,Polonnaruwa,30.29,67.43,19.79,25.77
2023,24,Puttalam,29.36,80.84,4.3,29.16
2023,24,Ratnapura,25.3,88.5,42.49,13.99
2023,24,Trincomalee,29.97,71.51,47.9,27.57
2023,24,Vavuniya,29.91,74.97,20.34,21.67
2023,25,Ampara,30.14,71.51,9.44,16.41
2023,25,Anuradhapura,28.97,76.39,1.71,23.53
2023,25,Badulla,25.01,74.03,21.68,9.69
2023,25,Batticaloa,29.66,76.37,9,19.07
2023,25,Colombo,28.71,83.59,46.67,24.93
2023,25,Galle,27.86,83.26,89.67,39.5
2023,25,Gampaha,28.54,83.96,37.58,24.93
2023,25,Hambantota,28.83,82.76,6.8,29.26
2023,25,Jaffna,28.71,83.59,46.67,24.93
2023,25,Kalmunai,29.66,75.61,8.1,18.41
2023,25,Kalutara,28.63,83.66,58.3,24.93
2023,25,Kandy,25.07,78.27,8.42,16.2
2023,25,Kegalle,27.87,83.76,36.47,24.93
2023,25,Kilinochchi,29.74,76.39,2.11,25.71
2023,25,Kurunegala,28.37,82.96,35.17,24.93
2023,25,Mannar,28.86,83.06,2.52,40.01
2023,25,Matale,26.4,80.87,10.11,20.39
2023,25,Matara,28.83,84.17,78.5,26.99
2023,25,Monaragala,26.27,74.59,13.38,16.53
2023,25,Mullaitivu,29.86,72.61,2.6,23.96
2023,25,Nuwara Eliya,20.36,86.09,12.16,14.49
2023,25,Polonnaruwa,30.23,67.11,3.92,24.24
2023,25,Puttalam,28.91,81.61,9.2,28.34
2023,25,Ratnapura,25.29,89.66,58.59,11.76
2023,25,Trincomalee,30.11,68.63,0.9,24.67
2023,25,Vavuniya,29.83,73.14,3.9,22.59
2023,26,Ampara,29.57,74.83,10.27,12.16
2023,26,Anuradhapura,28.57,77.96,4.6,24.49
2023,26,Badulla,24.89,73.74,7.52,9.71
2023,26,Batticaloa,29.61,74.21,8.5,15.24
2023,26,Colombo,28.29,83.94,81.37,20.73
2023,26,Galle,27.09,83.99,90.89,30.34
2023,26,Gampaha,28.19,84.46,82.59,20.67
2023,26,Hambantota,28.6,81.79,4.11,31.73
2023,26,Jaffna,28.29,83.94,81.37,20.73
2023,26,Kalmunai,29.39,76.4,12.94,13.6
2023,26,Kalutara,28.24,84.1,105.66,20.67
2023,26,Kandy,24.29,82.41,20.36,17.7
2023,26,Kegalle,27.39,85.16,111.44,20.67
2023,26,Kilinochchi,29.76,75.56,10.19,25.9
2023,26,Kurunegala,27.84,84.67,119.72,20.67
2023,26,Mannar,28.71,82.84,6.31,38.56
2023,26,Matale,25.67,84.89,27.01,20.26
2023,26,Matara,28.54,84.17,73.57,29.73
2023,26,Monaragala,25.96,76.54,24.33,13.73
2023,26,Mullaitivu,29.8,71.89,9.5,24.79
2023,26,Nuwara Eliya,19.89,89.23,57,15.31
2023,26,Polonnaruwa,29.63,69.83,4.46,25.54
2023,26,Puttalam,28.69,81.19,11,29.67
2023,26,Ratnapura,24.71,91.11,180.97,13.01
2023,26,Trincomalee,29.73,70.29,1.3,27.4
2023,26,Vavuniya,29.71,73.29,5.6,22.91
2023,27,Ampara,29.4,70.96,3.4,11.71
2023,27,Anuradhapura,28.4,76.27,6.93,24.33
2023,27,Badulla,23.77,76.24,12.7,16.26
2023,27,Batticaloa,29.6,68.76,0.3,21.61
2023,27,Colombo,27.76,83.64,67.56,20.09
2023,27,Galle,26.67,85.01,51.73,34.7
2023,27,Gampaha,27.67,83.51,54.93,18.7
2023,27,Hambantota,28.34,79.31,4,29.26
2023,27,Jaffna,27.76,83.64,67.56,20.09
2023,27,Kalmunai,29.29,71.07,1.65,16.31
2023,27,Kalutara,27.71,83.4,67.77,19.21
2023,27,Kandy,23.63,82.56,42.02,18.36
2023,27,Kegalle,27.01,83.2,60.58,17.97
2023,27,Kilinochchi,29.4,75.43,4.5,27.81
2023,27,Kurunegala,27.53,82.46,49.06,18.21
2023,27,Mannar,28.4,82.34,5.8,38.77
2023,27,Matale,25.44,82.54,38.09,19.19
2023,27,Matara,28.16,82.53,48.73,27.83
2023,27,Monaragala,25.01,78.11,36.04,21.61
2023,27,Mullaitivu,29.51,71.4,4.3,25.7
2023,27,Nuwara Eliya,19.29,87.19,71.55,24.43
2023,27,Polonnaruwa,29.01,69.54,7.51,25.44
2023,27,Puttalam,28.21,81.16,13.9,27.83
2023,27,Ratnapura,24.87,85.49,84.89,14.19
2023,27,Trincomalee,29.37,69.8,1,28.91
2023,27,Vavuniya,29.57,71.01,4.98,24.27
2023,28,Ampara,30.36,69.91,3.9,13.14
2023,28,Anuradhapura,29.03,74.34,3.4,22.73
2023,28,Badulla,25.16,70.56,13.85,9.11
2023,28,Batticaloa,29.7,75.5,2.8,16.31
2023,28,Colombo,28.76,81.57,12.08,22
2023,28,Galle,26.89,84.49,16.82,35.09
2023,28,Gampaha,28.7,81.59,7.53,22
2023,28,Hambantota,29.19,79.94,6.72,29.87
2023,28,Jaffna,28.76,81.57,12.08,22
2023,28,Kalmunai,29.7,75.31,2.12,14.69
2023,28,Kalutara,28.74,81.53,15.66,22
2023,28,Kandy,24.59,80.57,2.39,15.49
2023,28,Kegalle,28.03,81.06,5.02,22
2023,28,Kilinochchi,29.43,77.2,9.16,24.03
2023,28,Kurunegala,28.54,80.19,3,22
2023,28,Mannar,28.24,84.99,0.31,35.91
2023,28,Matale,26.33,79.81,3.69,19.79
2023,28,Matara,29.1,82.66,18.08,29.04
2023,28,Monaragala,26.36,72.9,19.5,17.19
2023,28,Mullaitivu,29.69,73.21,5.6,22.23
2023,28,Nuwara Eliya,20.16,85.79,5.18,13.84
2023,28,Polonnaruwa,30.11,66.43,1.87,23.14
2023,28,Puttalam,28.49,82.01,3.1,26.43
2023,28,Ratnapura,25.4,87.19,32.58,12.46
2023,28,Trincomalee,30.24,67.13,1.2,24.39
2023,28,Vavuniya,30.03,72.16,3.8,20.27
2023,29,Ampara,31.36,55.57,0.3,13.3
2023,29,Anuradhapura,29.21,72.06,3.9,27.41
2023,29,Badulla,25.59,61.13,13.46,21.5
2023,29,Batticaloa,30.6,62,0.2,23.83
2023,29,Colombo,29.07,79.79,14.86,22.61
2023,29,Galle,27.94,83.41,58.19,28.41
2023,29,Gampaha,29.04,79.67,13.32,22.56
2023,29,Hambantota,29.56,72.96,1.4,33.5
2023,29,Jaffna,29.07,79.79,14.86,22.61
2023,29,Kalmunai,30.49,61.89,0.2,17.69
2023,29,Kalutara,29.04,79.74,25.55,22.56
2023,29,Kandy,24.71,76.06,9.13,22.83
2023,29,Kegalle,28.33,78.81,16.4,22.56
2023,29,Kilinochchi,29.76,73.71,3.8,28.69
2023,29,Kurunegala,28.83,78.23,12.71,22.56
2023,29,Mannar,28.36,84.06,0.34,41.1
2023,29,Matale,26.3,79.39,10.11,23.19
2023,29,Matara,29.39,76.94,51,33.5
2023,29,Monaragala,26.66,66.21,18.74,27.81
2023,29,Mullaitivu,30,68.76,1.5,25.66
2023,29,Nuwara Eliya,19.67,83.14,31.68,29.6
2023,29,Polonnaruwa,30.07,64.74,1.6,29.04
2023,29,Puttalam,28.53,81.87,1.8,31.47
2023,29,Ratnapura,25.57,84.1,47.59,15.83
2023,29,Trincomalee,30.21,65.63,0.3,29.61
2023,29,Vavuniya,30.17,69.7,1.18,26.66
2023,30,Ampara,30.89,63.53,5.9,11.74
2023,30,Anuradhapura,29.09,73.3,5.5,22.31
2023,30,Badulla,25.74,64.5,3.02,13.8
2023,30,Batticaloa,29.9,71.14,1.2,15.93
2023,30,Colombo,28.1,82.01,46.43,21.23
2023,30,Galle,27.74,84.5,14.11,33.06
2023,30,Gampaha,28.04,81.89,43.17,21.23
2023,30,Hambantota,29.43,75.29,1.9,29.87
2023,30,Jaffna,28.1,82.01,46.43,21.23
2023,30,Kalmunai,29.97,70.6,0.7,15.8
2023,30,Kalutara,28.09,81.93,47.54,21.23
2023,30,Kandy,24.76,76.76,4.19,16.53
2023,30,Kegalle,27.51,81.11,34.77,21.23
2023,30,Kilinochchi,29.87,72.36,0.3,25.3
2023,30,Kurunegala,28.01,80.43,46.54,21.23
2023,30,Mannar,28.19,83.5,0,35.74
2023,30,Matale,26.34,77.94,7.1,20.07
2023,30,Matara,29.16,78.84,9.7,30.4
2023,30,Monaragala,26.76,68.91,19.3,17.99
2023,30,Mullaitivu,29.99,68.77,0.1,23.66
2023,30,Nuwara Eliya,20.01,84.73,28.08,20.37
2023,30,Polonnaruwa,30.16,64.56,2.1,23.77
2023,30,Puttalam,28.31,81.44,3.7,25.76
2023,30,Ratnapura,25.23,85.29,19.3,13.31
2023,30,Trincomalee,30,68.03,1,26.03
2023,30,Vavuniya,30.2,69.64,3.2,20.63
2023,31,Ampara,31.21,62.06,1.21,12.73
2023,31,Anuradhapura,29.56,69.8,2.4,20.51
2023,31,Badulla,26.1,61.81,7.05,10.79
2023,31,Batticaloa,29.94,72.06,0.1,20.59
2023,31,Colombo,28.77,79.73,0.56,24.1
2023,31,Galle,28.36,82.73,14.29,34.71
2023,31,Gampaha,28.73,79.57,0.25,24.1
2023,31,Hambantota,29.67,73.8,0.21,31.9
2023,31,Jaffna,28.77,79.73,0.56,24.1
2023,31,Kalmunai,30.13,70.39,0.3,17.14
2023,31,Kalutara,28.79,79.46,0.7,24.1
2023,31,Kandy,25.14,74.4,1.48,15.23
2023,31,Kegalle,28.2,78.43,0.71,24.1
2023,31,Kilinochchi,30.07,71.51,0,22.61
2023,31,Kurunegala,28.71,77.69,0,24.1
2023,31,Mannar,28.26,83.9,0,33.89
2023,31,Matale,26.83,75.5,2.57,19.97
2023,31,Matara,29.61,76.53,6.62,30.5
2023,31,Monaragala,27.24,65.33,10.52,15.07
2023,31,Mullaitivu,30.06,69.37,0.2,22.37
2023,31,Nuwara Eliya,20.39,81.4,13.74,15.57
2023,31,Polonnaruwa,30.53,63.09,2.1,21.87
2023,31,Puttalam,28.57,79.99,0,24.63
2023,31,Ratnapura,25.64,83.13,11.8,14.33
2023,31,Trincomalee,30.23,67.93,3.3,24.24
2023,31,Vavuniya,30.56,67.89,1,18.76
2023,32,Ampara,30.14,70.11,16,14.31
2023,32,Anuradhapura,29.29,70.67,1.47,19.67
2023,32,Badulla,24.79,72.09,36,8.59
2023,32,Batticaloa,29.46,76.14,2.8,20.63
2023,32,Colombo,28.94,77.66,0.64,22.3
2023,32,Galle,27.69,84.29,66.85,24.49
2023,32,Gampaha,28.9,77.71,0.55,22.3
2023,32,Hambantota,29.37,76.3,0.53,29.56
2023,32,Jaffna,28.94,77.66,0.64,22.3
2023,32,Kalmunai,29.37,76.83,9.7,17.94
2023,32,Kalutara,28.93,77.73,5.48,22.3
2023,32,Kandy,25.07,74.94,4.52,12.7
2023,32,Kegalle,28.34,76.56,1.77,22.3
2023,32,Kilinochchi,29.39,76.01,14.02,19.03
2023,32,Kurunegala,28.93,75.33,0.01,22.3
2023,32,Mannar,28.14,85.37,0.15,30.66
2023,32,Matale,26.89,74.24,2.74,18.89
2023,32,Matara,29.24,78.26,49.46,28.47
2023,32,Monaragala,26.33,71.31,39.96,14.91
2023,32,Mullaitivu,28.87,76.16,11,18.69
2023,32,Nuwara Eliya,20.1,84.69,23.32,11.91
2023,32,Polonnaruwa,30.39,63.43,2.27,19.86
2023,32,Puttalam,28.59,79.99,2.1,23.36
2023,32,Ratnapura,25.64,83.23,8.1,12.84
2023,32,Trincomalee,29.46,72.14,13.5,21.24
2023,32,Vavuniya,29.69,72.93,9.12,16.34
2023,33,Ampara,30.36,62.96,0.7,16.21
2023,33,Anuradhapura,29.4,68.87,1,22.41
2023,33,Badulla,25.27,63.74,0.73,12.33
2023,33,Batticaloa,29.39,72.41,0.2,19.96
2023,33,Colombo,29.06,76.39,1.09,20.46
2023,33,Galle,27.94,81.61,34.58,29.6
2023,33,Gampaha,28.93,76.54,1.56,20.46
2023,33,Hambantota,29.2,75.17,11.2,28.74
2023,33,Jaffna,29.06,76.39,1.09,20.46
2023,33,Kalmunai,29.41,71.37,0.8,18.99
2023,33,Kalutara,29,76.54,6.24,20.46
2023,33,Kandy,24.99,72.39,0.92,15.39
2023,33,Kegalle,28.3,75.51,0.81,20.46
2023,33,Kilinochchi,29.5,71.8,0,26.47
2023,33,Kurunegala,28.87,74.49,0.2,20.7
2023,33,Mannar,27.96,82.99,0,38.41
2023,33,Matale,26.87,72.03,0.34,19.87
2023,33,Matara,29.16,77.2,39.62,28.17
2023,33,Monaragala,26.47,65.63,0.92,19.23
2023,33,Mullaitivu,29.57,69.09,0,23.54
2023,33,Nuwara Eliya,19.99,80.16,4.01,16.26
2023,33,Polonnaruwa,30.29,61.66,0.23,24.44
2023,33,Puttalam,28.73,77.34,0.6,25.51
2023,33,Ratnapura,25.57,81.53,13.4,12.5
2023,33,Trincomalee,30.06,65.6,0.1,24.37
2023,33,Vavuniya,30.04,68,0.5,21.96
2023,34,Ampara,30.23,68.27,8.5,18.74
2023,34,Anuradhapura,29.99,69.13,1.36,19.79
2023,34,Badulla,25.61,67.47,24.52,7.53
2023,34,Batticaloa,29.34,77.2,1.6,23.34
2023,34,Colombo,29.07,78.56,22.99,21.23
2023,34,Galle,28.26,81.86,3.44,25.61
2023,34,Gampaha,28.96,78.54,20.94,21.23
2023,34,Hambantota,29.3,80.03,0.32,26.47
2023,34,Jaffna,29.07,78.56,22.99,21.23
2023,34,Kalmunai,29.46,74.59,4.98,20.79
2023,34,Kalutara,29.07,78.56,33.76,21.23
2023,34,Kandy,25.79,71.91,1.89,10.86
2023,34,Kegalle,28.47,77.19,16.24,21.23
2023,34,Kilinochchi,29.83,72.5,7.22,21.66
2023,34,Kurunegala,29.04,76,11.61,21.23
2023,34,Mannar,28.29,83.31,0.21,35.26
2023,34,Matale,27.47,71.49,2.18,18.57
2023,34,Matara,29.23,81.44,3.88,24.87
2023,34,Monaragala,26.76,68.99,30.04,16.41
2023,34,Mullaitivu,29.89,71.79,20.4,21.89
2023,34,Nuwara Eliya,20.54,81.99,21.26,9.86
2023,34,Polonnaruwa,30.94,61.61,3.64,19.34
2023,34,Puttalam,29.17,78.11,3.1,23.81
2023,34,Ratnapura,25.86,83.1,41.29,11.93
2023,34,Trincomalee,30.09,70.23,7.3,19.84
2023,34,Vavuniya,30.54,67.63,20.62,19.37
2023,35,Ampara,28.8,74.73,22.63,17.19
2023,35,Anuradhapura,28.07,79.07,13.79,22.77
2023,35,Badulla,23.56,82.04,115.13,10.07
2023,35,Batticaloa,28.83,78.56,30.7,16.71
2023,35,Colombo,27.04,87.59,319.97,24.51
2023,35,Galle,26.8,87.61,189.15,34.87
2023,35,Gampaha,26.9,87.57,202.01,24.41
2023,35,Hambantota,26.94,88.63,94.1,38.1
2023,35,Jaffna,27.04,87.59,319.97,24.51
2023,35,Kalmunai,28.69,77.36,23.75,15.11
2023,35,Kalutara,26.96,87.66,280.66,24.41
2023,35,Kandy,23.93,83.59,76.69,12.07
2023,35,Kegalle,26.31,87.43,197.03,24.41
2023,35,Kilinochchi,29.14,77.17,8.61,25.03
2023,35,Kurunegala,26.7,87.19,191.57,24.41
2023,35,Mannar,28.27,82.73,13.83,37.74
2023,35,Matale,25.33,84.5,81.61,19.49
2023,35,Matara,26.86,89.76,266.12,35.24
2023,35,Monaragala,24.69,80.51,81,18.91
2023,35,Mullaitivu,28.71,77.47,27.4,22.93
2023,35,Nuwara Eliya,19.33,91.03,84.89,13.43
2023,35,Polonnaruwa,29.03,71.5,42.2,22.73
2023,35,Puttalam,28.01,83.93,14.1,26.99
2023,35,Ratnapura,23.89,93.4,340.06,11.31
2023,35,Trincomalee,29.03,73.5,70.1,24.01
2023,35,Vavuniya,28.79,77.34,26.24,21.3
2023,36,Ampara,29.09,71.99,14.79,17.69
2023,36,Anuradhapura,27.57,80.3,29.46,26.03
2023,36,Badulla,23.59,79.99,28.49,10.61
2023,36,Batticaloa,29.17,75.09,3.2,14.91
2023,36,Colombo,27.16,86.36,248.9,23.54
2023,36,Galle,26.76,87.54,95.59,28.76
2023,36,Gampaha,27.03,86.44,206.47,23.54
2023,36,Hambantota,26.86,89.7,105.9,27.64
2023,36,Jaffna,27.16,86.36,248.9,23.54
2023,36,Kalmunai,29,74.17,4.67,17.3
2023,36,Kalutara,27.1,86.49,254.17,23.54
2023,36,Kandy,23.67,83.66,31.88,15.63
2023,36,Kegalle,26.34,86.67,209.83,23.54
2023,36,Kilinochchi,29.39,74.16,1.42,32.33
2023,36,Kurunegala,26.73,86.56,220.96,23.54
2023,36,Mannar,28.16,82.91,4.3,44.39
2023,36,Matale,25.1,84.86,40.88,21.04
2023,36,Matara,27.2,89.81,187.72,25.7
2023,36,Monaragala,24.93,77.96,33.13,19.39
2023,36,Mullaitivu,29.43,70.6,1.6,29.27
2023,36,Nuwara Eliya,19.19,90.67,61.26,17.57
2023,36,Polonnaruwa,28.71,71.27,12.56,25.76
2023,36,Puttalam,27.8,83.73,51.2,30.03
2023,36,Ratnapura,24.1,91.51,188.39,11.53
2023,36,Trincomalee,29.19,70.8,1.6,29.31
2023,36,Vavuniya,28.87,75.54,11.56,26.43
2023,37,Ampara,28.79,73.01,22.9,20.77
2023,37,Anuradhapura,28.21,76.57,1.54,22.57
2023,37,Badulla,23.59,79.6,21.47,9.93
2023,37,Batticaloa,28.81,77.21,40.7,20.89
2023,37,Colombo,27.37,84.43,118.22,26.21
2023,37,Galle,26.67,84.9,157.03,23.96
2023,37,Gampaha,27.26,84.61,94.33,26.21
2023,37,Hambantota,26.7,90.69,142.8,24.31
2023,37,Jaffna,27.37,84.43,118.22,26.21
2023,37,Kalmunai,28.77,74.86,30.29,21.56
2023,37,Kalutara,27.3,84.91,122.48,26.21
2023,37,Kandy,24.04,81.24,21.03,12.03
2023,37,Kegalle,26.7,84.43,87.79,26.21
2023,37,Kilinochchi,29.19,75,15.44,27.57
2023,37,Kurunegala,27.16,83.87,97.58,26.21
2023,37,Mannar,28.06,83.1,3.15,41.2
2023,37,Matale,25.63,81.2,24.05,18.84
2023,37,Matara,26.9,91.1,280.14,26.21
2023,37,Monaragala,24.84,77.97,23.93,18.76
2023,37,Mullaitivu,29.27,71.87,5.7,24.11
2023,37,Nuwara Eliya,19.41,88.17,25.05,14.69
2023,37,Polonnaruwa,29.3,68.1,13.76,22.89
2023,37,Puttalam,27.89,83.53,22.9,26.54
2023,37,Ratnapura,24.43,88.9,88.5,9.87
2023,37,Trincomalee,29.51,68.8,7.1,22.59
2023,37,Vavuniya,29.24,73.26,4.8,22.29
2023,38,Ampara,28.07,80.5,70.73,12.91
2023,38,Anuradhapura,28.21,77.94,1.62,19.5
2023,38,Badulla,22.96,86.29,125.27,6.93
2023,38,Batticaloa,28.16,81.44,41.4,14.57
2023,38,Colombo,27.5,84.63,229.83,20.37
2023,38,Galle,27.03,84.76,186.62,22.41
2023,38,Gampaha,27.37,84.83,166.18,20.37
2023,38,Hambantota,27.57,87.17,32.24,24.81
2023,38,Jaffna,27.5,84.63,229.83,20.37
2023,38,Kalmunai,28.01,81.04,55.74,14
2023,38,Kalutara,27.41,84.81,220.48,20.37
2023,38,Kandy,23.83,84.94,6.46,10.7
2023,38,Kegalle,26.74,84.73,120.39,20.37
2023,38,Kilinochchi,29.21,75.7,4.15,23.71
2023,38,Kurunegala,27.19,84.26,121.04,20.37
2023,38,Mannar,28.17,82,2.04,36.61
2023,38,Matale,25.53,82.9,16.65,16.87
2023,38,Matara,27.56,88.86,212,23.29
2023,38,Monaragala,24.39,83.84,100.45,13.99
2023,38,Mullaitivu,28.93,75.34,2.9,20.06
2023,38,Nuwara Eliya,19.6,90.17,32.87,10.53
2023,38,Polonnaruwa,28.89,72.16,29.48,17.9
2023,38,Puttalam,27.81,84.03,58.39,24.53
2023,38,Ratnapura,24.5,90.14,100.9,11.06
2023,38,Trincomalee,28.97,73.53,81.5,20.06
2023,38,Vavuniya,29.14,75.14,17.59,19.3
2023,39,Ampara,27.94,79.27,67.05,18.93
2023,39,Anuradhapura,27.07,83.39,20.82,23.31
2023,39,Badulla,22.73,85.44,36.26,9.73
2023,39,Batticaloa,28.29,80.77,134.4,17.23
2023,39,Colombo,26.29,90.39,478.41,22.26
2023,39,Galle,27.01,86.14,183.52,29.26
2023,39,Gampaha,26.16,90.56,322.92,21.49
2023,39,Hambantota,26.04,93.64,420.9,31.2
2023,39,Jaffna,26.29,90.39,478.41,22.26
2023,39,Kalmunai,28.11,80.4,101.18,17.8
2023,39,Kalutara,26.26,90.5,424.46,21.49
2023,39,Kandy,23.21,86.07,75.74,13.33
2023,39,Kegalle,25.6,90.46,287.64,21.49
2023,39,Kilinochchi,28.96,76.99,26.18,31.33
2023,39,Kurunegala,25.99,90.09,274.04,21.49
2023,39,Mannar,28.03,83.64,16.13,41.24
2023,39,Matale,24.63,87.03,76.66,20.37
2023,39,Matara,26.3,93.41,553.08,24.56
2023,39,Monaragala,23.83,84.89,22.03,18
2023,39,Mullaitivu,28.66,76.61,20.8,26.33
2023,39,Nuwara Eliya,18.86,92.67,56.6,15.36
2023,39,Polonnaruwa,28.34,73.3,46.77,22.94
2023,39,Puttalam,27.39,87.81,55.1,26.89
2023,39,Ratnapura,23.47,94.21,306.37,11.41
2023,39,Trincomalee,28.63,74.23,8.8,23.74
2023,39,Vavuniya,28.33,78.16,24.45,24.26
2023,40,Ampara,27.56,83.97,48.09,16.81
2023,40,Anuradhapura,27.54,82.53,6.55,18.71
2023,40,Badulla,22.9,89.29,64.86,6.07
2023,40,Batticaloa,28.04,83.27,64.9,18.3
2023,40,Colombo,26.81,89.73,415.9,21.23
2023,40,Galle,26.63,88.34,225.29,19.39
2023,40,Gampaha,26.76,89.77,337.01,21.19
2023,40,Hambantota,26.57,92.3,57.75,23.47
2023,40,Jaffna,26.81,89.73,415.9,21.23
2023,40,Kalmunai,27.74,83.4,56.52,17.94
2023,40,Kalutara,26.77,89.71,427.78,21.19
2023,40,Kandy,23.7,88.66,121.93,7.26
2023,40,Kegalle,26.26,89.64,357.72,21.19
2023,40,Kilinochchi,28.9,78.59,40.58,21.24
2023,40,Kurunegala,26.63,89.36,368.41,21.19
2023,40,Mannar,28.11,83.86,6.97,33.74
2023,40,Matale,25.27,87.56,116.84,14.79
2023,40,Matara,26.54,93.54,247.36,18.56
2023,40,Monaragala,23.9,89.01,80.12,13.9
2023,40,Mullaitivu,28.37,79.01,128.7,19.7
2023,40,Nuwara Eliya,19.6,92.7,58.91,8.83
2023,40,Polonnaruwa,28.39,76.91,60.29,15.29
2023,40,Puttalam,27.56,86.9,50.5,22.33
2023,40,Ratnapura,24.33,92.66,212.59,9.64
2023,40,Trincomalee,28.46,77.57,103.9,18.36
2023,40,Vavuniya,28.3,80.57,150.02,17.91
2023,41,Ampara,27.37,83.8,47.34,10.97
2023,41,Anuradhapura,27,84.7,67.87,13.17
2023,41,Badulla,22.37,89.7,235.36,7.07
2023,41,Batticaloa,27.69,82.53,17.4,14.8
2023,41,Colombo,27.37,85.07,122.13,18.83
2023,41,Galle,26.79,86.5,146.54,15.64
2023,41,Gampaha,27.33,84.91,102.62,18.83
2023,41,Hambantota,26.81,91.06,69.45,17.04
2023,41,Jaffna,27.37,85.07,122.13,18.83
2023,41,Kalmunai,27.44,83.33,14.09,12.94
2023,41,Kalutara,27.37,84.76,139.02,18.83
2023,41,Kandy,23.17,89.99,204.31,6.44
2023,41,Kegalle,26.69,85.76,140.47,18.83
2023,41,Kilinochchi,28.03,81.66,118.95,16.64
2023,41,Kurunegala,27.1,85.34,98.58,18.83
2023,41,Mannar,27.69,83.41,130.24,27.97
2023,41,Matale,24.94,88.21,174.56,11.1
2023,41,Matara,26.8,92.33,164.51,16.69
2023,41,Monaragala,23.66,88.83,184.77,9.36
2023,41,Mullaitivu,27.46,82.66,103.3,15.66
2023,41,Nuwara Eliya,19.2,92.1,149.97,5.91
2023,41,Polonnaruwa,27.29,83.66,148.78,12.34
2023,41,Puttalam,27.46,85.26,48.31,18.47
2023,41,Ratnapura,24.47,89.89,89.96,8.01
2023,41,Trincomalee,27.27,83.44,342.2,14.3
2023,41,Vavuniya,27.21,85.51,165.13,13.11
2023,42,Ampara,26.67,87.09,81.75,11.09
2023,42,Anuradhapura,26.44,86.89,69.83,10.6
2023,42,Badulla,22.04,90.14,109.64,5.3
2023,42,Batticaloa,27.21,84.07,126.4,14.26
2023,42,Colombo,26.71,87.57,271.85,16.47
2023,42,Galle,26.2,87.74,372.67,19.4
2023,42,Gampaha,26.64,87.6,208.5,16.43
2023,42,Hambantota,25.89,93.51,137.53,17.04
2023,42,Jaffna,26.71,87.57,271.85,16.47
2023,42,Kalmunai,26.93,84.91,90.78,12.91
2023,42,Kalutara,26.64,87.56,267.88,16.43
2023,42,Kandy,22.81,90.63,97.06,6.11
2023,42,Kegalle,26.04,88.2,237.58,16.43
2023,42,Kilinochchi,27.69,82.84,40.34,13.39
2023,42,Kurunegala,26.43,87.94,262.3,16.57
2023,42,Mannar,27.53,82.47,10.32,19.13
2023,42,Matale,24.49,90.23,107.82,10.03
2023,42,Matara,25.94,94.01,472.7,14.84
2023,42,Monaragala,23.1,90.71,128.32,8.99
2023,42,Mullaitivu,27.46,82.21,76,15.79
2023,42,Nuwara Eliya,18.9,92.97,121.31,5.44
2023,42,Polonnaruwa,26.76,86.26,104.34,10.84
2023,42,Puttalam,26.94,86.9,41.71,14.1
2023,42,Ratnapura,23.87,92.67,139.61,7.83
2023,42,Trincomalee,27.17,84.27,124,13.01
2023,42,Vavuniya,26.89,86.23,101.3,9.3
2023,43,Ampara,27.16,83.17,30.68,9.41
2023,43,Anuradhapura,26.9,84.4,113.02,9.31
2023,43,Badulla,21.87,87.74,92.29,7.54
2023,43,Batticaloa,27.74,80.53,11.3,12.4
2023,43,Colombo,27.44,84.31,132.64,13.26
2023,43,Galle,26.74,84.33,65.79,32.81
2023,43,Gampaha,27.23,85.19,137.63,13
2023,43,Hambantota,26.6,90.23,7.92,12.69
2023,43,Jaffna,27.44,84.31,132.64,13.26
2023,43,Kalmunai,27.47,81,5.89,11.67
2023,43,Kalutara,27.33,84.59,165.94,13
2023,43,Kandy,23.27,86.2,67.41,7.14
2023,43,Kegalle,26.56,85.56,185.24,13
2023,43,Kilinochchi,27.81,81.23,44.04,14.44
2023,43,Kurunegala,26.99,85.19,229.97,13
2023,43,Mannar,27.66,81,15.65,19.23
2023,43,Matale,25.11,86.33,82.19,6.17
2023,43,Matara,26.7,90.87,60.29,18.86
2023,43,Monaragala,23.2,87.47,70.36,7.39
2023,43,Mullaitivu,27.66,81.01,80.2,14.94
2023,43,Nuwara Eliya,18.96,89.24,43.69,7.7
2023,43,Polonnaruwa,27.03,84.6,52.15,8.91
2023,43,Puttalam,27.36,84.2,91.8,12.81
2023,43,Ratnapura,24.34,90.03,155.88,6
2023,43,Trincomalee,27.57,81.74,21.3,12.5
2023,43,Vavuniya,27.01,85.41,83.9,9.24
2023,44,Ampara,26.6,88.56,58.19,10.17
2023,44,Anuradhapura,26.43,88.89,304.18,8.64
2023,44,Badulla,21.93,92.09,83.64,5.99
2023,44,Batticaloa,27.11,85.9,56,14.63
2023,44,Colombo,26.96,86.94,399.56,16.53
2023,44,Galle,26.3,87.23,104.45,21.03
2023,44,Gampaha,26.89,87.41,276.91,16.13
2023,44,Hambantota,26.26,92.14,33.92,20.01
2023,44,Jaffna,26.96,86.94,399.56,16.53
2023,44,Kalmunai,26.83,86.47,45.48,13
2023,44,Kalutara,26.87,87.17,317.14,16.33
2023,44,Kandy,22.94,91.56,148.89,6.17
2023,44,Kegalle,26.29,88.01,334.1,16.13
2023,44,Kilinochchi,27.36,85.46,167.11,13.46
2023,44,Kurunegala,26.7,87.66,370.42,16.13
2023,44,Mannar,27.26,84.57,117.02,19.09
2023,44,Matale,24.8,90.71,161.08,6.8
2023,44,Matara,26.3,93.09,102.64,18.34
2023,44,Monaragala,23.16,91.74,86.97,7.8
2023,44,Mullaitivu,27.16,85.89,175.6,15.96
2023,44,Nuwara Eliya,19.16,92.76,143.25,6.06
2023,44,Polonnaruwa,26.59,89.37,185.46,9.97
2023,44,Puttalam,26.93,87.16,149.52,13.41
2023,44,Ratnapura,24.13,92.03,156.29,6.59
2023,44,Trincomalee,26.97,86.54,82.8,14.61
2023,44,Vavuniya,26.66,89.16,277.13,9.53
2023,45,Ampara,26.61,88.93,126.23,9.8
2023,45,Anuradhapura,26.39,90.11,52.51,10.8
2023,45,Badulla,21.87,91.54,74.29,7.71
2023,45,Batticaloa,27.1,86.67,111.6,14.3
2023,45,Colombo,27.01,86.87,227.41,17.5
2023,45,Galle,26.53,85.89,150.08,27.81
2023,45,Gampaha,26.89,87.36,200.17,17.5
2023,45,Hambantota,26.23,92.67,144.72,17.24
2023,45,Jaffna,27.01,86.87,227.41,17.5
2023,45,Kalmunai,26.84,87.03,118.34,12.69
2023,45,Kalutara,26.96,86.93,225.36,17.5
2023,45,Kandy,23.06,90.81,134.99,6.3
2023,45,Kegalle,26.29,87.93,253.79,17.5
2023,45,Kilinochchi,27.07,87.39,143.29,16.86
2023,45,Kurunegala,26.66,87.87,281.24,17.5
2023,45,Mannar,27.03,86.24,149.53,22.26
2023,45,Matale,24.93,90.09,136.65,7.09
2023,45,Matara,26.56,92.64,257.78,10.7
2023,45,Monaragala,23.14,91.01,82.93,7.21
2023,45,Mullaitivu,26.79,88.36,80.4,20.69
2023,45,Nuwara Eliya,19.16,92.23,106.59,6.31
2023,45,Polonnaruwa,26.56,89.76,109.77,10.91
2023,45,Puttalam,26.96,87.9,86.8,13.99
2023,45,Ratnapura,24.26,91.26,125,7.63
2023,45,Trincomalee,26.93,87.93,132.3,15.37
2023,45,Vavuniya,26.43,91.51,97.82,10.44
2023,46,Ampara,27.11,88.56,90.24,10.96
2023,46,Anuradhapura,26.56,90.31,37.51,9.36
2023,46,Badulla,22.49,91.39,129.65,5.44
2023,46,Batticaloa,27.33,86.83,74.3,12.96
2023,46,Colombo,27.5,87.86,205.01,16.17
2023,46,Galle,26.64,86.34,64.86,28.09
2023,46,Gampaha,27.37,88.57,173.55,16.17
2023,46,Hambantota,26.93,91.47,43.92,15.29
2023,46,Jaffna,27.5,87.86,205.01,16.17
2023,46,Kalmunai,27.19,86.99,83.5,11.89
2023,46,Kalutara,27.43,87.91,197.74,16.17
2023,46,Kandy,23.43,91.1,213.37,6.06
2023,46,Kegalle,26.74,89.1,236.66,16.17
2023,46,Kilinochchi,26.97,88.17,166.4,13.54
2023,46,Kurunegala,27.13,88.89,209.68,16.17
2023,46,Mannar,26.84,87.03,137.29,26.16
2023,46,Matale,25.13,90.94,180.32,8.6
2023,46,Matara,27.17,91.93,76.34,16.21
2023,46,Monaragala,23.73,91.44,100.06,8.53
2023,46,Mullaitivu,26.73,88.19,161.3,14.06
2023,46,Nuwara Eliya,19.66,92.63,86.08,5.47
2023,46,Polonnaruwa,26.89,89.11,102.15,9.79
2023,46,Puttalam,27.24,87.17,82.39,16.3
2023,46,Ratnapura,24.87,90.84,126.49,7.36
2023,46,Trincomalee,26.84,88.83,146.7,11.59
2023,46,Vavuniya,26.49,91.87,170.01,8.83
2023,47,Ampara,27.23,86.83,61.05,11.53
2023,47,Anuradhapura,27.11,86.17,20.55,11.56
2023,47,Badulla,22.01,90.24,116.65,11.11
2023,47,Batticaloa,27.59,84.9,48.9,14.71
2023,47,Colombo,27.46,85.83,194.73,13
2023,47,Galle,26.9,83.03,81.58,29.47
2023,47,Gampaha,27.31,86.54,174.53,13
2023,47,Hambantota,26.97,91.06,46.52,16.26
2023,47,Jaffna,27.46,85.83,194.73,13
2023,47,Kalmunai,27.4,85,51.06,13.54
2023,47,Kalutara,27.41,86.04,208.55,13
2023,47,Kandy,23.44,88.49,37.65,8.31
2023,47,Kegalle,26.73,86.66,191.25,13
2023,47,Kilinochchi,27.53,85.34,31.82,17.07
2023,47,Kurunegala,27.14,86.33,209.46,13
2023,47,Mannar,27.46,83.83,8.07,21.13
2023,47,Matale,25.47,86.73,52.24,8.27
2023,47,Matara,26.99,91.07,98.3,17.63
2023,47,Monaragala,23.37,89.61,91.65,14.06
2023,47,Mullaitivu,27.39,84.66,72.4,17.39
2023,47,Nuwara Eliya,19.3,90.21,104.5,12.76
2023,47,Polonnaruwa,27.1,87.49,56.24,11.63
2023,47,Puttalam,27.67,84.93,106.9,14.6
2023,47,Ratnapura,24.74,89.83,60.61,5.4
2023,47,Trincomalee,27.33,86.37,53.9,16.31
2023,47,Vavuniya,27.2,86.9,68.74,11.71
2023,48,Ampara,26.29,90.29,108.88,13.01
2023,48,Anuradhapura,25.94,91.34,70.72,14.46
2023,48,Badulla,22.03,91.69,66.42,8.03
2023,48,Batticaloa,26.74,88.07,118.3,20.53
2023,48,Colombo,26.91,87.99,206.65,15.93
2023,48,Galle,26.74,85.49,93.19,28.83
2023,48,Gampaha,26.79,88.66,179.16,14.29
2023,48,Hambantota,26.11,92.69,62.91,22.51
2023,48,Jaffna,26.91,87.99,206.65,15.93
2023,48,Kalmunai,26.56,88.5,111.4,17.23
2023,48,Kalutara,26.89,88.14,205.95,15.83
2023,48,Kandy,22.83,91.84,84.57,8.7
2023,48,Kegalle,26.17,89.11,193.44,14.03
2023,48,Kilinochchi,26.84,88.37,94.92,22.36
2023,48,Kurunegala,26.64,88.67,159.93,14.27
2023,48,Mannar,27.1,85.91,30.26,27.27
2023,48,Matale,24.67,90.57,70.7,10.64
2023,48,Matara,26.53,91.16,123.24,23.4
2023,48,Monaragala,23.13,91.91,63.79,10.81
2023,48,Mullaitivu,26.57,89.23,158.7,24
2023,48,Nuwara Eliya,19.01,93.84,81.99,10.11
2023,48,Polonnaruwa,26.14,90.34,92.88,14.14
2023,48,Puttalam,26.99,88.3,63.9,19.13
2023,48,Ratnapura,24.4,91.86,178.38,10.1
2023,48,Trincomalee,26.46,89.01,127.4,20.23
2023,48,Vavuniya,26.09,91.61,183.22,14.04
2023,49,Ampara,27.16,88.17,17.36,11.1
2023,49,Anuradhapura,26.96,88.13,28.2,11.69
2023,49,Badulla,22.34,90.93,83.01,7.56
2023,49,Batticaloa,27.44,86.46,8.6,14.41
2023,49,Colombo,27.41,87.5,229.64,14.84
2023,49,Galle,27.04,85.24,121.27,22.9
2023,49,Gampaha,27.36,87.89,168.5,14.84
2023,49,Hambantota,26.77,92.81,85.02,15.96
2023,49,Jaffna,27.41,87.5,229.64,14.84
2023,49,Kalmunai,27.26,86.51,9.41,13.06
2023,49,Kalutara,27.34,87.73,196.56,14.84
2023,49,Kandy,23.43,90.39,148.33,6.61
2023,49,Kegalle,26.8,87.77,184.77,14.84
2023,49,Kilinochchi,27.59,86.5,60.74,16.91
2023,49,Kurunegala,27.27,87.17,177.56,14.84
2023,49,Mannar,27.47,85.54,60.51,24.13
2023,49,Matale,25.37,88.79,134.95,9.51
2023,49,Matara,26.99,92.23,187.9,15.94
2023,49,Monaragala,23.7,89.89,59.63,9.27
2023,49,Mullaitivu,27.27,86.57,83.7,18.39
2023,49,Nuwara Eliya,19.66,91.2,68.08,5.99
2023,49,Polonnaruwa,26.99,88.6,95.51,10.03
2023,49,Puttalam,27.44,86.97,110.39,16.66
2023,49,Ratnapura,24.73,91.23,87.3,8.4
2023,49,Trincomalee,27.1,87.44,159.7,13.83
2023,49,Vavuniya,27.1,89.03,111.85,11.79
2023,50,Ampara,25.89,91.61,229.28,14.24
2023,50,Anuradhapura,25.77,90.56,119.67,15.59
2023,50,Badulla,21.36,94.34,145.08,9.79
2023,50,Batticaloa,26.47,89.7,240.1,21.64
2023,50,Colombo,26.9,85.87,158.48,21.66
2023,50,Galle,26.7,86.9,133.11,18.06
2023,50,Gampaha,26.8,86.27,117.33,20.01
2023,50,Hambantota,26.31,93.33,182.62,22.79
2023,50,Jaffna,26.9,85.87,158.48,21.66
2023,50,Kalmunai,26.21,90.01,237.74,17.86
2023,50,Kalutara,26.81,86.29,171.78,19.81
2023,50,Kandy,22.47,92.93,67.18,8.84
2023,50,Kegalle,26.17,87.21,134.9,19.81
2023,50,Kilinochchi,26.63,85.61,192.37,25.19
2023,50,Kurunegala,26.54,86.99,111.34,19.81
2023,50,Mannar,26.7,84.7,199.26,33.23
2023,50,Matale,24.6,90.36,67.9,11.16
2023,50,Matara,26.36,93.5,276.15,17.2
2023,50,Monaragala,22.77,92.84,150.72,13.8
2023,50,Mullaitivu,26.5,85.6,193.5,30.26
2023,50,Nuwara Eliya,18.84,94.64,126.01,13.04
2023,50,Polonnaruwa,25.86,91.41,174.64,12.2
2023,50,Puttalam,26.76,86.5,112,22.11
2023,50,Ratnapura,24.43,91.37,151.23,5.04
2023,50,Trincomalee,26.53,87.9,268.3,22
2023,50,Vavuniya,25.87,90.09,257.17,16.4
2023,51,Ampara,27.16,85.37,86.52,15.47
2023,51,Anuradhapura,26.44,88.13,12.31,16.04
2023,51,Badulla,21.79,88.06,41.22,11.14
2023,51,Batticaloa,27.56,83.66,57.9,19.07
2023,51,Colombo,27.94,79.09,27.98,19.34
2023,51,Galle,27.76,81.84,46.37,30.96
2023,51,Gampaha,27.9,79.8,20.78,19.04
2023,51,Hambantota,27.36,86.23,34.9,26.84
2023,51,Jaffna,27.94,79.09,27.98,19.34
2023,51,Kalmunai,27.34,83.9,74.91,17.27
2023,51,Kalutara,27.9,79.94,45.82,19.04
2023,51,Kandy,23.04,86.23,8.48,12.26
2023,51,Kegalle,27.31,80.09,11.8,19.04
2023,51,Kilinochchi,26.46,89.17,85.09,22.41
2023,51,Kurunegala,27.74,79.41,11.79,19.3
2023,51,Mannar,26.53,87.49,20.56,29.89
2023,51,Matale,25.59,83.21,9.78,14.5
2023,51,Matara,27.53,86.33,45.1,23.24
2023,51,Monaragala,23.69,86.24,41.96,16.13
2023,51,Mullaitivu,26.44,88.67,47.1,21.7
2023,51,Nuwara Eliya,19.29,87.09,18.31,15.7
2023,51,Polonnaruwa,26.61,87.84,23.95,13.73
2023,51,Puttalam,27.2,85.09,14.2,22.21
2023,51,Ratnapura,24.97,87,16,6.39
2023,51,Trincomalee,27.03,87.16,17.1,19.09
2023,51,Vavuniya,26.36,89.74,38.79,15.63
2023,52,Ampara,25.99,90.25,309.65,17.01
2023,52,Anuradhapura,25.86,89.06,39.96,18.27
2023,52,Badulla,21,92.89,329.63,12.21
2023,52,Batticaloa,26.7,87.32,262.4,22.09
2023,52,Colombo,27.36,80.91,72.41,22.22
2023,52,Galle,26.95,83.99,161.78,33.88
2023,52,Gampaha,27.28,81.28,42.88,22.39
2023,52,Hambantota,26.08,92.22,185.62,32.9
2023,52,Jaffna,27.36,80.91,72.41,22.22
2023,52,Kalmunai,26.35,88.25,287.18,20.24
2023,52,Kalutara,27.32,81.08,66.58,22.22
2023,52,Kandy,22.09,91.76,125.25,11.79
2023,52,Kegalle,26.6,82.48,100.06,22.25
2023,52,Kilinochchi,26.95,83.98,26.38,25.2
2023,52,Kurunegala,26.94,82.42,109.82,22.94
2023,52,Mannar,26.94,82.5,5.28,30.01
2023,52,Matale,24.7,87.15,127.43,16.3
2023,52,Matara,26.32,91.6,253.12,27.14
2023,52,Monaragala,22.74,91.09,304.65,16.86
2023,52,Mullaitivu,26.76,85.29,22.3,26.94
2023,52,Nuwara Eliya,18.64,92.01,164.58,15.76
2023,52,Polonnaruwa,25.88,89.68,132.34,14.99
2023,52,Puttalam,26.99,83.48,62.9,25.24
2023,52,Ratnapura,24.56,87.69,38.77,6.28
2023,52,Trincomalee,26.74,85.5,65.2,22.05
2023,52,Vavuniya,26.3,87.59,29.12,17.91
2024,1,Ampara,26.37,88.61,187.88,14.81
2024,1,Anuradhapura,26.03,90.08,29.24,13.01
2024,1,Badulla,21.81,92.07,82.14,9.5
2024,1,Batticaloa,26.9,85.58,219.5,19.17
2024,1,Colombo,27.33,84.11,69.53,15.22
2024,1,Galle,26.9,85.52,132.4,15.23
2024,1,Gampaha,27.22,84.84,45.92,14.87
2024,1,Hambantota,26.51,90.93,77.82,22.63
2024,1,Jaffna,27.33,84.11,69.53,15.22
2024,1,Kalmunai,26.63,86.4,218.41,17.61
2024,1,Kalutara,27.26,84.51,86.46,14.96
2024,1,Kandy,22.86,89.9,32.99,9.16
2024,1,Kegalle,26.74,84.97,52.45,14.87
2024,1,Kilinochchi,26.8,84.61,51.29,20.66
2024,1,Kurunegala,27.1,84.73,55.12,15.1
2024,1,Mannar,26.93,83.06,39.15,26.09
2024,1,Matale,25.1,87.42,35.19,10.58
2024,1,Matara,26.69,91.24,173.9,17.93
2024,1,Monaragala,23.37,90.82,108.05,12.31
2024,1,Mullaitivu,26.8,84.07,49.1,23.59
2024,1,Nuwara Eliya,19.66,91.51,25.91,9.72
2024,1,Polonnaruwa,26.14,90.12,86.76,11.38
2024,1,Puttalam,26.8,86.67,38.5,20.87
2024,1,Ratnapura,24.81,88.54,150.64,9.04
2024,1,Trincomalee,26.68,85.43,120.2,19.27
2024,1,Vavuniya,26.28,88.91,27.93,13.57
2024,2,Ampara,25.97,82.9,286.78,18.56
2024,2,Anuradhapura,25.6,88.79,90.3,15.91
2024,2,Badulla,20.63,88.81,128.27,13.01
2024,2,Batticaloa,26.84,79.41,272.9,23.34
2024,2,Colombo,27.07,77.23,22.92,22.26
2024,2,Galle,26.56,82.96,16.3,15.53
2024,2,Gampaha,26.91,77.8,12.8,22.26
2024,2,Hambantota,26.14,87.16,204.82,30.76
2024,2,Jaffna,27.07,77.23,22.92,22.26
2024,2,Kalmunai,26.51,80.49,294.7,21.34
2024,2,Kalutara,26.97,77.94,16.79,22.26
2024,2,Kandy,21.84,88.19,47.02,11.26
2024,2,Kegalle,26.21,78.74,29.89,22.26
2024,2,Kilinochchi,26.9,78.06,10.83,23.56
2024,2,Kurunegala,26.63,78.3,21.04,22.26
2024,2,Mannar,26.86,79.37,9.9,28.4
2024,2,Matale,24.27,84,45.47,14.61
2024,2,Matara,26.44,86.91,173.81,24.61
2024,2,Monaragala,22.2,86.91,155.15,17.59
2024,2,Mullaitivu,26.99,76.54,26.1,27.81
2024,2,Nuwara Eliya,18.46,86.94,72.81,16.93
2024,2,Polonnaruwa,25.64,88.23,120.73,12.64
2024,2,Puttalam,26,87.77,51.4,20.93
2024,2,Ratnapura,24.33,87.44,20.71,5.3
2024,2,Trincomalee,26.71,78.3,81.6,21.7
2024,2,Vavuniya,25.87,88.5,45,14.46
2024,3,Ampara,26.16,85.9,117.41,14.36
2024,3,Anuradhapura,26.41,88.16,24.69,10.5
2024,3,Badulla,21.7,87.66,8.41,9.09
2024,3,Batticaloa,26.79,83.76,148.9,16.4
2024,3,Colombo,27.56,78.4,87.92,15.6
2024,3,Galle,26.99,80.43,60.32,24.89
2024,3,Gampaha,27.36,78.96,51.13,14.49
2024,3,Hambantota,26.94,85.64,2.7,24.33
2024,3,Jaffna,27.56,78.4,87.92,15.6
2024,3,Kalmunai,26.49,84.64,148.41,15.74
2024,3,Kalutara,27.5,78.54,46.94,14.91
2024,3,Kandy,22.79,86.16,24.08,9.24
2024,3,Kegalle,27.01,79.1,83.35,14.33
2024,3,Kilinochchi,26.71,81.27,17.98,17.87
2024,3,Kurunegala,27.29,78.64,120.73,14.33
2024,3,Mannar,26.77,80.46,8.81,22.87
2024,3,Matale,25.29,82.2,39.73,10.93
2024,3,Matara,26.93,85.21,48.94,21.89
2024,3,Monaragala,23.24,86.3,8.44,11.96
2024,3,Mullaitivu,26.7,81.14,19,19.34
2024,3,Nuwara Eliya,20.56,86.24,16.92,9.49
2024,3,Polonnaruwa,26.4,88.4,47.18,8.87
2024,3,Puttalam,26.64,88,3.5,12.03
2024,3,Ratnapura,24.26,85.49,36.5,8.94
2024,3,Trincomalee,26.59,83.87,13.2,16.16
2024,3,Vavuniya,26.53,87.89,32.84,10.54
2024,4,Ampara,26.27,78.53,8.51,17.99
2024,4,Anuradhapura,25.9,83.39,0,12.67
2024,4,Badulla,21.09,84.46,16.9,10.7
2024,4,Batticaloa,27.26,74.49,4.2,22.07
2024,4,Colombo,27.73,70.96,0,20.59
2024,4,Galle,27.17,77.44,18.2,25.67
2024,4,Gampaha,27.41,71.89,0.02,20.59
2024,4,Hambantota,27.23,77.24,0,28.47
2024,4,Jaffna,27.73,70.96,0,20.59
2024,4,Kalmunai,26.89,75.81,4.7,20.51
2024,4,Kalutara,27.66,71.41,2.13,20.59
2024,4,Kandy,22.06,82.47,1.34,11.17
2024,4,Kegalle,26.91,72.83,0.16,20.59
2024,4,Kilinochchi,27.1,72.36,0.4,21.14
2024,4,Kurunegala,27.1,72.43,0.3,20.59
2024,4,Mannar,27.11,72.6,0.6,26.17
2024,4,Matale,24.81,77.66,0.9,14.4
2024,4,Matara,27.24,79.16,13.44,24.84
2024,4,Monaragala,23.03,82.33,18.04,15.94
2024,4,Mullaitivu,27.2,71.53,1.3,24.31
2024,4,Nuwara Eliya,20.17,81.69,11.54,9.11
2024,4,Polonnaruwa,26.13,82.37,3.36,10.11
2024,4,Puttalam,26.19,83.26,0,16.3
2024,4,Ratnapura,24.13,81.36,15.15,8.94
2024,4,Trincomalee,27.01,73.39,8.1,20
2024,4,Vavuniya,26.26,81.83,3.89,15.09
2024,5,Ampara,26.69,86.97,93.38,13.01
2024,5,Anuradhapura,27.14,87.01,23.05,11.33
2024,5,Badulla,22.41,87.96,57.04,9.04
2024,5,Batticaloa,27.01,85.34,99.5,15.6
2024,5,Colombo,28.06,80.5,11.27,15.81
2024,5,Galle,26.84,82.46,6.5,33.16
2024,5,Gampaha,28.04,80.44,9.31,14.54
2024,5,Hambantota,27.2,87.2,45.4,21.96
2024,5,Jaffna,28.06,80.5,11.27,15.81
2024,5,Kalmunai,26.77,85.83,100.2,14.91
2024,5,Kalutara,28.07,80.61,10.56,15.41
2024,5,Kandy,22.93,87.39,76.94,9.51
2024,5,Kegalle,27.86,80.33,27.41,14.54
2024,5,Kilinochchi,27.6,80.67,34.4,19.04
2024,5,Kurunegala,27.96,79.91,5.72,14.54
2024,5,Mannar,27.63,80.96,17.55,25.51
2024,5,Matale,25.89,82.76,60.85,11.66
2024,5,Matara,26.89,87.43,1.41,24.66
2024,5,Monaragala,24.47,86.99,47.55,10.77
2024,5,Mullaitivu,27.44,81.1,35.8,18.53
2024,5,Nuwara Eliya,21.09,87.5,58.28,7.16
2024,5,Polonnaruwa,27.16,87.26,48.05,9.2
2024,5,Puttalam,27.39,86.06,1.1,16.41
2024,5,Ratnapura,24.4,87.8,35.99,7.84
2024,5,Trincomalee,27.03,84.41,11.6,16.67
2024,5,Vavuniya,27.3,86.57,32.12,10.44
2024,6,Ampara,27,75.36,3.4,18.26
2024,6,Anuradhapura,26.73,80.87,0,13.94
2024,6,Badulla,21.39,81.86,2.8,12.29
2024,6,Batticaloa,27.46,73.6,2.1,21.44
2024,6,Colombo,28.04,70.24,0,21.96
2024,6,Galle,27.4,76.21,0.8,40.83
2024,6,Gampaha,28.07,70.11,0,21.66
2024,6,Hambantota,27.89,76.01,0,30.16
2024,6,Jaffna,28.04,70.24,0,21.96
2024,6,Kalmunai,27.03,74.63,3.5,19.74
2024,6,Kalutara,27.99,70.54,0,21.66
2024,6,Kandy,21.61,82.94,2,14.8
2024,6,Kegalle,27.97,70.34,0,21.66
2024,6,Kilinochchi,27.33,74.6,1.3,21.96
2024,6,Kurunegala,27.99,70.37,0,21.66
2024,6,Mannar,27.66,75.11,0,28.36
2024,6,Matale,25.64,75.27,0.3,17.14
2024,6,Matara,27.34,78.17,0.2,31.24
2024,6,Monaragala,24.57,78.8,1.5,17.17
2024,6,Mullaitivu,27.21,74.5,1.5,19.54
2024,6,Nuwara Eliya,19.97,80.01,1.4,12.7
2024,6,Polonnaruwa,26.8,81,0,11.79
2024,6,Puttalam,27.21,79.03,0,20.96
2024,6,Ratnapura,23.63,82.46,13.4,7.51
2024,6,Trincomalee,27.2,74.07,1.7,20.39
2024,6,Vavuniya,26.81,80.57,0,13.51
2024,7,Ampara,27.2,84.77,32.4,17.23
2024,7,Anuradhapura,27.54,83.16,1.1,15.43
2024,7,Badulla,21.94,88.16,19.8,11.89
2024,7,Batticaloa,27.53,82.44,27.3,20.73
2024,7,Colombo,29.23,73.61,0,22.51
2024,7,Galle,28.2,79.77,6.8,29.11
2024,7,Gampaha,29.21,73.56,0,22.51
2024,7,Hambantota,28.43,80.2,0.4,29.99
2024,7,Jaffna,29.23,73.61,0,22.51
2024,7,Kalmunai,27.14,83.61,31.8,19.19
2024,7,Kalutara,29.21,73.64,0,22.51
2024,7,Kandy,22.31,87.46,11.6,13.37
2024,7,Kegalle,29.11,73.33,0,22.51
2024,7,Kilinochchi,27.66,79.76,6.8,23.74
2024,7,Kurunegala,29.11,73.31,0,22.51
2024,7,Mannar,28.04,79.27,1.8,28.89
2024,7,Matale,26.5,77.63,5,16.14
2024,7,Matara,28.29,81.19,0,32.31
2024,7,Monaragala,25.2,83.23,10.8,16.89
2024,7,Mullaitivu,27.46,80.2,8.6,21.14
2024,7,Nuwara Eliya,20.79,84.79,7.8,12.44
2024,7,Polonnaruwa,27.54,83.79,16.8,12.6
2024,7,Puttalam,27.89,81.79,4.2,20.71
2024,7,Ratnapura,24.37,85.46,26.6,5.93
2024,7,Trincomalee,27.47,80.97,11.6,21.64
2024,7,Vavuniya,27.59,83.03,1.5,15.39
2024,8,Ampara,27.7,79.57,9.4,14.46
2024,8,Anuradhapura,28.33,79.64,0.2,12.39
2024,8,Badulla,23.1,82.24,4.18,9.1
2024,8,Batticaloa,27.77,79.11,5.8,17.39
2024,8,Colombo,29.27,78.43,0.1,16.13
2024,8,Galle,28.19,78.31,4.1,39.1
2024,8,Gampaha,29.34,78.13,0.04,16.13
2024,8,Hambantota,28.61,79.44,2.7,28.07
2024,8,Jaffna,29.27,78.43,0.1,16.13
2024,8,Kalmunai,27.49,80.06,7.1,16.61
2024,8,Kalutara,29.23,78.69,0,16.13
2024,8,Kandy,23.49,81.14,2.69,9.77
2024,8,Kegalle,29.3,78.16,0.41,16.13
2024,8,Kilinochchi,27.87,79.21,1.7,20.01
2024,8,Kurunegala,29.31,78.11,0,16.13
2024,8,Mannar,28.3,79.21,0.4,25
2024,8,Matale,27.81,71.7,2.64,11.61
2024,8,Matara,28.56,80.44,1.1,24.9
2024,8,Monaragala,25.89,81.47,6.8,11.61
2024,8,Mullaitivu,27.63,79.83,1.8,17.71
2024,8,Nuwara Eliya,21.61,79.49,6.5,7.99
2024,8,Polonnaruwa,28.24,80.83,0.72,11.83
2024,8,Puttalam,28.53,79.99,0.7,18.09
2024,8,Ratnapura,24.97,84.33,16.2,6.19
2024,8,Trincomalee,27.64,79.33,2.7,18.19
2024,8,Vavuniya,28.36,79.76,0.1,12.13
2024,9,Ampara,27.29,81.63,7.52,17.8
2024,9,Anuradhapura,27.86,77.67,0.2,13.13
2024,9,Badulla,22.36,82.31,12.3,11.04
2024,9,Batticaloa,27.67,80.06,8.2,20.06
2024,9,Colombo,29.54,70.69,0.1,21.14
2024,9,Galle,28.2,77.66,3.9,31.79
2024,9,Gampaha,29.53,70.66,0.1,21.14
2024,9,Hambantota,28.94,75.31,1,27.16
2024,9,Jaffna,29.54,70.69,0.1,21.14
2024,9,Kalmunai,27.21,81.56,9.54,19.66
2024,9,Kalutara,29.47,71.19,0.1,21.14
2024,9,Kandy,22.73,81.24,7.9,11.83
2024,9,Kegalle,29.34,70.81,0,21.14
2024,9,Kilinochchi,27.74,78.84,0.9,21.9
2024,9,Kurunegala,29.37,70.8,0,21.14
2024,9,Mannar,28.19,77.94,0.1,27.43
2024,9,Matale,27.03,71.26,3.2,14.87
2024,9,Matara,28.79,76.81,1.3,30
2024,9,Monaragala,25.5,78.8,5.4,15.47
2024,9,Mullaitivu,27.57,78.64,0.8,19.24
2024,9,Nuwara Eliya,21.33,75.44,3.4,9.71
2024,9,Polonnaruwa,27.77,78.66,0.7,11.06
2024,9,Puttalam,28.31,76.09,0,19.23
2024,9,Ratnapura,24.86,82.9,15.6,7.5
2024,9,Trincomalee,27.6,78.41,6.2,19.97
2024,9,Vavuniya,27.97,77.44,0,13.93
2024,10,Ampara,27.6,75.9,0.2,13.33
2024,10,Anuradhapura,28.54,73.06,0,10.06
2024,10,Badulla,23.26,71.46,0.4,9.31
2024,10,Batticaloa,27.74,76.41,0.1,14.24
2024,10,Colombo,28.51,76.49,0,16.43
2024,10,Galle,27.6,79.63,5,29.63
2024,10,Gampaha,28.5,76.53,0,16.27
2024,10,Hambantota,28.81,74.77,0,27.64
2024,10,Jaffna,28.51,76.49,0,16.43
2024,10,Kalmunai,27.37,77.16,0.3,14.09
2024,10,Kalutara,28.5,76.6,0,16.43
2024,10,Kandy,23.56,71.83,0.1,10.13
2024,10,Kegalle,28.47,76.57,0,16.17
2024,10,Kilinochchi,27.8,77.79,0,18.3
2024,10,Kurunegala,28.49,76.47,0,16.17
2024,10,Mannar,28.24,77.54,0,22.41
2024,10,Matale,27.7,67.61,1.6,9.51
2024,10,Matara,28.2,78.39,0.9,30.8
2024,10,Monaragala,25.87,74.74,0.8,10.37
2024,10,Mullaitivu,27.54,78.06,0,16.51
2024,10,Nuwara Eliya,21.9,66.67,0.4,7.2
2024,10,Polonnaruwa,28.3,75.43,0.1,9.71
2024,10,Puttalam,28.93,73.4,0.2,14.86
2024,10,Ratnapura,24.47,85.07,21.7,6.86
2024,10,Trincomalee,27.49,77.61,0,15.43
2024,10,Vavuniya,28.5,74.1,0,10.6
2024,11,Ampara,28.11,73.94,1.2,15.21
2024,11,Anuradhapura,29.19,69.44,0,11.41
2024,11,Badulla,23.83,73.13,1.1,9.47
2024,11,Batticaloa,28.01,75.94,1.1,17.49
2024,11,Colombo,29.31,75.89,0,15.61
2024,11,Galle,28.31,77.74,3.8,18.49
2024,11,Gampaha,29.3,75.94,0,15.61
2024,11,Hambantota,28.89,73.99,1.9,23.54
2024,11,Jaffna,29.31,75.89,0,15.61
2024,11,Kalmunai,27.74,76.27,1.1,17.84
2024,11,Kalutara,29.31,75.83,0,15.61
2024,11,Kandy,24.46,68.24,0,9.56
2024,11,Kegalle,29.24,76.01,0,15.61
2024,11,Kilinochchi,28.14,77.21,0,19.43
2024,11,Kurunegala,29.24,76.01,0,15.61
2024,11,Mannar,28.53,75.9,0.3,22.6
2024,11,Matale,28.26,66.24,1.8,9.07
2024,11,Matara,28.61,77.27,0.6,18.07
2024,11,Monaragala,26.36,74.9,1.6,11.53
2024,11,Mullaitivu,27.87,77.81,0.3,17.66
2024,11,Nuwara Eliya,22.49,67.84,0.5,5.81
2024,11,Polonnaruwa,28.91,72.13,0,12.01
2024,11,Puttalam,29.36,71,0.5,16.19
2024,11,Ratnapura,25.09,82.16,17.8,8.34
2024,11,Trincomalee,27.9,76.61,1.5,18.11
2024,11,Vavuniya,29.1,70.84,0,11.77
2024,12,Ampara,27.46,84.51,34.1,12.77
2024,12,Anuradhapura,28.87,79.11,6.2,14
2024,12,Badulla,22.96,85.19,30.4,11.23
2024,12,Batticaloa,27.86,82.34,33.4,17.39
2024,12,Colombo,28.79,78.84,2,14.64
2024,12,Galle,28.1,80.86,30,16.87
2024,12,Gampaha,28.77,78.83,5.6,14.33
2024,12,Hambantota,28.4,82.01,6.6,28.07
2024,12,Jaffna,28.79,78.84,2,14.64
2024,12,Kalmunai,27.47,83.31,37.2,15.53
2024,12,Kalutara,28.69,79.14,9.39,14.33
2024,12,Kandy,23.5,82.67,27.5,11.2
2024,12,Kegalle,28.66,79.01,9.7,14.43
2024,12,Kilinochchi,28.39,79.36,5.2,20.77
2024,12,Kurunegala,28.7,78.86,6.84,14.37
2024,12,Mannar,28.94,77.51,3,26.97
2024,12,Matale,27.6,74.16,22.9,11.53
2024,12,Matara,28.2,84.91,3.7,20.19
2024,12,Monaragala,25.7,83.3,29.5,13.31
2024,12,Mullaitivu,28.11,79.94,7.3,18
2024,12,Nuwara Eliya,21.56,82.51,39.2,9.17
2024,12,Polonnaruwa,28.77,80.2,22.8,12.57
2024,12,Puttalam,29.2,78.56,8,15.53
2024,12,Ratnapura,24.69,86.8,101.7,7.77
2024,12,Trincomalee,27.94,80.97,14.6,18.56
2024,12,Vavuniya,28.9,79.27,6,13.96
2024,13,Ampara,27.94,84.31,20.5,11.64
2024,13,Anuradhapura,29.83,70.86,1.5,11.83
2024,13,Badulla,23.74,82.37,31.9,8.19
2024,13,Batticaloa,28.21,81.84,12.7,14.7
2024,13,Colombo,29.19,78.6,14.4,13.6
2024,13,Galle,27.97,80.24,15.2,29.67
2024,13,Gampaha,29.61,75.34,23.3,12.2
2024,13,Hambantota,28.03,82.29,29.2,27.26
2024,13,Jaffna,29.19,78.6,14.4,13.6
2024,13,Kalmunai,27.87,82.57,18.3,13.71
2024,13,Kalutara,28.91,77.89,13,12.1
2024,13,Kandy,24.47,77.84,14.4,7.96
2024,13,Kegalle,29.61,72.07,15.9,11.01
2024,13,Kilinochchi,29.04,78.64,4.6,19.04
2024,13,Kurunegala,29.86,72.3,18,11.74
2024,13,Mannar,28.93,78.7,1.2,23
2024,13,Matale,28.33,73.8,19.2,7.71
2024,13,Matara,28.03,82.1,27.1,20.89
2024,13,Monaragala,26.3,82.66,42.9,9.27
2024,13,Mullaitivu,28.7,79.67,6.8,16.41
2024,13,Nuwara Eliya,22.19,80.53,20.2,5.36
2024,13,Polonnaruwa,29.11,76.94,4.5,11.23
2024,13,Puttalam,29.33,78.99,8.6,14.71
2024,13,Ratnapura,25.17,85.8,98.5,5.36
2024,13,Trincomalee,28.5,80.31,11.5,16.36
2024,13,Vavuniya,29.73,73.54,2.4,12.86
2024,14,Ampara,28.79,82.29,3.3,12.3
2024,14,Anuradhapura,30.6,75.14,10.4,8.17
2024,14,Badulla,24.69,80.11,5.4,8.73
2024,14,Batticaloa,29.04,81.21,2,16.29
2024,14,Colombo,29.54,80.81,7.9,14.39
2024,14,Galle,28.23,82.4,32.2,28.24
2024,14,Gampaha,29.66,80.26,6.2,13.91
2024,14,Hambantota,29.27,81.91,4.7,24.39
2024,14,Jaffna,29.54,80.81,7.9,14.39
2024,14,Kalmunai,28.71,82.1,1.6,15.39
2024,14,Kalutara,29.5,80.7,13.91,14.23
2024,14,Kandy,25.57,73.37,3.2,8.23
2024,14,Kegalle,29.56,80.09,3.3,13.87
2024,14,Kilinochchi,29.83,79.64,2,16.87
2024,14,Kurunegala,29.59,80.2,4.8,13.87
2024,14,Mannar,29.84,81.03,36.3,19.96
2024,14,Matale,28.29,78.3,14.7,7.31
2024,14,Matara,28.84,83.8,20.5,19.24
2024,14,Monaragala,27.19,80.94,9.3,9.34
2024,14,Mullaitivu,29.37,81.09,1,15.83
2024,14,Nuwara Eliya,23.03,76.9,5.5,5.67
2024,14,Polonnaruwa,30.5,76.57,2.6,11.63
2024,14,Puttalam,30.39,78.13,10.9,12.14
2024,14,Ratnapura,25.44,87.76,45.9,6.41
2024,14,Trincomalee,29.26,80.47,1.4,18.04
2024,14,Vavuniya,30.7,74.91,2.3,7.76
2024,15,Ampara,27.7,85.67,72.4,13.83
2024,15,Anuradhapura,28.76,82.94,11.1,14.4
2024,15,Badulla,23.23,85.49,22.8,11.71
2024,15,Batticaloa,28.39,82.21,24.2,17.7
2024,15,Colombo,28.57,82.99,5,15.36
2024,15,Galle,28.5,81.09,38.4,38.04
2024,15,Gampaha,28.59,82.84,7.9,15.36
2024,15,Hambantota,28.6,83.79,22.9,23.1
2024,15,Jaffna,28.57,82.99,5,15.36
2024,15,Kalmunai,27.87,83.71,70.8,16.57
2024,15,Kalutara,28.56,82.96,7.34,15.36
2024,15,Kandy,23.94,81.76,14.8,12.39
2024,15,Kegalle,28.54,82.53,3.17,15.36
2024,15,Kilinochchi,29.24,79.89,12.8,20.84
2024,15,Kurunegala,28.6,82.2,3.63,15.36
2024,15,Mannar,29.89,77.21,17.1,23.81
2024,15,Matale,27.59,77.77,20,13.1
2024,15,Matara,28.41,85.01,12.96,25.1
2024,15,Monaragala,25.8,85.44,82.6,12.79
2024,15,Mullaitivu,28.96,80.44,13.1,18.16
2024,15,Nuwara Eliya,21.86,82.43,24.1,10.43
2024,15,Polonnaruwa,28.69,84.39,8.9,12.23
2024,15,Puttalam,29.23,81.73,9.1,17.8
2024,15,Ratnapura,24.69,88.31,111,7.3
2024,15,Trincomalee,28.53,81.7,27.5,18.93
2024,15,Vavuniya,28.96,82.9,8.6,14.67
2024,16,Ampara,29.47,81.06,1.7,12.5
2024,16,Anuradhapura,30.59,76.54,4.3,9.71
2024,16,Badulla,25.51,77.36,6.1,8.44
2024,16,Batticaloa,29.5,80.79,2.2,17.9
2024,16,Colombo,29.64,82.19,0.1,16.64
2024,16,Galle,28.43,83.09,25.4,36.81
2024,16,Gampaha,29.63,82.26,0.13,16.64
2024,16,Hambantota,29.67,83.21,9,17.8
2024,16,Jaffna,29.64,82.19,0.1,16.64
2024,16,Kalmunai,29.26,81.29,1.9,16.03
2024,16,Kalutara,29.64,82.17,0.45,16.64
2024,16,Kandy,25.96,75.54,13.6,7.46
2024,16,Kegalle,29.63,82.17,0.35,16.64
2024,16,Kilinochchi,30.46,76.64,1.7,15.37
2024,16,Kurunegala,29.66,82.07,0.4,16.64
2024,16,Mannar,30.23,81.06,4.9,24.3
2024,16,Matale,28.19,80.09,15,8.79
2024,16,Matara,29.3,85.57,3.58,25.31
2024,16,Monaragala,27.26,83.03,8,8.29
2024,16,Mullaitivu,30.03,78.26,1.7,15.74
2024,16,Nuwara Eliya,23.31,79.9,17.8,5.29
2024,16,Polonnaruwa,30.7,76.8,2.8,10.66
2024,16,Puttalam,30.66,78.06,4.9,15.57
2024,16,Ratnapura,25.59,88.34,31.5,6.63
2024,16,Trincomalee,29.74,78.8,4.9,19.39
2024,16,Vavuniya,30.74,76.37,3.4,9.7
2024,17,Ampara,29.39,79.63,7.9,12.14
2024,17,Anuradhapura,30.83,74.17,4.8,8.9
2024,17,Badulla,24.9,79.11,17.3,9.53
2024,17,Batticaloa,29.57,78.89,6,15.89
2024,17,Colombo,29.33,84.19,3.4,14.54
2024,17,Galle,28.56,83.44,21,28.33
2024,17,Gampaha,29.31,84.17,3.5,14.54
2024,17,Hambantota,29.66,82.83,21,15.87
2024,17,Jaffna,29.33,84.19,3.4,14.54
2024,17,Kalmunai,29.19,80.09,7.4,14.93
2024,17,Kalutara,29.29,84.23,2.4,14.54
2024,17,Kandy,26.04,69.9,10,9.16
2024,17,Kegalle,29.3,84.13,2.4,14.54
2024,17,Kilinochchi,30.17,77.99,0.7,19.19
2024,17,Kurunegala,29.36,83.71,2.6,14.54
2024,17,Mannar,30.73,77.64,2.4,18.71
2024,17,Matale,28.27,79.3,32.5,7.81
2024,17,Matara,29.14,85.51,29.1,18.24
2024,17,Monaragala,26.91,83.96,21.3,8.69
2024,17,Mullaitivu,29.83,78.86,0.9,17.94
2024,17,Nuwara Eliya,23.29,76.11,27.9,6.74
2024,17,Polonnaruwa,30.79,75.17,0.9,10.03
2024,17,Puttalam,30.9,75.69,5.8,11.97
2024,17,Ratnapura,25.2,89.31,91.2,5.36
2024,17,Trincomalee,29.71,78.19,1.1,17.69
2024,17,Vavuniya,30.91,73.99,1.7,9.01
2024,18,Ampara,30.4,77.24,3.1,16.71
2024,18,Anuradhapura,31.11,75.53,0.9,13.89
2024,18,Badulla,26.36,74.89,3.3,7.81
2024,18,Batticaloa,30.24,79.91,1.9,23.3
2024,18,Colombo,30.01,82.93,5.4,18.11
2024,18,Galle,28.99,83.47,23.4,29.59
2024,18,Gampaha,29.93,83.27,5,17.2
2024,18,Hambantota,29.97,82.21,4.4,22.64
2024,18,Jaffna,30.01,82.93,5.4,18.11
2024,18,Kalmunai,29.99,79.7,2.2,20.71
2024,18,Kalutara,29.91,83.07,2.5,17.4
2024,18,Kandy,27,72.93,2.9,7.4
2024,18,Kegalle,29.83,83.26,2,16.79
2024,18,Kilinochchi,31.7,74.4,0.9,18.11
2024,18,Kurunegala,30,82.61,2.4,17.04
2024,18,Mannar,31.14,79.91,1,32.66
2024,18,Matale,28.43,82.27,13.3,11.3
2024,18,Matara,29.74,84.76,5.3,24.01
2024,18,Monaragala,27.97,80.5,5.7,11.97
2024,18,Mullaitivu,31.1,75.97,2,15.53
2024,18,Nuwara Eliya,23.96,79.83,9.1,5.46
2024,18,Polonnaruwa,31.73,72.13,0.5,10.73
2024,18,Puttalam,31.04,77.81,2.7,20.47
2024,18,Ratnapura,25.67,90.43,34,7.56
2024,18,Trincomalee,30.91,75.89,2.6,20.69
2024,18,Vavuniya,31.43,74.69,1.2,13.21
2024,19,Ampara,28.64,82.93,56.1,11.41
2024,19,Anuradhapura,28.86,85.1,37.3,10.21
2024,19,Badulla,24.43,82.9,87.5,6.64
2024,19,Batticaloa,29.2,81.77,19.4,17.53
2024,19,Colombo,28.69,84.01,8.8,16.01
2024,19,Galle,28.04,86.03,107.7,24.07
2024,19,Gampaha,28.63,84.11,7.3,15.71
2024,19,Hambantota,28.9,85.77,19,22.23
2024,19,Jaffna,28.69,84.01,8.8,16.01
2024,19,Kalmunai,28.79,82.64,29.5,15.56
2024,19,Kalutara,28.64,84.11,30.77,16.23
2024,19,Kandy,24.7,82.19,89.2,6.69
2024,19,Kegalle,28.51,84.09,4.6,15.61
2024,19,Kilinochchi,29.91,78.73,21.3,14.19
2024,19,Kurunegala,28.54,83.99,7.4,15.61
2024,19,Mannar,29.97,81.34,77.2,21.19
2024,19,Matale,26.66,86.8,95.9,8.11
2024,19,Matara,28.47,87.63,52.35,17.29
2024,19,Monaragala,26.6,85.19,66.2,7.79
2024,19,Mullaitivu,29.41,80.51,22.6,12.66
2024,19,Nuwara Eliya,22.16,86.59,117.9,4.43
2024,19,Polonnaruwa,29.16,83.93,33.4,10.43
2024,19,Puttalam,29.11,85.19,38.1,13.63
2024,19,Ratnapura,24.61,91.49,212.4,7.14
2024,19,Trincomalee,29.39,79.99,24.1,16.34
2024,19,Vavuniya,29.04,84.77,33.3,10.74
2024,20,Ampara,27.9,87.44,78.8,11.1
2024,20,Anuradhapura,27.29,90.73,348.1,12.69
2024,20,Badulla,23.49,89.97,165.2,7
2024,20,Batticaloa,28.44,83.07,61.8,15.27
2024,20,Colombo,27.09,89.94,27.1,16.69
2024,20,Galle,27.73,87.69,218.5,32.03
2024,20,Gampaha,27.01,90.14,19.08,16.69
2024,20,Hambantota,28.1,89.73,29.1,23
2024,20,Jaffna,27.09,89.94,27.1,16.69
2024,20,Kalmunai,28.04,84.47,59.9,12.91
2024,20,Kalutara,27.04,89.99,19.13,16.69
2024,20,Kandy,23.3,90.97,189.23,7.56
2024,20,Kegalle,26.89,90.34,29.76,16.69
2024,20,Kilinochchi,28.24,86.57,96.7,15.1
2024,20,Kurunegala,26.89,90.31,29.78,16.69
2024,20,Mannar,28.57,85.06,127.2,21.36
2024,20,Matale,25.39,90.91,119.2,11.47
2024,20,Matara,27.79,91.29,45.89,24.5
2024,20,Monaragala,25.64,90.3,66.5,11.06
2024,20,Mullaitivu,27.86,88.07,101.8,14.41
2024,20,Nuwara Eliya,21.19,93.2,173.65,7.33
2024,20,Polonnaruwa,27.67,89.81,144.1,11.76
2024,20,Puttalam,27.83,89.84,365.5,16.81
2024,20,Ratnapura,23.87,92.93,77.3,8.97
2024,20,Trincomalee,27.94,85.79,137.2,16.13
2024,20,Vavuniya,27.5,90.63,125.9,12.14
2024,21,Ampara,29.04,78.43,13.31,17.89
2024,21,Anuradhapura,27.7,77.23,45.5,25.2
2024,21,Badulla,24,85.29,63.22,14.44
2024,21,Batticaloa,29.44,77.96,6.4,16
2024,21,Colombo,28.21,86.6,15.52,33.36
2024,21,Galle,27.73,88.46,143.6,38.16
2024,21,Gampaha,28.17,86.97,14.38,29.51
2024,21,Hambantota,28,90.19,12.4,41.84
2024,21,Jaffna,28.21,86.6,15.52,33.36
2024,21,Kalmunai,29.11,79.24,7.8,16.04
2024,21,Kalutara,28.14,87.1,35.3,31.11
2024,21,Kandy,23.36,88.11,86.24,21.97
2024,21,Kegalle,27.87,87.4,25.02,29.37
2024,21,Kilinochchi,29.31,82.49,29.1,32.26
2024,21,Kurunegala,27.73,87.44,27.02,29.37
2024,21,Mannar,29.87,80.36,49.2,46.96
2024,21,Matale,25.1,91.21,78.65,25.63
2024,21,Matara,27.86,91.17,23.16,33.19
2024,21,Monaragala,26.53,81.67,21.35,21.04
2024,21,Mullaitivu,29.09,81.49,16.3,31.73
2024,21,Nuwara Eliya,21.2,90.83,176.26,20.94
2024,21,Polonnaruwa,28.11,75.5,14.7,24.84
2024,21,Puttalam,28.11,77.57,55.8,34.67
2024,21,Ratnapura,24.17,92.4,328.8,16.34
2024,21,Trincomalee,28.96,79.09,8.8,33.83
2024,21,Vavuniya,28.03,75.63,14.8,24.43
2024,22,Ampara,29.89,76.53,3.82,12.14
2024,22,Anuradhapura,28.9,87.97,4.16,21.6
2024,22,Badulla,22.13,91.34,16.13,14.69
2024,22,Batticaloa,29.89,79.33,5.6,16.33
2024,22,Colombo,28.47,81.19,82.34,17.76
2024,22,Galle,27.6,91.3,65.47,36.69
2024,22,Gampaha,28.41,85.07,161.23,17.77
2024,22,Hambantota,28.87,84.8,2.42,31.01
2024,22,Jaffna,28.47,81.19,82.34,17.76
2024,22,Kalmunai,30.16,76.07,3.71,12.34
2024,22,Kalutara,28.2,84.91,135.18,17.83
2024,22,Kandy,22.29,93.61,64.92,14.29
2024,22,Kegalle,26.43,88.27,112.55,17.93
2024,22,Kilinochchi,30.01,84.14,23,24.23
2024,22,Kurunegala,26.01,89.07,128.41,19.27
2024,22,Mannar,29.86,83.17,41.29,28.47
2024,22,Matale,22.41,92.77,54.31,18.3
2024,22,Matara,28.61,87.17,52.95,28.64
2024,22,Monaragala,26.11,81.24,27.8,13.53
2024,22,Mullaitivu,29.97,79.19,28.6,24.19
2024,22,Nuwara Eliya,19.9,95.89,86.28,16.37
2024,22,Polonnaruwa,29.16,84.67,21.24,19.96
2024,22,Puttalam,29.21,87.21,64.09,27.16
2024,22,Ratnapura,25.24,94.77,253.27,11.8
2024,22,Trincomalee,29.83,77.36,45.9,25.76
2024,22,Vavuniya,29.47,83.46,19.3,23.84
2024,23,Ampara,29.01,77.49,0.39,18.21
2024,23,Anuradhapura,28.3,84.96,2.24,21.16
2024,23,Badulla,22.17,89.89,0.36,13.64
2024,23,Batticaloa,29.6,77.9,4.7,19.44
2024,23,Colombo,28.3,80.91,26.49,22.91
2024,23,Galle,27.17,88.3,25.9,35.31
2024,23,Gampaha,28.2,84.07,21.46,22.91
2024,23,Hambantota,27.99,89.39,33.8,32.04
2024,23,Jaffna,28.3,80.91,26.49,22.91
2024,23,Kalmunai,29.29,77.1,0.47,19.24
2024,23,Kalutara,28.1,83.97,30.88,21.81
2024,23,Kandy,22.5,90.91,7.52,13.14
2024,23,Kegalle,26.36,86.84,34.73,21.41
2024,23,Kilinochchi,29.2,83.04,2.54,28.76
2024,23,Kurunegala,25.84,87.61,60.14,22.83
2024,23,Mannar,29.09,82.64,11.48,39.81
2024,23,Matale,22.67,90.34,16.27,18.21
2024,23,Matara,27.54,89.84,53.02,28.06
2024,23,Monaragala,25.31,82.94,4.87,17.16
2024,23,Mullaitivu,29.46,77.17,2.1,25.04
2024,23,Nuwara Eliya,19.64,94.29,7.05,15.06
2024,23,Polonnaruwa,28.57,82.5,3.18,15.67
2024,23,Puttalam,28.43,86.31,9.5,26.59
2024,23,Ratnapura,25.43,92.13,29.4,12.23
2024,23,Trincomalee,29.49,75.27,4.8,19.54
2024,23,Vavuniya,28.64,83.14,0.7,22.29
2024,24,Ampara,30.2,71.24,0,15.83
2024,24,Anuradhapura,29.01,82.83,0,21.34
2024,24,Badulla,21.44,84.27,0.1,16.6
2024,24,Batticaloa,29.97,75.09,0.8,12.01
2024,24,Colombo,28.6,78.86,10.15,16.74
2024,24,Galle,27.63,87.01,22,25.74
2024,24,Gampaha,28.46,83.23,16.52,18.7
2024,24,Hambantota,29.17,82.23,2,31.79
2024,24,Jaffna,28.6,78.86,10.15,16.74
2024,24,Kalmunai,30.34,71.94,0,15.47
2024,24,Kalutara,28.41,82.19,26.18,16.84
2024,24,Kandy,21.9,85.99,6.74,16.23
2024,24,Kegalle,26.34,84.11,9.08,17.74
2024,24,Kilinochchi,29.7,81.41,0,27.03
2024,24,Kurunegala,25.76,84.89,12.43,19.64
2024,24,Mannar,29.54,80.87,0.1,33.96
2024,24,Matale,21.43,85.57,5.74,19.04
2024,24,Matara,28.57,84.31,18.36,27.63
2024,24,Monaragala,25.79,75.73,0,15.14
2024,24,Mullaitivu,30.07,72.87,0.1,25.84
2024,24,Nuwara Eliya,18.96,88.43,0.72,18.5
2024,24,Polonnaruwa,29.14,80.13,1.16,19.03
2024,24,Puttalam,29.14,83.44,2.5,26.03
2024,24,Ratnapura,26.54,87.69,18.1,11.67
2024,24,Trincomalee,29.99,71.61,0.4,26.69
2024,24,Vavuniya,29.3,80.37,0,21.4
2024,25,Ampara,30.51,66.89,2.54,13.03
2024,25,Anuradhapura,28.61,83.43,2.27,24.6
2024,25,Badulla,21.07,89.64,0.49,24.33
2024,25,Batticaloa,30.09,71.16,5.5,15.11
2024,25,Colombo,28.33,78.94,60.63,20.36
2024,25,Galle,27.09,89.99,41.76,31.66
2024,25,Gampaha,28.21,82.59,47.81,21.76
2024,25,Hambantota,28.8,80.6,2.8,38.4
2024,25,Jaffna,28.33,78.94,60.63,20.36
2024,25,Kalmunai,30.61,67.21,0.49,11.94
2024,25,Kalutara,28.07,82.4,53.08,19.9
2024,25,Kandy,21.27,91.94,45.89,22.69
2024,25,Kegalle,25.84,85.99,38.43,20.16
2024,25,Kilinochchi,29.57,80.36,0.2,30.11
2024,25,Kurunegala,25.36,86.63,36,24.77
2024,25,Mannar,29.54,78.56,0.2,32.39
2024,25,Matale,20.8,92.93,37.73,27.46
2024,25,Matara,28.5,82.14,33.69,32.34
2024,25,Monaragala,25.97,74.09,6.24,17.04
2024,25,Mullaitivu,29.77,72.73,0.9,27.91
2024,25,Nuwara Eliya,18.64,94.3,17.55,27.33
2024,25,Polonnaruwa,28.84,80.81,8.72,23.19
2024,25,Puttalam,28.69,84.27,17.4,30.39
2024,25,Ratnapura,25.43,91.79,6.21,12.79
2024,25,Trincomalee,29.59,72.16,2,30.86
2024,25,Vavuniya,29.1,79.99,0.4,24.24
2024,26,Ampara,29.76,69.89,0.9,14.81
2024,26,Anuradhapura,28.76,81.4,1.62,22.84
2024,26,Badulla,20.99,87.81,5.76,20.96
2024,26,Batticaloa,30.13,69.69,2.4,21.66
2024,26,Colombo,27.8,80.81,134.92,16.17
2024,26,Galle,27.14,87.91,22.6,25.99
2024,26,Gampaha,27.77,83.89,100.62,16.96
2024,26,Hambantota,28.3,82.6,1.5,31.26
2024,26,Jaffna,27.8,80.81,134.92,16.17
2024,26,Kalmunai,29.91,69.66,0,15.07
2024,26,Kalutara,27.63,83.49,111.72,15.57
2024,26,Kandy,21.34,89.47,26.44,19.59
2024,26,Kegalle,25.64,86.14,92.94,16.79
2024,26,Kilinochchi,29.64,79.44,0,28.59
2024,26,Kurunegala,25.07,87.17,110.05,22
2024,26,Mannar,29.27,79.44,0.3,39.54
2024,26,Matale,20.93,89.97,29.21,23.31
2024,26,Matara,27.96,84.33,18.33,26.47
2024,26,Monaragala,25.33,76.97,9,16.01
2024,26,Mullaitivu,30.11,70.66,0.4,27.01
2024,26,Nuwara Eliya,18.27,93.9,24.78,24.16
2024,26,Polonnaruwa,29.04,78.36,6.07,21.3
2024,26,Puttalam,28.77,83.21,14.4,26.86
2024,26,Ratnapura,25.67,88.99,22.61,12.21
2024,26,Trincomalee,30.01,69.93,8,27.36
2024,26,Vavuniya,29.26,78.27,0,24.17
2024,27,Ampara,29.23,75.97,17.14,18.06
2024,27,Anuradhapura,29.06,80.64,0.3,21.86
2024,27,Badulla,21.21,89.77,93.38,18.39
2024,27,Batticaloa,29.43,78.77,8.8,15.63
2024,27,Colombo,27.76,82.86,63.29,13.67
2024,27,Galle,27.3,88.96,177.23,24.84
2024,27,Gampaha,27.7,85.96,51.29,15.07
2024,27,Hambantota,28.87,80.71,18.93,27.67
2024,27,Jaffna,27.76,82.86,63.29,13.67
2024,27,Kalmunai,29.44,75.97,9.59,18.1
2024,27,Kalutara,27.54,85.6,122.81,14.01
2024,27,Kandy,21.77,89.91,91.35,17.1
2024,27,Kegalle,25.77,87.61,56.81,13.99
2024,27,Kilinochchi,29.69,80.84,0.2,24.26
2024,27,Kurunegala,25.19,88.34,37.04,18.56
2024,27,Mannar,29.5,80.03,1.7,34.6
2024,27,Matale,21.61,89.5,27.39,20.77
2024,27,Matara,28.41,83.19,106.5,27.01
2024,27,Monaragala,25.3,80.13,46.56,17.23
2024,27,Mullaitivu,30.06,73.13,0.9,23.44
2024,27,Nuwara Eliya,19.1,92.73,69.61,20.34
2024,27,Polonnaruwa,29.4,77.03,6.48,21.4
2024,27,Puttalam,29.2,81.51,8.4,26.01
2024,27,Ratnapura,25.36,91.09,98.31,12.56
2024,27,Trincomalee,30.06,70.47,5.8,26.37
2024,27,Vavuniya,29.5,77.94,0,21.17
2024,28,Ampara,30.04,70.46,3.38,11.44
2024,28,Anuradhapura,28.79,80.06,8.3,22.73
2024,28,Badulla,21.76,84.6,4.81,22.77
2024,28,Batticaloa,30.23,69.49,0.8,18.67
2024,28,Colombo,28.06,80.66,16.3,18.3
2024,28,Galle,27.67,85.94,18.69,28.76
2024,28,Gampaha,27.94,84,21.26,16.79
2024,28,Hambantota,28.96,77.4,5.8,29.71
2024,28,Jaffna,28.06,80.66,16.3,18.3
2024,28,Kalmunai,30.31,68.66,2.56,12.4
2024,28,Kalutara,27.9,82.96,23.11,16.66
2024,28,Kandy,21.94,86.97,11.34,21.43
2024,28,Kegalle,26.09,85.54,24.23,16.63
2024,28,Kilinochchi,29.7,78.74,0.9,25.16
2024,28,Kurunegala,25.54,86.47,38.04,21.74
2024,28,Mannar,29.43,77.87,0.3,36.73
2024,28,Matale,21.96,88.41,10.84,25.61
2024,28,Matara,28.6,80.16,16.09,28.79
2024,28,Monaragala,25.9,75.36,7.56,15.29
2024,28,Mullaitivu,30.1,71.93,1.3,26.06
2024,28,Nuwara Eliya,19.03,91.04,10.62,26.34
2024,28,Polonnaruwa,29.14,76.34,4.28,22.6
2024,28,Puttalam,28.97,81.7,8.1,27.97
2024,28,Ratnapura,25.49,87.69,11.95,13.96
2024,28,Trincomalee,30.06,69.31,2.6,26.79
2024,28,Vavuniya,29.4,76.93,0.7,24.73
2024,29,Ampara,30.46,62.8,0.02,13.67
2024,29,Anuradhapura,29.03,76.54,1.9,24.89
2024,29,Badulla,22.19,78.13,22.11,28.56
2024,29,Batticaloa,30.9,61.29,0.4,23.24
2024,29,Colombo,28.39,78.59,11.49,13.1
2024,29,Galle,27.54,81.67,37.5,29.14
2024,29,Gampaha,28.34,81.39,11.54,13.6
2024,29,Hambantota,28.6,74.91,2.3,31.11
2024,29,Jaffna,28.39,78.59,11.49,13.1
2024,29,Kalmunai,30.56,63.26,0.1,16.97
2024,29,Kalutara,28.33,80.16,24.02,13.21
2024,29,Kandy,22.33,81.51,31.31,27.74
2024,29,Kegalle,26.77,81.51,17.29,15.81
2024,29,Kilinochchi,29.83,75.39,1,31.1
2024,29,Kurunegala,26.03,83.33,8.18,23.01
2024,29,Mannar,29.3,78.01,1.2,40.79
2024,29,Matale,22.11,84.94,7.94,32.91
2024,29,Matara,28.41,78.5,14.67,31.26
2024,29,Monaragala,26.16,70.8,0.33,19.33
2024,29,Mullaitivu,30.24,67.54,2.6,28.69
2024,29,Nuwara Eliya,19.13,86.83,23.23,34.49
2024,29,Polonnaruwa,29.44,72.31,1.65,26.59
2024,29,Puttalam,28.99,79.57,3.7,28.39
2024,29,Ratnapura,26.51,81.06,35.6,13.49
2024,29,Trincomalee,30.21,66.79,0.4,30.44
2024,29,Vavuniya,29.6,73.26,4.2,25.97
2024,30,Ampara,30.67,65.79,0.36,14.7
2024,30,Anuradhapura,29.63,76.39,0,23.83
2024,30,Badulla,22.04,81.27,6.95,27.04
2024,30,Batticaloa,30.79,67.14,0,21.04
2024,30,Colombo,28.96,77.03,13.9,16.16
2024,30,Galle,27.76,82.99,101.26,29.9
2024,30,Gampaha,28.94,80.94,23.24,17.51
2024,30,Hambantota,29.71,74.9,0.8,32.93
2024,30,Jaffna,28.96,77.03,13.9,16.16
2024,30,Kalmunai,30.6,67.47,0.1,15.43
2024,30,Kalutara,28.94,79.09,22.36,15.49
2024,30,Kandy,22.16,85.27,33.49,25.19
2024,30,Kegalle,26.96,82.17,31.21,17.81
2024,30,Kilinochchi,30.09,77.19,0,27.07
2024,30,Kurunegala,26.2,84.53,21.29,23.8
2024,30,Mannar,29.56,78.23,0,38.99
2024,30,Matale,21.59,88.43,13.01,30.06
2024,30,Matara,29.27,77,39.94,32.93
2024,30,Monaragala,26.04,73.94,5.18,19.36
2024,30,Mullaitivu,30.57,68.34,0.8,24.96
2024,30,Nuwara Eliya,18.99,91.13,39.28,30
2024,30,Polonnaruwa,29.93,73.56,1.8,24.73
2024,30,Puttalam,29.41,79.93,0.8,29.89
2024,30,Ratnapura,27.4,81.07,53.1,14.61
2024,30,Trincomalee,30.67,67.07,1,27.26
2024,30,Vavuniya,30.01,74.36,0,23.44
2024,31,Ampara,29.93,68.5,7.05,12.97
2024,31,Anuradhapura,29.21,76.57,1.74,20.21
2024,31,Badulla,21.71,85.89,21.32,19.47
2024,31,Batticaloa,30.06,70.59,6.8,17.24
2024,31,Colombo,28.7,76.33,59.63,14.86
2024,31,Galle,26.81,88.2,106.4,28.47
2024,31,Gampaha,28.53,81.54,49.9,16.14
2024,31,Hambantota,29.51,74.83,2.41,29.99
2024,31,Jaffna,28.7,76.33,59.63,14.86
2024,31,Kalmunai,29.93,69.57,5.05,14.31
2024,31,Kalutara,28.54,80.24,60.16,14.13
2024,31,Kandy,21.81,89.56,37.41,19.21
2024,31,Kegalle,26.61,84.04,62.23,14.97
2024,31,Kilinochchi,29.84,76.73,2.35,23.97
2024,31,Kurunegala,25.89,86,96.96,19.41
2024,31,Mannar,29.29,77.76,0.95,30.66
2024,31,Matale,21.53,89.77,42.54,23.5
2024,31,Matara,28.73,77.47,82.2,29.41
2024,31,Monaragala,25.8,75.44,19.66,14.07
2024,31,Mullaitivu,29.71,72.4,15,22.94
2024,31,Nuwara Eliya,19.11,93.23,31.13,21.49
2024,31,Polonnaruwa,29.49,74.49,12.47,21.7
2024,31,Puttalam,28.97,79.99,2,25
2024,31,Ratnapura,26.66,87.84,0.41,11.43
2024,31,Trincomalee,29.86,70.39,34.9,25.24
2024,31,Vavuniya,29.53,75.1,8,19.04
2024,32,Ampara,29.21,75.01,17.84,13.53
2024,32,Anuradhapura,28.29,83.29,39.44,16.27
2024,32,Badulla,21.43,82.79,39.03,15.9
2024,32,Batticaloa,28.87,77.91,17.5,17.53
2024,32,Colombo,28.76,76.83,7.61,16.83
2024,32,Galle,27.17,86.64,29.88,25.57
2024,32,Gampaha,28.51,81.37,13.53,16.63
2024,32,Hambantota,28.96,76.21,1.91,28.07
2024,32,Jaffna,28.76,76.83,7.61,16.83
2024,32,Kalmunai,28.99,76,13.78,16.3
2024,32,Kalutara,28.6,79.66,7.47,16.69
2024,32,Kandy,21.53,85.17,14.6,15.07
2024,32,Kegalle,26.63,82.73,25.83,15.97
2024,32,Kilinochchi,29.4,79.03,9.66,15.96
2024,32,Kurunegala,25.44,84.97,29.88,17.43
2024,32,Mannar,29.24,78.89,8.55,24.13
2024,32,Matale,21.5,85.01,40.14,17.86
2024,32,Matara,28.81,77.6,21.75,25.64
2024,32,Monaragala,25.67,77.2,49.48,13.47
2024,32,Mullaitivu,28.33,81.6,38.9,15.69
2024,32,Nuwara Eliya,19.27,87.71,20.05,17.49
2024,32,Polonnaruwa,29.11,77.53,12.12,17.27
2024,32,Puttalam,28.29,85.13,16.5,21.79
2024,32,Ratnapura,26.33,85.66,28.8,13.14
2024,32,Trincomalee,28.74,76.93,51.6,19.07
2024,32,Vavuniya,28.67,81.27,31.8,14.94
2024,33,Ampara,29.09,75.57,7.9,17.27
2024,33,Anuradhapura,27.96,70.84,10.7,18.53
2024,33,Badulla,21.54,91.01,29,11.57
2024,33,Batticaloa,28.84,79.23,17.8,19.79
2024,33,Colombo,27.89,83.61,6.1,18.33
2024,33,Galle,26.57,90.7,45.3,29.37
2024,33,Gampaha,27.71,88.1,8.1,18.5
2024,33,Hambantota,27.84,86.99,19.4,29.37
2024,33,Jaffna,27.89,83.61,6.1,18.33
2024,33,Kalmunai,28.87,76.5,7.4,18.11
2024,33,Kalutara,27.76,85.89,1.9,18.21
2024,33,Kandy,21.71,91.23,19.7,11.26
2024,33,Kegalle,26.21,89.04,10.3,18.16
2024,33,Kilinochchi,29.23,80.64,4,20.51
2024,33,Kurunegala,25.43,91.27,20.6,19.46
2024,33,Mannar,29,80.86,7.6,29.13
2024,33,Matale,22.03,91.19,24.4,16.93
2024,33,Matara,27.63,87.9,19.9,25.07
2024,33,Monaragala,25.79,81.36,13.8,15.27
2024,33,Mullaitivu,28.91,77.96,7.3,19.23
2024,33,Nuwara Eliya,19.87,93.51,39.4,12.74
2024,33,Polonnaruwa,28.73,67.07,8.3,16.04
2024,33,Puttalam,28,71.79,42.6,23.87
2024,33,Ratnapura,25.76,90.6,26.4,17.39
2024,33,Trincomalee,28.7,78.13,20.5,16.83
2024,33,Vavuniya,28.43,72.96,13.9,18.06
2024,34,Ampara,29.03,71.83,6.2,18.26
2024,34,Anuradhapura,28,67.03,1.2,21.14
2024,34,Badulla,20.93,85.06,4.2,15.86
2024,34,Batticaloa,28.9,76.8,5.6,20.41
2024,34,Colombo,27.64,80.4,5.27,17.96
2024,34,Galle,27.39,84.91,56.6,25.14
2024,34,Gampaha,27.7,84.43,2.98,19.34
2024,34,Hambantota,27.61,85.44,11.7,26.01
2024,34,Jaffna,27.64,80.4,5.27,17.96
2024,34,Kalmunai,29,72.89,4.6,21.24
2024,34,Kalutara,27.69,82.83,11.39,17.7
2024,34,Kandy,21.4,86.03,3.01,14.8
2024,34,Kegalle,26.04,84.77,0.29,18.57
2024,34,Kilinochchi,28.99,79.13,0.4,27.86
2024,34,Kurunegala,25.14,86.19,0.21,21.19
2024,34,Mannar,28.94,78.01,2.6,36.1
2024,34,Matale,21.23,85.06,3.8,19.24
2024,34,Matara,27.4,85.96,41.53,25.86
2024,34,Monaragala,25.16,76.99,1.58,17.13
2024,34,Mullaitivu,28.96,74.27,4.5,24.01
2024,34,Nuwara Eliya,18.9,87.73,6.7,17.5
2024,34,Polonnaruwa,28.56,64.1,3.09,17.34
2024,34,Puttalam,28.24,68.1,13.3,24.79
2024,34,Ratnapura,26.21,85.87,22.57,12.16
2024,34,Trincomalee,29.01,72.77,11.2,21.81
2024,34,Vavuniya,28.37,70.49,1.4,22.09
2024,35,Ampara,29.5,68.91,4.42,16.3
2024,35,Anuradhapura,28.67,75.19,0.54,21.96
2024,35,Badulla,20.74,85.73,4.46,21.73
2024,35,Batticaloa,29.67,71.93,3.4,11.99
2024,35,Colombo,28.6,75.03,29.45,20.06
2024,35,Galle,27.16,87.61,75.62,25.24
2024,35,Gampaha,28.47,81.4,33.3,19.83
2024,35,Hambantota,27.91,83.27,39.3,29.21
2024,35,Jaffna,28.6,75.03,29.45,20.06
2024,35,Kalmunai,29.61,69.66,2.67,15.23
2024,35,Kalutara,28.46,79.41,38.42,20.07
2024,35,Kandy,21.03,88.33,41.46,20.34
2024,35,Kegalle,26.06,83.51,47.87,19.71
2024,35,Kilinochchi,29.3,80.17,0.7,26.31
2024,35,Kurunegala,25.17,85.81,68.64,21.36
2024,35,Mannar,29.17,78.63,1.2,33.5
2024,35,Matale,20.39,88.56,42.85,24.21
2024,35,Matara,27.73,84.9,98.06,27.5
2024,35,Monaragala,25.14,74.57,7.1,16.83
2024,35,Mullaitivu,29.49,72.96,2.8,26.79
2024,35,Nuwara Eliya,18.37,90.46,36.78,24.71
2024,35,Polonnaruwa,29.01,72.34,7.73,22.99
2024,35,Puttalam,28.93,76.07,10,28.34
2024,35,Ratnapura,25.96,87.51,1.31,16.04
2024,35,Trincomalee,29.47,71.27,1.6,28.94
2024,35,Vavuniya,29.26,75.6,0.1,22.27
2024,36,Ampara,30.21,65.44,3.06,16.56
2024,36,Anuradhapura,28.71,79.24,0.23,23.84
2024,36,Badulla,20.9,86.93,2.52,21.97
2024,36,Batticaloa,30.13,69.69,0.6,13.49
2024,36,Colombo,28.41,78.51,32.83,19
2024,36,Galle,27.3,89.29,11.42,25.96
2024,36,Gampaha,28.37,84.13,29.74,18.69
2024,36,Hambantota,28.74,79.49,4.5,30.4
2024,36,Jaffna,28.41,78.51,32.83,19
2024,36,Kalmunai,30.24,66.84,1.98,15.49
2024,36,Kalutara,28.36,82.01,30.85,18.81
2024,36,Kandy,20.89,91.44,17.65,20.61
2024,36,Kegalle,26.07,86.61,33.97,18.83
2024,36,Kilinochchi,29.66,79.61,0.4,26.3
2024,36,Kurunegala,25.31,88.89,50.75,21.06
2024,36,Mannar,29.27,79.1,0.01,35.31
2024,36,Matale,20.41,92.24,21.19,24.26
2024,36,Matara,28.53,81.19,12.82,27.87
2024,36,Monaragala,25.47,73.33,4.11,18.39
2024,36,Mullaitivu,29.79,71.8,2.2,25.97
2024,36,Nuwara Eliya,18.1,94.2,5.55,24.21
2024,36,Polonnaruwa,29.07,76.44,2.89,23.47
2024,36,Puttalam,28.96,80.59,4.4,29.07
2024,36,Ratnapura,25.89,90.61,31.8,15.37
2024,36,Trincomalee,29.66,70.57,0.2,29.37
2024,36,Vavuniya,29.23,76.91,1.9,22.41
2024,37,Ampara,30.71,63.74,9.67,15.07
2024,37,Anuradhapura,29.33,74.84,1.3,22.77
2024,37,Badulla,22.91,77.8,0.21,18.8
2024,37,Batticaloa,30.23,68.96,1.3,13.36
2024,37,Colombo,28.64,78.7,1.26,16.41
2024,37,Galle,27.51,86.56,16.9,23.4
2024,37,Gampaha,28.43,84.47,2.67,18.23
2024,37,Hambantota,28.81,76.47,1.6,30.14
2024,37,Jaffna,28.64,78.7,1.26,16.41
2024,37,Kalmunai,30.24,67.39,5.9,15.8
2024,37,Kalutara,28.6,81.09,2.58,15.29
2024,37,Kandy,22.34,85.86,16.25,19.3
2024,37,Kegalle,26.9,85.19,9.03,17.03
2024,37,Kilinochchi,30,76.3,0,27.51
2024,37,Kurunegala,26.06,88.24,9.3,20.47
2024,37,Mannar,29.29,79.09,0.2,37.86
2024,37,Matale,22.46,87.27,16.94,22.96
2024,37,Matara,28.7,78.96,8.34,29.93
2024,37,Monaragala,26.76,70.43,8.74,17.16
2024,37,Mullaitivu,30,71.09,0.1,25.51
2024,37,Nuwara Eliya,19.57,89.84,6.63,21.67
2024,37,Polonnaruwa,29.91,71.17,1.93,24.03
2024,37,Puttalam,29.33,77.51,3.5,27.87
2024,37,Ratnapura,26.77,85.97,10.4,13.2
2024,37,Trincomalee,30.2,68.09,0.1,28.01
2024,37,Vavuniya,29.76,74.04,0.3,23.09
2024,38,Ampara,31.09,57.6,2.8,11.47
2024,38,Anuradhapura,29.27,75.8,0.1,22.37
2024,38,Badulla,26.16,60.03,0.6,12.4
2024,38,Batticaloa,30.01,65.27,0.1,14.81
2024,38,Colombo,29.69,77.39,0,21.96
2024,38,Galle,27.47,84.04,28.1,27.91
2024,38,Gampaha,29.33,80.69,0,22.36
2024,38,Hambantota,29.1,75.73,2.9,31.47
2024,38,Jaffna,29.69,77.39,0,21.96
2024,38,Kalmunai,29.9,66.77,0.2,12.9
2024,38,Kalutara,29.7,77.47,0.29,21.96
2024,38,Kandy,24.03,75.96,1.2,20.17
2024,38,Kegalle,29.29,80.16,0,22.19
2024,38,Kilinochchi,29.81,72.57,0,27.56
2024,38,Kurunegala,29.07,82.27,0,22.77
2024,38,Mannar,29.01,79.3,0.2,40.89
2024,38,Matale,26.06,80.63,10.9,21.97
2024,38,Matara,28.97,76.5,8.29,31.01
2024,38,Monaragala,28.27,65.66,9.1,15.89
2024,38,Mullaitivu,29.64,70.97,0.2,25.56
2024,38,Nuwara Eliya,21.37,81.97,11.1,17.47
2024,38,Polonnaruwa,29.59,73.16,0,21.8
2024,38,Puttalam,29.43,76.74,0.8,27.6
2024,38,Ratnapura,27.29,80.83,6.58,13.3
2024,38,Trincomalee,29.91,66.59,0.3,28.84
2024,38,Vavuniya,29.6,74.59,0.1,21.49
2024,39,Ampara,29.59,70.79,19.3,13.66
2024,39,Anuradhapura,29.21,77.43,2.5,17.86
2024,39,Badulla,25.17,71.41,14.1,11.77
2024,39,Batticaloa,28.79,77.33,20.5,18.54
2024,39,Colombo,28.67,83.36,2.4,16.39
2024,39,Galle,27.3,86.07,32.7,23.2
2024,39,Gampaha,28.41,85.66,3.51,15.89
2024,39,Hambantota,28.81,79.26,7.8,26.64
2024,39,Jaffna,28.67,83.36,2.4,16.39
2024,39,Kalmunai,28.79,76.7,21.6,17.57
2024,39,Kalutara,28.63,83.36,1.7,16
2024,39,Kandy,24.17,80.14,31.7,15.46
2024,39,Kegalle,28.4,85.19,8.63,15.69
2024,39,Kilinochchi,29.24,76.94,4.6,20.93
2024,39,Kurunegala,28.37,86.39,7.4,17
2024,39,Mannar,29.03,80.17,2.1,30.03
2024,39,Matale,26.16,83.76,47.7,16.61
2024,39,Matara,28.51,80.71,6.2,22.9
2024,39,Monaragala,27.34,75.79,35.7,13.51
2024,39,Mullaitivu,28.83,77.7,12.1,19.39
2024,39,Nuwara Eliya,21.51,86.1,44.5,13.61
2024,39,Polonnaruwa,29.46,75.97,0.5,17.69
2024,39,Puttalam,29.31,78.06,1,20.4
2024,39,Ratnapura,26.56,84.87,42.4,13.81
2024,39,Trincomalee,28.77,76.84,28.2,20.94
2024,39,Vavuniya,29.37,77.14,1,17.01
2024,40,Ampara,29.14,73.53,29,18.53
2024,40,Anuradhapura,28.6,68.33,33.1,14.69
2024,40,Badulla,24.1,75.16,94.8,7.91
2024,40,Batticaloa,28.51,78.83,35.5,21.9
2024,40,Colombo,28.67,83.14,3.6,17.33
2024,40,Galle,27.64,81.99,64.5,18.56
2024,40,Gampaha,28.31,85.66,4.2,20.04
2024,40,Hambantota,28.93,80.17,5,24.6
2024,40,Jaffna,28.67,83.14,3.6,17.33
2024,40,Kalmunai,28.61,76.91,36.5,18.71
2024,40,Kalutara,28.67,83.16,6.5,17.29
2024,40,Kandy,23.56,82.44,82.9,9.37
2024,40,Kegalle,28.34,85.16,3.8,19.44
2024,40,Kilinochchi,28.63,78.76,28.8,22.63
2024,40,Kurunegala,28.16,86.84,2.9,22.03
2024,40,Mannar,28.63,81.94,155.35,30.44
2024,40,Matale,26.09,82.47,31.5,14.2
2024,40,Matara,28.53,82.07,10.5,22.27
2024,40,Monaragala,27.16,74.17,36.7,14.74
2024,40,Mullaitivu,28.41,79.09,26.7,17.54
2024,40,Nuwara Eliya,20.81,85.23,100.9,7.91
2024,40,Polonnaruwa,28.87,66.67,33.4,12.84
2024,40,Puttalam,29.14,67.44,37.4,21.6
2024,40,Ratnapura,26.47,83.36,21.5,14.07
2024,40,Trincomalee,28.69,76.41,25.8,19.9
2024,40,Vavuniya,28.77,68.4,34.2,14.23
2024,41,Ampara,27.07,84.93,64.6,9.57
2024,41,Anuradhapura,26.84,71.36,27.2,13.63
2024,41,Badulla,22.49,88.9,159.2,6.8
2024,41,Batticaloa,27.36,81.5,45.6,16.06
2024,41,Colombo,26.57,90.63,15.6,19.16
2024,41,Galle,26.26,86.33,176.7,33.99
2024,41,Gampaha,26.33,92.43,28.6,16.24
2024,41,Hambantota,27.14,84.91,13.7,28.53
2024,41,Jaffna,26.57,90.63,15.6,19.16
2024,41,Kalmunai,26.96,83.13,48.9,13.9
2024,41,Kalutara,26.57,90.79,15.3,17.74
2024,41,Kandy,22.14,89.91,129.1,10.46
2024,41,Kegalle,26.33,92.21,21.6,16.43
2024,41,Kilinochchi,27.6,83.47,59.6,17.23
2024,41,Kurunegala,26.23,92.91,22.2,17.16
2024,41,Mannar,27.99,82.51,53.42,27.21
2024,41,Matale,24.34,88.9,100.7,13.04
2024,41,Matara,26.77,86.79,31.3,23.54
2024,41,Monaragala,25,88.41,134.2,9
2024,41,Mullaitivu,27.13,85.19,61.6,16.36
2024,41,Nuwara Eliya,19.67,92.99,158.6,10.13
2024,41,Polonnaruwa,27.16,70.3,21.5,13.21
2024,41,Puttalam,27.2,71.01,44.6,21.07
2024,41,Ratnapura,24.13,89.83,90.4,14.67
2024,41,Trincomalee,27.51,80.03,46.8,18.83
2024,41,Vavuniya,27.07,71.34,30.7,12.17
2024,42,Ampara,28.63,78.91,17.3,8.84
2024,42,Anuradhapura,27.93,66.89,6.1,16.46
2024,42,Badulla,23.59,80.66,23.4,6.41
2024,42,Batticaloa,28.33,78.96,15.9,16.04
2024,42,Colombo,28.3,85.19,0.2,14.13
2024,42,Galle,27.17,83.33,23.1,41.3
2024,42,Gampaha,28.1,87.29,0.1,14.9
2024,42,Hambantota,28.34,81.59,2.8,25.14
2024,42,Jaffna,28.3,85.19,0.2,14.13
2024,42,Kalmunai,28.17,80.03,20.7,14.26
2024,42,Kalutara,28.31,85.16,0.2,14.13
2024,42,Kandy,23.33,84.54,20.7,11.63
2024,42,Kegalle,28.06,86.9,0,14.64
2024,42,Kilinochchi,28.19,81.73,37.1,18.37
2024,42,Kurunegala,27.96,88.29,1.4,15.83
2024,42,Mannar,28.47,81.43,32.6,28.21
2024,42,Matale,25.79,83.93,19.8,14.5
2024,42,Matara,28.13,82.5,3.5,23.54
2024,42,Monaragala,26.17,80.7,21.6,8.37
2024,42,Mullaitivu,27.99,81.26,26.9,17.39
2024,42,Nuwara Eliya,20.99,86.5,22.7,10.74
2024,42,Polonnaruwa,28.29,64.81,3.4,15.27
2024,42,Puttalam,28.26,66.9,9.2,20.4
2024,42,Ratnapura,26.1,84.5,6.3,12.37
2024,42,Trincomalee,28.37,76.21,22.7,18.36
2024,42,Vavuniya,28.11,66.54,4.6,15.31
2024,43,Ampara,27.76,84.1,60.3,9.41
2024,43,Anuradhapura,27.1,81.86,18.5,15.94
2024,43,Badulla,23.13,86.6,96.2,5.71
2024,43,Batticaloa,27.74,81.87,56.7,12.09
2024,43,Colombo,27.56,88.64,10,16.56
2024,43,Galle,26.94,84.66,54.1,26.6
2024,43,Gampaha,27.36,90.26,5.8,16.51
2024,43,Hambantota,27.79,85.16,7,25.46
2024,43,Jaffna,27.56,88.64,10,16.56
2024,43,Kalmunai,27.51,82.67,53.5,10.96
2024,43,Kalutara,27.5,88.8,8.3,16
2024,43,Kandy,23.06,87.57,39.4,10.19
2024,43,Kegalle,27.31,90.04,6.2,16.1
2024,43,Kilinochchi,27.97,82.9,16.8,20.6
2024,43,Kurunegala,27.27,90.8,4.2,18.31
2024,43,Mannar,28.14,82.86,92.05,29.27
2024,43,Matale,25.29,87.46,28,14.31
2024,43,Matara,27.39,86.97,8.5,22.77
2024,43,Monaragala,26.07,82.54,59.1,10.23
2024,43,Mullaitivu,27.79,82.24,22.2,18.23
2024,43,Nuwara Eliya,20.64,90.57,56,9.34
2024,43,Polonnaruwa,28.13,75.23,10.7,15.86
2024,43,Puttalam,27.4,82.03,85.4,20.34
2024,43,Ratnapura,25.14,88.83,19.6,10.93
2024,43,Trincomalee,28.17,78.59,22,19.9
2024,43,Vavuniya,27.5,81.1,17.6,14
2024,44,Ampara,26.97,86.69,90.7,8.06
2024,44,Anuradhapura,26.77,86.59,113.7,9.74
2024,44,Badulla,22.33,90.73,152.3,5.34
2024,44,Batticaloa,27.17,84.79,68,11.94
2024,44,Colombo,27.79,85.59,0.7,14.09
2024,44,Galle,26.83,86.06,66.7,22.16
2024,44,Gampaha,27.49,88.27,0.6,15.14
2024,44,Hambantota,27.1,87.3,12.3,19.29
2024,44,Jaffna,27.79,85.59,0.7,14.09
2024,44,Kalmunai,26.84,85.14,74.6,10.7
2024,44,Kalutara,27.79,85.59,1,14.06
2024,44,Kandy,22.53,89.53,105.3,6.16
2024,44,Kegalle,27.53,87.79,1.5,14.94
2024,44,Kilinochchi,27.63,83.91,41.4,13.01
2024,44,Kurunegala,27.41,89.46,4.4,15.87
2024,44,Mannar,27.94,82.31,69.3,17.59
2024,44,Matale,25.14,88.8,134.5,8.8
2024,44,Matara,26.56,89.63,14.9,17.71
2024,44,Monaragala,25.13,87.16,160.1,5.39
2024,44,Mullaitivu,27.39,84.33,43.2,12.27
2024,44,Nuwara Eliya,20.31,91.81,122.5,4.89
2024,44,Polonnaruwa,27.24,84.07,367.2,8.5
2024,44,Puttalam,27.46,84.46,80.4,14.46
2024,44,Ratnapura,25.91,85.26,36.6,10.17
2024,44,Trincomalee,27.33,83.4,53.7,14.86
2024,44,Vavuniya,27.2,85.8,81.9,9.81
2024,45,Ampara,27.53,82.04,20.8,12.59
2024,45,Anuradhapura,26.91,85.19,27.9,10.86
2024,45,Badulla,22.91,85.24,23.9,6.47
2024,45,Batticaloa,27.51,82.19,36.2,17.83
2024,45,Colombo,27.54,84.44,2.8,18.23
2024,45,Galle,27.24,82.61,31.9,17.33
2024,45,Gampaha,27.36,86.56,3.9,15.3
2024,45,Hambantota,27.81,84.46,11,16.13
2024,45,Jaffna,27.54,84.44,2.8,18.23
2024,45,Kalmunai,27.3,81.71,32.3,16.39
2024,45,Kalutara,27.5,84.56,1.9,18.34
2024,45,Kandy,22.74,87.07,20.1,8.13
2024,45,Kegalle,27.33,86.26,10,15.41
2024,45,Kilinochchi,27.84,82.46,33.5,20.33
2024,45,Kurunegala,27.26,87.57,8.3,16.64
2024,45,Mannar,28.1,79.76,40.6,26.87
2024,45,Matale,25.47,86.3,38.4,9.3
2024,45,Matara,27.37,87.29,5.2,16.13
2024,45,Monaragala,25.56,83.9,33.2,6.67
2024,45,Mullaitivu,27.61,82.83,43.2,17.9
2024,45,Nuwara Eliya,20.81,87.51,35.5,6.57
2024,45,Polonnaruwa,27.23,85.26,37.8,9.83
2024,45,Puttalam,27.66,82.67,23.9,18.36
2024,45,Ratnapura,25.87,84.17,40.1,18.23
2024,45,Trincomalee,27.53,81.84,38.6,18.06
2024,45,Vavuniya,27.03,85.84,40.5,11.87
2024,46,Ampara,27.27,85.83,43.3,11.16
2024,46,Anuradhapura,27.13,81.21,16.1,10.79
2024,46,Badulla,22.53,89.11,41,7.26
2024,46,Batticaloa,27.51,82.61,37.2,13.17
2024,46,Colombo,27.69,85.94,13,13.61
2024,46,Galle,27.2,83.23,42,13.47
2024,46,Gampaha,27.46,88.04,13.1,11.87
2024,46,Hambantota,27.56,85.6,12.8,15.71
2024,46,Jaffna,27.69,85.94,13,13.61
2024,46,Kalmunai,27.17,83.33,36.2,13.07
2024,46,Kalutara,27.57,86.21,9.1,13.96
2024,46,Kandy,22.89,88.79,58.3,7.46
2024,46,Kegalle,27.41,87.67,3.4,11.91
2024,46,Kilinochchi,27.27,86.66,71.2,17.07
2024,46,Kurunegala,27.34,88.63,4.3,12.01
2024,46,Mannar,27.57,84.21,86.36,24.07
2024,46,Matale,25.59,87.91,50.4,7.71
2024,46,Matara,27.1,88.7,10.9,12.53
2024,46,Monaragala,25.29,87.57,67.7,8.14
2024,46,Mullaitivu,27.07,87.01,66.2,13.59
2024,46,Nuwara Eliya,20.69,89.67,65.4,6.07
2024,46,Polonnaruwa,27.36,80.97,16.3,9.77
2024,46,Puttalam,27.66,79.3,33,15.64
2024,46,Ratnapura,25.51,86.16,88.6,12.11
2024,46,Trincomalee,27.41,83.97,58.2,15.33
2024,46,Vavuniya,27.24,81.43,28.6,10.8
2024,47,Ampara,25.96,89.91,231.2,14.66
2024,47,Anuradhapura,25.31,92.54,55.6,14.09
2024,47,Badulla,21.59,92.57,153.6,8.61
2024,47,Batticaloa,26.54,86.67,253.6,19.76
2024,47,Colombo,26.63,87.7,99.3,20.46
2024,47,Galle,26.67,84.27,89.6,15.07
2024,47,Gampaha,26.29,90.93,151.5,14.33
2024,47,Hambantota,26.76,86.36,56.6,17.44
2024,47,Jaffna,26.63,87.7,99.3,20.46
2024,47,Kalmunai,26.04,88.07,258.5,17.29
2024,47,Kalutara,26.49,87.54,51.4,17.14
2024,47,Kandy,21.77,93.29,167,7.77
2024,47,Kegalle,25.94,91.27,168.6,13.61
2024,47,Kilinochchi,26.6,87.81,152.4,24.37
2024,47,Kurunegala,25.89,92.1,157.8,15.37
2024,47,Mannar,26.89,85.07,100.8,32.96
2024,47,Matale,24.41,92.33,198.2,10.23
2024,47,Matara,26.43,89.69,51.5,14.26
2024,47,Monaragala,24.33,90.2,166.7,11.1
2024,47,Mullaitivu,26.16,89.7,181,20.99
2024,47,Nuwara Eliya,19.76,93.96,173.1,7.11
2024,47,Polonnaruwa,25.63,91.74,111.6,12.24
2024,47,Puttalam,26.29,88.77,113.3,22.84
2024,47,Ratnapura,24.4,89.8,244.5,11.69
2024,47,Trincomalee,26.43,87.44,213.8,19.84
2024,47,Vavuniya,25.33,93.69,87.2,13.07
2024,48,Ampara,26.21,85.24,122.4,16.91
2024,48,Anuradhapura,25.2,88.09,136.6,20.3
2024,48,Badulla,22.09,85.53,179,10.91
2024,48,Batticaloa,26.6,84.21,163.1,28.33
2024,48,Colombo,26.61,86.39,24.9,24.13
2024,48,Galle,27.2,80.76,68.1,34.16
2024,48,Gampaha,26.27,88.71,19.28,18.19
2024,48,Hambantota,27.29,81.87,0.74,33.26
2024,48,Jaffna,26.61,86.39,24.9,24.13
2024,48,Kalmunai,26.39,84.29,157.6,24.39
2024,48,Kalutara,26.46,87.03,15.3,23.93
2024,48,Kandy,21.17,90.89,210,14.34
2024,48,Kegalle,26.01,88.8,29.81,17.59
2024,48,Kilinochchi,26.53,85.67,260.5,32.27
2024,48,Kurunegala,25.96,89.79,29.89,17.3
2024,48,Mannar,27.16,81.5,61.68,40.59
2024,48,Matale,23.73,89.99,177.1,16.6
2024,48,Matara,27.06,82.99,25.8,27.34
2024,48,Monaragala,24.53,87.59,160.5,12.3
2024,48,Mullaitivu,26.31,86.14,293.6,29.34
2024,48,Nuwara Eliya,19.46,92.11,202.4,14.66
2024,48,Polonnaruwa,25.71,84.91,148.8,19.24
2024,48,Puttalam,26.69,82.51,121,30.69
2024,48,Ratnapura,24.04,87.23,100.46,22.03
2024,48,Trincomalee,26.57,82.61,233.1,28.86
2024,48,Vavuniya,25.51,87.71,146.3,20.67
2024,49,Ampara,27,84,3.02,12.39
2024,49,Anuradhapura,27.07,83.33,1.31,11.73
2024,49,Badulla,22.11,82.4,3.59,8.69
2024,49,Batticaloa,27.43,80.6,4.9,15.84
2024,49,Colombo,27.79,80.23,2.11,12.8
2024,49,Galle,27.37,80.96,13.99,12.51
2024,49,Gampaha,27.57,82.64,10.5,13.09
2024,49,Hambantota,27.56,82.4,2.6,17.19
2024,49,Jaffna,27.79,80.23,2.11,12.8
2024,49,Kalmunai,27.09,81.71,4.15,15
2024,49,Kalutara,27.7,81.3,3.41,12.31
2024,49,Kandy,22.6,83.46,7.07,7.97
2024,49,Kegalle,27.27,82.5,12.26,12.76
2024,49,Kilinochchi,27.57,82.16,2.13,17.06
2024,49,Kurunegala,27.4,83.07,18,14.54
2024,49,Mannar,27.64,82.09,6.03,23.34
2024,49,Matale,25.54,81.26,6.02,9.71
2024,49,Matara,27.37,84.69,10.13,13.4
2024,49,Monaragala,24.17,83.26,2.76,9.09
2024,49,Mullaitivu,27.54,80.3,3.3,18.57
2024,49,Nuwara Eliya,19.9,82.47,2.55,10.4
2024,49,Polonnaruwa,27.06,83.97,3.35,10.04
2024,49,Puttalam,27.64,82.34,1.4,15.63
2024,49,Ratnapura,25.93,82.79,7.1,11.71
2024,49,Trincomalee,27.41,79.34,5.7,15.91
2024,49,Vavuniya,27.2,84.34,3.02,12.27
2024,50,Ampara,26.49,85.93,18.66,15.83
2024,50,Anuradhapura,25.74,83.6,38.43,11.63
2024,50,Badulla,21.99,89.99,54.34,8.59
2024,50,Batticaloa,26.71,84.74,19.4,22.06
2024,50,Colombo,27.33,83.16,13.06,18.79
2024,50,Galle,27.07,83.24,32.33,17.94
2024,50,Gampaha,27.06,86.6,25.31,16.99
2024,50,Hambantota,26.74,89.2,34.83,12.37
2024,50,Jaffna,27.33,83.16,13.06,18.79
2024,50,Kalmunai,26.5,84.69,11.04,19.9
2024,50,Kalutara,27.34,84.09,35.91,18.74
2024,50,Kandy,22.36,91.49,81.9,7.69
2024,50,Kegalle,26.73,86.77,77.37,17.13
2024,50,Kilinochchi,26.53,86.77,42.78,26.49
2024,50,Kurunegala,26.77,87.99,106.18,16.64
2024,50,Mannar,26.76,84.23,33,33.43
2024,50,Matale,24.64,89.59,80.21,9.56
2024,50,Matara,26.76,90.5,57.12,13.33
2024,50,Monaragala,24.01,88.1,49.91,8.84
2024,50,Mullaitivu,26.3,87.49,77.1,27.1
2024,50,Nuwara Eliya,19.76,91.26,0.86,10.09
2024,50,Polonnaruwa,26.01,85,42.07,10.76
2024,50,Puttalam,26.37,84,22.6,20.2
2024,50,Ratnapura,25.71,85.77,70.33,18.53
2024,50,Trincomalee,26.5,86.06,62.3,20.16
2024,50,Vavuniya,25.81,86.2,32.98,13.11
2024,51,Ampara,27.29,84.6,27.36,13.26
2024,51,Anuradhapura,26.7,84.59,14.01,12.14
2024,51,Badulla,22.7,87.76,24.13,10.24
2024,51,Batticaloa,26.93,85,27.6,19.09
2024,51,Colombo,27.71,84.2,16.51,16.11
2024,51,Galle,27.39,83.26,52.95,22.06
2024,51,Gampaha,27.54,86.93,13.04,14.39
2024,51,Hambantota,27.13,89.39,102.62,19.44
2024,51,Jaffna,27.71,84.2,16.51,16.11
2024,51,Kalmunai,26.99,84.03,27.01,17.69
2024,51,Kalutara,27.7,85.06,27.06,16.14
2024,51,Kandy,22.93,88.46,14.35,9.63
2024,51,Kegalle,27.2,87,8.04,14.19
2024,51,Kilinochchi,27.07,85.76,5.61,19.54
2024,51,Kurunegala,27.33,87.83,4.44,14.07
2024,51,Mannar,27.23,82.96,4.65,22.84
2024,51,Matale,25.2,86.89,11.14,11.21
2024,51,Matara,27.23,89.4,147.24,18.53
2024,51,Monaragala,24.49,88.96,32.79,13.43
2024,51,Mullaitivu,26.94,85.03,9,18.37
2024,51,Nuwara Eliya,20.13,90.43,2.4,16.86
2024,51,Polonnaruwa,26.86,83.44,20.94,12.14
2024,51,Puttalam,27.2,82.47,1.2,15.27
2024,51,Ratnapura,25.81,85.21,6,13.1
2024,51,Trincomalee,26.91,84.8,63.8,17.86
2024,51,Vavuniya,26.87,83.49,3.5,12.54
2024,52,Ampara,26.34,85.71,13.4,12.9
2024,52,Anuradhapura,26.43,77.24,16.81,11.01
2024,52,Badulla,21.67,85.69,12.08,10.69
2024,52,Batticaloa,26.5,84.4,24.8,17.4
2024,52,Colombo,27.26,79.37,2.32,16.71
2024,52,Galle,26.96,80.36,50.85,14.47
2024,52,Gampaha,26.99,81.89,9.15,15.04
2024,52,Hambantota,26.67,85.76,3.4,16.31
2024,52,Jaffna,27.26,79.37,2.32,16.71
2024,52,Kalmunai,26.3,84.7,18.72,15.43
2024,52,Kalutara,27.23,80.21,6.38,16.74
2024,52,Kandy,22.2,85.1,29.7,9.31
2024,52,Kegalle,26.64,81.7,14.01,15.33
2024,52,Kilinochchi,26.59,85.3,20.02,19.6
2024,52,Kurunegala,26.77,82.64,13.16,14.89
2024,52,Mannar,27.1,81.57,6.15,24.8
2024,52,Matale,24.7,83.34,30.2,9.67
2024,52,Matara,26.71,86.96,45.14,14.27
2024,52,Monaragala,23.7,85.03,20.52,13.06
2024,52,Mullaitivu,26.43,85.01,36.9,23.34
2024,52,Nuwara Eliya,19.37,83.63,3.26,16.84
2024,52,Polonnaruwa,26.49,78.01,13.18,10.1
2024,52,Puttalam,27.06,76.43,12.1,16.17
2024,52,Ratnapura,25.66,80.94,2.7,15.34
2024,52,Trincomalee,26.43,84.19,11.5,16.91
2024,52,Vavuniya,26.49,78.26,13.06,11.86
2025,1,Ampara,25.37,83.57,27.34,16.5
2025,1,Anuradhapura,24.98,78.88,0.5,13.74
2025,1,Badulla,20.45,92.02,0.94,10.25
2025,1,Batticaloa,26.44,76.82,14.3,20.72
2025,1,Colombo,26.6,77.02,1.54,18.65
2025,1,Galle,26.27,84.47,27.98,13.77
2025,1,Gampaha,26.58,78.24,7.7,19.36
2025,1,Hambantota,25.9,83.82,0.01,22.4
2025,1,Jaffna,26.6,77.02,1.54,18.65
2025,1,Kalmunai,25.86,78.92,15.4,18.86
2025,1,Kalutara,26.62,78.43,2.71,18.67
2025,1,Kandy,21.27,90.68,29.38,9.55
2025,1,Kegalle,25.93,80.78,19.73,19.12
2025,1,Kilinochchi,26.08,74.44,1.6,22.04
2025,1,Kurunegala,26.12,79.16,23.09,21.52
2025,1,Mannar,26.44,72.76,0.1,29.38
2025,1,Matale,23.78,84.35,24.37,13.37
2025,1,Matara,25.93,87.18,15.24,16.7
2025,1,Monaragala,22.66,86.38,5.46,13.26
2025,1,Mullaitivu,26.26,72.9,1.7,22.68
2025,1,Nuwara Eliya,18.66,91.96,0.32,11.28
2025,1,Polonnaruwa,25.28,80.74,3.91,11.46
2025,1,Puttalam,26.26,75.3,0.5,22.18
2025,1,Ratnapura,25.3,84.7,23.8,14.62
2025,1,Trincomalee,26.22,73.86,1.1,19.88
2025,1,Vavuniya,25.06,79.36,0.8,14.98
2025,2,Ampara,25.64,88.79,82.6,18.11
2025,2,Anuradhapura,25.37,86.69,2.5,15.53
2025,2,Badulla,21.11,91.23,19.01,11.24
2025,2,Batticaloa,26.06,87.46,84.2,22.33
2025,2,Colombo,26.94,79.89,1.33,21.8
2025,2,Galle,26.49,83.91,36.5,15.49
2025,2,Gampaha,26.79,83.06,8.36,20.13
2025,2,Hambantota,26.27,87.7,6.82,23.46
2025,2,Jaffna,26.94,79.89,1.33,21.8
2025,2,Kalmunai,25.77,87.86,90.34,20.71
2025,2,Kalutara,26.97,81.11,1.82,21.17
2025,2,Kandy,21.71,90.7,51.28,9.67
2025,2,Kegalle,26.36,83.17,40.61,19.41
2025,2,Kilinochchi,26.19,84.07,20.66,24.01
2025,2,Kurunegala,26.49,83.74,58.23,20.11
2025,2,Mannar,26.31,82.13,39.8,31.29
2025,2,Matale,24.3,86.76,48.59,13.83
2025,2,Matara,26.24,89.01,11.84,18.93
2025,2,Monaragala,23.3,88.41,39.05,14.29
2025,2,Mullaitivu,26.09,84.33,32.8,24.86
2025,2,Nuwara Eliya,19.21,90.59,1.64,15.49
2025,2,Polonnaruwa,25.56,88.37,48.99,13.97
2025,2,Puttalam,26.49,81.9,22.3,23
2025,2,Ratnapura,25.34,84.83,10.11,14.89
2025,2,Trincomalee,25.96,86.43,47.8,22.47
2025,2,Vavuniya,25.5,87.01,38.68,15.84
2025,3,Ampara,25.43,89.94,123.44,16.5
2025,3,Anuradhapura,25.07,91.44,7.22,15.94
2025,3,Badulla,20.67,93.87,12.59,16.2
2025,3,Batticaloa,25.93,87.96,204.2,23.46
2025,3,Colombo,26.63,82.71,13.11,19.66
2025,3,Galle,26.07,85.39,16.49,12.94
2025,3,Gampaha,26.47,86.19,22.78,19.69
2025,3,Hambantota,25.76,87.43,26.42,28.49
2025,3,Jaffna,26.63,82.71,13.11,19.66
2025,3,Kalmunai,25.64,88.33,166,20.83
2025,3,Kalutara,26.64,84.13,15.91,18.79
2025,3,Kandy,21.54,92.97,13.89,11.77
2025,3,Kegalle,25.97,86.7,57,19.24
2025,3,Kilinochchi,26.04,86.64,61.95,26.03
2025,3,Kurunegala,26.14,87.43,97.39,21.96
2025,3,Mannar,26.03,84.71,167.68,32.37
2025,3,Matale,24.06,90.14,25.95,13.43
2025,3,Matara,25.83,90.29,24.86,24.97
2025,3,Monaragala,22.77,91.76,42.46,21.04
2025,3,Mullaitivu,25.87,87.41,117.7,28.13
2025,3,Nuwara Eliya,18.66,94.57,22.06,24.6
2025,3,Polonnaruwa,25.21,91.59,108.31,14.16
2025,3,Puttalam,26.06,86.53,101.29,22.93
2025,3,Ratnapura,25.13,86.69,40.4,11.2
2025,3,Trincomalee,25.77,88.6,281.7,22.33
2025,3,Vavuniya,25.37,90.66,118.64,15.99
2025,4,Ampara,25.67,85.1,24.06,15.63
2025,4,Anuradhapura,25.06,70.56,2.35,14.2
2025,4,Badulla,19.07,92.76,19.28,17.13
2025,4,Batticaloa,26.27,82.47,45.6,20.1
2025,4,Colombo,26.16,76.8,8.58,18.37
2025,4,Galle,25.87,91.3,27.88,13.83
2025,4,Gampaha,26.1,82.9,11.23,18.9
2025,4,Hambantota,25.77,57.33,2.11,25.2
2025,4,Jaffna,26.16,76.8,8.58,18.37
2025,4,Kalmunai,25.83,84.04,33.52,18.1
2025,4,Kalutara,26.11,81.61,20.04,18.37
2025,4,Kandy,20.09,92.16,3.19,15.77
2025,4,Kegalle,24.33,85.66,4.97,18.67
2025,4,Kilinochchi,25.94,86.67,18.37,20.89
2025,4,Kurunegala,23.69,86.93,7.16,19.84
2025,4,Mannar,26.39,88.66,0.55,26.59
2025,4,Matale,20.14,90.69,3.65,19.29
2025,4,Matara,25.84,62,22.36,17.97
2025,4,Monaragala,22.2,88,18.23,13.7
2025,4,Mullaitivu,26.21,79.7,77.7,22.23
2025,4,Nuwara Eliya,17.44,93.13,2.32,19.29
2025,4,Polonnaruwa,25.13,70.6,16.23,12.43
2025,4,Puttalam,25.43,69.03,7.8,21.23
2025,4,Ratnapura,24.69,91.67,9.8,9.67
2025,4,Trincomalee,26.16,81.17,35.2,19.49
2025,4,Vavuniya,25.3,72.76,77.48,14.2
2025,5,Ampara,26.74,82.23,13.83,16.5
2025,5,Anuradhapura,26.57,71.19,8.6,13.53
2025,5,Badulla,19.44,84.61,11.84,18.27
2025,5,Batticaloa,26.57,83.19,23.8,19.13
2025,5,Colombo,27.36,72.76,3.9,13.97
2025,5,Galle,26.57,86.33,32.57,12.77
2025,5,Gampaha,27.24,78.01,7.22,14.79
2025,5,Hambantota,26.63,61.66,49.8,24.74
2025,5,Jaffna,27.36,72.76,3.9,13.97
2025,5,Kalmunai,26.81,81.77,16.06,17.8
2025,5,Kalutara,27.24,77.23,10.64,14.03
2025,5,Kandy,20.53,83.91,17.07,16.77
2025,5,Kegalle,25.3,79.31,20.92,14.4
2025,5,Kilinochchi,26.63,86.91,2.5,18.61
2025,5,Kurunegala,24.61,79.7,18.12,18.71
2025,5,Mannar,27.17,87.07,2.95,23.47
2025,5,Matale,20.66,82.1,19.78,20.66
2025,5,Matara,26.67,64.91,29.24,18.24
2025,5,Monaragala,22.96,82.29,31.23,15.04
2025,5,Mullaitivu,26.71,81.47,10.8,20.93
2025,5,Nuwara Eliya,17.56,84.04,96.79,20.66
2025,5,Polonnaruwa,26.6,71.74,11.52,12.09
2025,5,Puttalam,26.89,70.67,18.5,18.51
2025,5,Ratnapura,25.5,85.79,3.61,10.47
2025,5,Trincomalee,26.6,82.03,16.6,18.97
2025,5,Vavuniya,26.71,72.86,8.7,13.69
2025,6,Ampara,26.87,74.99,3.05,16.97
2025,6,Anuradhapura,26.07,65.7,0.7,15.5
2025,6,Badulla,18.49,74.4,0.3,20.01
2025,6,Batticaloa,27.11,73.5,6.7,20.84
2025,6,Colombo,27.7,63.26,0,16.41
2025,6,Galle,27.27,74.94,1,14.14
2025,6,Gampaha,27.3,69.8,0,16.99
2025,6,Hambantota,26.83,54.3,0,24.59
2025,6,Jaffna,27.7,63.26,0,16.41
2025,6,Kalmunai,26.97,74.56,4.73,18.94
2025,6,Kalutara,27.6,67.93,0,16.17
2025,6,Kandy,19.8,73.7,0.4,18.47
2025,6,Kegalle,25.03,70.1,0,16.1
2025,6,Kilinochchi,26.4,81.34,0.2,18.91
2025,6,Kurunegala,24.01,71.4,0,18.83
2025,6,Mannar,27.37,78.66,0,25.37
2025,6,Matale,19.46,73.06,0.2,22.6
2025,6,Matara,26.86,57.59,0,20.53
2025,6,Monaragala,22.36,74.76,0.2,16.96
2025,6,Mullaitivu,26.89,73.94,0.5,21.97
2025,6,Nuwara Eliya,16.47,73.81,0,22.64
2025,6,Polonnaruwa,26.27,66.66,1.26,13.43
2025,6,Puttalam,26.66,65.01,0,21.44
2025,6,Ratnapura,26.37,72.84,5.9,11.29
2025,6,Trincomalee,26.79,74.5,2.4,20.1
2025,6,Vavuniya,26.41,68.77,0.3,15.07
2025,7,Ampara,26.79,76.19,0.65,14.57
2025,7,Anuradhapura,26.54,63.1,0.2,12.56
2025,7,Badulla,19.36,67.8,0.2,15.64
2025,7,Batticaloa,26.96,75.67,1.5,16.56
2025,7,Colombo,28.01,69.11,0,14.03
2025,7,Galle,27.81,77.09,1,12.6
2025,7,Gampaha,27.63,75.06,0,14.34
2025,7,Hambantota,26.9,48.66,0.1,21.61
2025,7,Jaffna,28.01,69.11,0,14.03
2025,7,Kalmunai,26.73,76.39,0.72,16.2
2025,7,Kalutara,27.94,73.49,0.2,14.41
2025,7,Kandy,20.53,67.76,0,14.46
2025,7,Kegalle,25.37,70.87,0,14.3
2025,7,Kilinochchi,25.9,81,0,15.84
2025,7,Kurunegala,24.33,70.2,0,15.7
2025,7,Mannar,26.94,79.16,0,22.4
2025,7,Matale,20.09,65.63,0.1,17.46
2025,7,Matara,27.14,52.16,0.3,16.86
2025,7,Monaragala,22.83,70.99,0.4,14.99
2025,7,Mullaitivu,26.51,75.2,0.9,17.17
2025,7,Nuwara Eliya,17.4,64.29,0,18.67
2025,7,Polonnaruwa,26.63,63.71,0.25,11.66
2025,7,Puttalam,26.77,63.34,0.1,18.81
2025,7,Ratnapura,27,75.4,3.3,12.93
2025,7,Trincomalee,26.54,75.19,2.4,15.96
2025,7,Vavuniya,26.67,66.23,0.2,12.19
2025,8,Ampara,27.8,73.27,0.8,14.8
2025,8,Anuradhapura,27.44,65.44,0,13.07
2025,8,Badulla,19.19,70.07,0.5,15.73
2025,8,Batticaloa,27.7,73.26,2.2,17.64
2025,8,Colombo,28.33,68.5,0,13.57
2025,8,Galle,28.13,75.83,8.99,14.19
2025,8,Gampaha,27.89,75.66,0,13.79
2025,8,Hambantota,27.63,44.97,0.5,21.29
2025,8,Jaffna,28.33,68.5,0,13.57
2025,8,Kalmunai,27.86,72.89,0.6,16.57
2025,8,Kalutara,28.31,72.96,0.61,14
2025,8,Kandy,20.7,69.41,0.2,14.66
2025,8,Kegalle,25.59,72.97,0,13.5
2025,8,Kilinochchi,27,79.13,0,15.64
2025,8,Kurunegala,24.64,72.76,0,15.69
2025,8,Mannar,27.76,78.76,0,23.87
2025,8,Matale,20.26,66.7,0.1,17.57
2025,8,Matara,27.76,51.31,7.32,17.2
2025,8,Monaragala,23.16,72.04,0.7,14.5
2025,8,Mullaitivu,27.31,72.67,0,18.04
2025,8,Nuwara Eliya,16.94,66.34,0,18.06
2025,8,Polonnaruwa,27.43,66.49,0.1,11.47
2025,8,Puttalam,27.79,65.27,0,20.31
2025,8,Ratnapura,27.23,75.26,3.92,12.79
2025,8,Trincomalee,27.43,72.39,0.7,16.5
2025,8,Vavuniya,27.41,68.99,0,12.91
2025,9,Ampara,27.31,85.27,112.38,16.17
2025,9,Anuradhapura,26.76,74.14,21.95,14.47
2025,9,Badulla,19.86,94.31,21.8,19.71
2025,9,Batticaloa,27.11,86.23,246.5,22.33
2025,9,Colombo,27.54,76.19,46.28,13.36
2025,9,Galle,26.76,87.74,95.9,14.87
2025,9,Gampaha,27.53,82.03,28.49,16.03
2025,9,Hambantota,26.47,46.43,17.16,21.07
2025,9,Jaffna,27.54,76.19,46.28,13.36
2025,9,Kalmunai,27.49,84.49,175.88,18.81
2025,9,Kalutara,27.47,80.71,30.36,13.76
2025,9,Kandy,20.96,92.97,64.36,18.04
2025,9,Kegalle,25.43,85.43,43.06,15.66
2025,9,Kilinochchi,27.34,89.31,32.06,21.49
2025,9,Kurunegala,24.67,87.23,47.41,21.07
2025,9,Mannar,27.71,86.23,54.33,25.3
2025,9,Matale,20.7,92.39,57.09,22.33
2025,9,Matara,26.74,52.14,92.32,16.2
2025,9,Monaragala,23.44,88.89,60.92,19.67
2025,9,Mullaitivu,26.89,88.07,138.8,27.26
2025,9,Nuwara Eliya,18.11,95.89,28.22,22.74
2025,9,Polonnaruwa,26.77,74.96,82.67,11.31
2025,9,Puttalam,27.11,73.99,63.09,20.06
2025,9,Ratnapura,25.63,89.26,1.51,10.16
2025,9,Trincomalee,26.93,87.41,98.4,21.46
2025,9,Vavuniya,27,75.81,140.49,14.44
2025,10,Ampara,27.03,77.97,3.49,12.6
2025,10,Anuradhapura,27.3,61.76,0.02,10.14
2025,10,Badulla,18.89,64.67,10,19.3
2025,10,Batticaloa,27.2,77.99,4,14.96
2025,10,Colombo,27.97,72.01,2.82,15.5
2025,10,Galle,27.43,79.67,0.7,14.66
2025,10,Gampaha,27.6,79.7,1.56,16.66
2025,10,Hambantota,26.8,52.5,0.7,14.69
2025,10,Jaffna,27.97,72.01,2.82,15.5
2025,10,Kalmunai,27.13,77.81,3.02,13.53
2025,10,Kalutara,27.89,76.1,3.05,15.64
2025,10,Kandy,20.06,66.47,12.58,17.86
2025,10,Kegalle,25.09,74.07,3.32,16.21
2025,10,Kilinochchi,27.3,83.13,1.19,15.13
2025,10,Kurunegala,24.23,73.33,0.14,19.67
2025,10,Mannar,28.16,81.17,0.03,18.04
2025,10,Matale,19.53,63.3,9.39,21.56
2025,10,Matara,27.06,57.17,0.78,15.49
2025,10,Monaragala,22.77,70.51,8.12,15.7
2025,10,Mullaitivu,27.26,78.67,5,16.5
2025,10,Nuwara Eliya,16.99,62.06,0.13,21.63
2025,10,Polonnaruwa,27.16,63.33,3.38,9.36
2025,10,Puttalam,27.63,63.04,0.2,15.79
2025,10,Ratnapura,26.4,78.61,0.4,13.43
2025,10,Trincomalee,27.04,78.17,2.4,15.11
2025,10,Vavuniya,27.47,65.19,5,10.6
2025,11,Ampara,27.09,82.84,28.89,13.21
2025,11,Anuradhapura,27.49,65.47,0.78,9.4
2025,11,Badulla,20.29,87.61,10.11,14.34
2025,11,Batticaloa,27.49,83.69,59.3,15.57
2025,11,Colombo,27.67,77.17,12.36,12.86
2025,11,Galle,27.39,83.11,58.55,14.7
2025,11,Gampaha,27.43,83.79,21,12.23
2025,11,Hambantota,27.13,60.11,4.41,15.17
2025,11,Jaffna,27.67,77.17,12.36,12.86
2025,11,Kalmunai,27.2,82.03,42.37,14.26
2025,11,Kalutara,27.69,80.71,37.36,12.9
2025,11,Kandy,21.53,86.4,37.87,13.47
2025,11,Kegalle,25.74,84.86,28.09,12.3
2025,11,Kilinochchi,27.74,87.5,8.3,15.69
2025,11,Kurunegala,25.09,86.89,25.39,14.41
2025,11,Mannar,28,86.64,5.37,20.34
2025,11,Matale,21.53,85.99,31.2,15.74
2025,11,Matara,27.29,64.16,45.37,13.93
2025,11,Monaragala,23.19,85,17.92,12.59
2025,11,Mullaitivu,27.61,83.7,35.2,19.64
2025,11,Nuwara Eliya,18.31,88.63,14.98,15.43
2025,11,Polonnaruwa,27.47,67.49,36.51,9.31
2025,11,Puttalam,27.64,67.61,44.79,13.31
2025,11,Ratnapura,26.34,85.04,6.7,12.51
2025,11,Trincomalee,27.41,83.83,86.2,16.97
2025,11,Vavuniya,27.61,69.81,33.89,10.33
2025,12,Ampara,27.27,80.63,7.03,11.66
2025,12,Anuradhapura,28.67,66.5,1.02,12.39
2025,12,Badulla,20.57,87.77,6.04,14.2
2025,12,Batticaloa,28.3,81.69,13.4,15.43
2025,12,Colombo,28.1,76.59,90.14,11.97
2025,12,Galle,27.31,85.17,26.68,13.61
2025,12,Gampaha,28,83.11,33.17,12.39
2025,12,Hambantota,27.86,56.74,1.21,17.19
2025,12,Jaffna,28.1,76.59,90.14,11.97
2025,12,Kalmunai,27.29,80.39,9.37,13.01
2025,12,Kalutara,28.07,80.49,50.39,12.83
2025,12,Kandy,21.9,86.29,39.94,13.94
2025,12,Kegalle,26.09,84.09,17.53,12.39
2025,12,Kilinochchi,28.97,85.1,0.8,16.77
2025,12,Kurunegala,25.46,85.91,3.8,13.66
2025,12,Mannar,29.23,85.71,0,17.93
2025,12,Matale,21.83,85.37,30.37,15.84
2025,12,Matara,27.9,60.64,20.78,14.83
2025,12,Monaragala,23.53,84.01,8.42,14
2025,12,Mullaitivu,28.66,80.84,4.9,21.81
2025,12,Nuwara Eliya,18.66,88.74,3.06,17.13
2025,12,Polonnaruwa,28.67,67.06,16.62,11.4
2025,12,Puttalam,28.86,66.99,46.49,13.17
2025,12,Ratnapura,26.4,85.87,6.01,11.7
2025,12,Trincomalee,28.37,81.61,28.5,16.66
2025,12,Vavuniya,28.84,69.34,1.2,11.1
2025,13,Ampara,28.47,78.71,7.3,10.9
2025,13,Anuradhapura,28.96,68.67,1.23,8.16
2025,13,Badulla,20.66,86.1,32.92,11.01
2025,13,Batticaloa,28.27,79.34,3,13.21
2025,13,Colombo,28.49,73.99,6.25,13.67
2025,13,Galle,27.56,84.37,9.49,14.77
2025,13,Gampaha,28.24,80.71,26.48,12.64
2025,13,Hambantota,27.53,53.59,2.12,13.87
2025,13,Jaffna,28.49,73.99,6.25,13.67
2025,13,Kalmunai,28.61,77.79,1.83,11.93
2025,13,Kalutara,28.49,77.67,33.66,13.69
2025,13,Kandy,21.86,83.7,3.66,11.44
2025,13,Kegalle,26.37,81.64,20.92,12.71
2025,13,Kilinochchi,28.49,81.53,0.17,13.79
2025,13,Kurunegala,25.57,82.83,44.35,12.77
2025,13,Mannar,29.29,79.39,0,16.94
2025,13,Matale,22.26,82.51,9.19,12.27
2025,13,Matara,27.66,58.7,12.36,13.5
2025,13,Monaragala,24.19,83.24,33.78,10.57
2025,13,Mullaitivu,28.24,78.87,1.1,15.59
2025,13,Nuwara Eliya,18.5,86.79,0.6,12.51
2025,13,Polonnaruwa,28.81,70.6,1.18,9.21
2025,13,Puttalam,29.09,71.4,2.4,12.64
2025,13,Ratnapura,26.31,84.93,5.7,14.03
2025,13,Trincomalee,28.16,79.36,3.1,14.71
2025,13,Vavuniya,28.99,72.21,0.9,8.3
2025,14,Ampara,27.83,82.69,31.98,10.64
2025,14,Anuradhapura,27.9,74.97,0.92,8.59
2025,14,Badulla,20.73,92.44,26.18,11.27
2025,14,Batticaloa,27.87,82.46,56.3,14.2
2025,14,Colombo,28.06,76.57,40.13,14.73
2025,14,Galle,27.31,85.89,16.99,20.53
2025,14,Gampaha,27.8,83.81,53.98,14.84
2025,14,Hambantota,27.17,59.24,22.23,14.59
2025,14,Jaffna,28.06,76.57,40.13,14.73
2025,14,Kalmunai,27.91,81.66,43.73,12.43
2025,14,Kalutara,28.13,80.37,53.72,14.59
2025,14,Kandy,21.64,91.24,30.37,10.81
2025,14,Kegalle,25.99,86.27,53.82,14.73
2025,14,Kilinochchi,28.43,86.14,6.92,13.59
2025,14,Kurunegala,25.17,89.4,96.96,15.2
2025,14,Mannar,28.93,84.64,35.35,16.93
2025,14,Matale,21.54,91.91,35.62,12.09
2025,14,Matara,27.37,63.8,15.62,15.84
2025,14,Monaragala,24.03,87.5,37.75,10.14
2025,14,Mullaitivu,28.1,82.39,27.2,16.41
2025,14,Nuwara Eliya,18.67,94.84,0.6,12.23
2025,14,Polonnaruwa,28,75.5,33.93,9.19
2025,14,Puttalam,28.19,75.61,47.3,11.7
2025,14,Ratnapura,26.49,86.54,2.12,12.93
2025,14,Trincomalee,27.87,82.33,34.9,14.07
2025,14,Vavuniya,28.13,77.4,25.2,9.16
2025,15,Ampara,28.43,80.87,7.26,12.3
2025,15,Anuradhapura,28.74,69.64,20.44,14.56
2025,15,Badulla,20.89,91.67,15.74,13.19
2025,15,Batticaloa,28.66,80.99,14,15.49
2025,15,Colombo,28.59,75.87,12.76,12.63
2025,15,Galle,27.51,87.06,30.18,21.91
2025,15,Gampaha,28.46,82.87,24.56,14.4
2025,15,Hambantota,27.29,57.79,22.71,23.4
2025,15,Jaffna,28.59,75.87,12.76,12.63
2025,15,Kalmunai,28.51,80.41,8.4,13.2
2025,15,Kalutara,28.53,80.53,30.14,12.81
2025,15,Kandy,21.86,90.74,29.5,12.59
2025,15,Kegalle,26.46,85.36,15.27,13.83
2025,15,Kilinochchi,29.86,81.73,1,19.36
2025,15,Kurunegala,25.91,87.17,13.88,16.11
2025,15,Mannar,30.33,80.43,1.9,21.66
2025,15,Matale,21.63,91.5,23.39,15.17
2025,15,Matara,27.51,61.23,40.07,20.51
2025,15,Monaragala,24.33,85.7,12.43,12.57
2025,15,Mullaitivu,29.31,77.63,2.8,19
2025,15,Nuwara Eliya,18.76,95.29,3.16,14.34
2025,15,Polonnaruwa,28.87,68.53,10.82,14.04
2025,15,Puttalam,28.9,71.09,7.4,18.54
2025,15,Ratnapura,26.43,88.21,1.1,10.61
2025,15,Trincomalee,29.04,76.24,8,18.63
2025,15,Vavuniya,29.17,71.49,3.1,22.06
2025,16,Ampara,28.87,79.87,11.64,12.61
2025,16,Anuradhapura,29.59,70.19,3.73,11.56
2025,16,Badulla,21.96,90.26,31.22,10.69
2025,16,Batticaloa,29.09,80.47,8.9,14.46
2025,16,Colombo,29.34,74.84,23.51,12.11
2025,16,Galle,28.59,82.51,14.49,19.33
2025,16,Gampaha,29.11,82.37,30.91,13.5
2025,16,Hambantota,28.06,64.1,0.24,19.86
2025,16,Jaffna,29.34,74.84,23.51,12.11
2025,16,Kalmunai,29.03,79.1,9.77,13.59
2025,16,Kalutara,29.37,78.86,46.8,12.44
2025,16,Kandy,23.17,87.54,2.54,10.57
2025,16,Kegalle,27.46,83.99,21.12,13.1
2025,16,Kilinochchi,30.31,81.24,17.29,15.2
2025,16,Kurunegala,26.84,86.69,21.47,14.8
2025,16,Mannar,30.54,81.53,1.27,22.51
2025,16,Matale,22.99,89.2,3.3,12.56
2025,16,Matara,28.31,66.69,12.3,18.29
2025,16,Monaragala,25,85.2,48.63,11.26
2025,16,Mullaitivu,29.63,77.09,73.1,15.94
2025,16,Nuwara Eliya,19.89,93.14,2.75,11.51
2025,16,Polonnaruwa,29.77,68.17,11.86,9.67
2025,16,Puttalam,29.7,71.7,5.4,17.23
2025,16,Ratnapura,27.54,84.04,0.21,11.39
2025,16,Trincomalee,29.33,77.19,49.8,13.93
2025,16,Vavuniya,29.8,71.96,72.96,11.91
2025,17,Ampara,28.57,79.19,11.84,11.47
2025,17,Anuradhapura,28.63,72.49,2.15,13.21
2025,17,Badulla,20.81,92.34,24.55,9.39
2025,17,Batticaloa,28.76,79.84,10.8,15.41
2025,17,Colombo,28.61,76.46,5.99,12.6
2025,17,Galle,27.9,85.8,8.5,16.24
2025,17,Gampaha,28.4,83.94,28.4,14.66
2025,17,Hambantota,27.96,58.31,1.31,19.41
2025,17,Jaffna,28.61,76.46,5.99,12.6
2025,17,Kalmunai,28.66,78.77,4.47,13.36
2025,17,Kalutara,28.67,80.36,44.67,12.4
2025,17,Kandy,21.93,90.23,8.18,10.81
2025,17,Kegalle,26.37,86.13,18.58,13.84
2025,17,Kilinochchi,29.71,83.51,8.08,14.59
2025,17,Kurunegala,25.66,88.59,30.89,15.87
2025,17,Mannar,29.97,83.1,0.27,22.93
2025,17,Matale,21.61,91.23,11.17,11.81
2025,17,Matara,28.33,60.97,7.1,19.26
2025,17,Monaragala,24.47,85.26,21.03,9.63
2025,17,Mullaitivu,28.99,78.91,33.5,13.99
2025,17,Nuwara Eliya,18.86,94.9,18.58,10.8
2025,17,Polonnaruwa,28.81,71.01,20.43,9.8
2025,17,Puttalam,28.67,73.77,39,17.53
2025,17,Ratnapura,26.47,87.46,0.21,11.39
2025,17,Trincomalee,28.61,80.14,77.4,13.47
2025,17,Vavuniya,28.97,74.09,29.6,13.27
2025,18,Ampara,28.43,81.19,4.56,12.16
2025,18,Anuradhapura,28.8,63.64,44.65,11.94
2025,18,Badulla,21.77,84.86,32.97,8.94
2025,18,Batticaloa,28.8,80.93,11.5,15.43
2025,18,Colombo,28.89,77.86,8.54,15.03
2025,18,Galle,27.91,84.34,20.09,17.09
2025,18,Gampaha,28.83,83.93,14.5,17.91
2025,18,Hambantota,27.76,65.73,27.02,20.46
2025,18,Jaffna,28.89,77.86,8.54,15.03
2025,18,Kalmunai,28.43,81.2,3.96,13.86
2025,18,Kalutara,28.93,81.21,34.48,14.64
2025,18,Kandy,22.74,84.67,49.84,9.19
2025,18,Kegalle,27.3,83.97,18.5,16.3
2025,18,Kilinochchi,30,81.5,3.82,17.5
2025,18,Kurunegala,26.84,85.09,1.87,18.74
2025,18,Mannar,30.07,82.77,10.74,27.4
2025,18,Matale,22.96,83.93,42.85,11.01
2025,18,Matara,27.96,68.93,40.7,19.06
2025,18,Monaragala,24.7,84.23,42.37,10.33
2025,18,Mullaitivu,29.1,80.14,13.1,16.46
2025,18,Nuwara Eliya,19.53,87.41,61.46,11.2
2025,18,Polonnaruwa,28.71,65.07,32.93,9.36
2025,18,Puttalam,29.09,65.3,21.3,19.33
2025,18,Ratnapura,27.04,85.83,2.01,12.47
2025,18,Trincomalee,28.73,80.04,43.7,13.47
2025,18,Vavuniya,29.09,66.73,18.82,12.46
2025,19,Ampara,29.34,77.46,18.28,9.46
2025,19,Anuradhapura,29.14,69.96,1.29,16.36
2025,19,Badulla,22.59,81.77,28.64,8.91
2025,19,Batticaloa,29.46,77.8,15.5,14.14
2025,19,Colombo,28.9,79.36,50.86,13.97
2025,19,Galle,28.21,83.06,36.56,34.79
2025,19,Gampaha,28.59,85.47,91.09,14.66
2025,19,Hambantota,28.4,72.4,0.51,22.84
2025,19,Jaffna,28.9,79.36,50.86,13.97
2025,19,Kalmunai,29.26,77.79,18.1,12.84
2025,19,Kalutara,28.91,81.96,67.96,13.97
2025,19,Kandy,23.29,82.5,27.83,10.83
2025,19,Kegalle,27.49,84.07,83.49,14.37
2025,19,Kilinochchi,30.26,78.96,2.1,21.57
2025,19,Kurunegala,27.23,85.39,102.83,15.5
2025,19,Mannar,30.33,79.93,1,31.83
2025,19,Matale,24.4,80.19,21.2,14.66
2025,19,Matara,28.41,75.69,33.12,27.33
2025,19,Monaragala,25.26,81.54,23.97,9.04
2025,19,Mullaitivu,29.69,76.54,4.3,24.59
2025,19,Nuwara Eliya,19.87,84.09,6.92,11.34
2025,19,Polonnaruwa,29.16,69.63,9.34,14.09
2025,19,Puttalam,29.34,70.96,3.4,21.94
2025,19,Ratnapura,26.96,84.93,0.5,12.57
2025,19,Trincomalee,29.54,74.89,4.7,19.03
2025,19,Vavuniya,29.41,70.13,2.3,16.01
2025,20,Ampara,29.67,74.37,3.35,11.23
2025,20,Anuradhapura,28.5,75.83,30.83,18.91
2025,20,Badulla,21.9,79.27,10.72,16.34
2025,20,Batticaloa,29.64,76.46,7.4,14.51
2025,20,Colombo,28.77,79.87,39.5,16.13
2025,20,Galle,27.49,89.37,66.65,31.31
2025,20,Gampaha,28.64,86.01,72.62,16.7
2025,20,Hambantota,28.54,59.86,8.22,25.8
2025,20,Jaffna,28.77,79.87,39.5,16.13
2025,20,Kalmunai,29.57,75.24,4.14,12.31
2025,20,Kalutara,28.6,84.03,69.27,16.13
2025,20,Kandy,22.59,81.36,38.7,15.3
2025,20,Kegalle,26.87,83.71,66.54,16.36
2025,20,Kilinochchi,29.83,84.86,22.65,21.6
2025,20,Kurunegala,26.63,83.04,110.9,17.67
2025,20,Mannar,29.89,86.13,59.1,32
2025,20,Matale,22.64,77.9,38.9,18.76
2025,20,Matara,28.71,65.1,46.28,25.2
2025,20,Monaragala,25.39,76.67,19.3,16.36
2025,20,Mullaitivu,29.29,79.8,87.3,21.3
2025,20,Nuwara Eliya,19.51,81.46,10.2,19.03
2025,20,Polonnaruwa,28.86,72.64,29.69,19.53
2025,20,Puttalam,29.06,75.66,104.09,24.63
2025,20,Ratnapura,26.07,91.89,7.61,11.41
2025,20,Trincomalee,29.24,76.76,19.1,23.61
2025,20,Vavuniya,28.9,76.61,77.19,17.74
2025,21,Ampara,30.17,71.61,2.36,10.46
2025,21,Anuradhapura,28.71,72.13,0.84,24.3
2025,21,Badulla,21.59,75.51,10.92,26.29
2025,21,Batticaloa,30.19,72.87,6.2,15.84
2025,21,Colombo,28.54,79.83,14.42,16.67
2025,21,Galle,27.47,90.63,49.68,27.64
2025,21,Gampaha,28.53,86.34,24.68,16.1
2025,21,Hambantota,28.43,54.77,5.3,28.61
2025,21,Jaffna,28.54,79.83,14.42,16.67
2025,21,Kalmunai,30.06,72.64,4.19,11.49
2025,21,Kalutara,28.51,83.74,38.53,15.61
2025,21,Kandy,22.04,78.41,29.76,24.33
2025,21,Kegalle,26.5,82.29,32.31,17.16
2025,21,Kilinochchi,30.3,81.77,2.27,29.06
2025,21,Kurunegala,25.91,82.06,34.03,23.53
2025,21,Mannar,30.31,83.81,0.05,38.93
2025,21,Matale,21.77,73.77,19.5,29.41
2025,21,Matara,28.54,59.97,31.82,26.71
2025,21,Monaragala,25.63,72.67,1.56,23.27
2025,21,Mullaitivu,29.93,75.39,9.5,26.64
2025,21,Nuwara Eliya,19.16,77.04,13.13,30.1
2025,21,Polonnaruwa,29.1,69.53,4.67,25.16
2025,21,Puttalam,28.96,74,19.1,29.81
2025,21,Ratnapura,26.14,89.96,17.16,12.71
2025,21,Trincomalee,29.81,73.41,3.5,28.71
2025,21,Vavuniya,29.27,73.17,10.2,24.84
2025,22,Ampara,30.61,66.71,0.08,12.81
2025,22,Anuradhapura,29.17,75.53,0.93,28.44
2025,22,Badulla,21.54,65.34,1.23,31.31
2025,22,Batticaloa,30.61,67.74,1.8,23.81
2025,22,Colombo,28.86,77.14,2.82,18.51
2025,22,Galle,27.37,92.11,129.83,33.61
2025,22,Gampaha,28.8,85.11,24.82,19.51
2025,22,Hambantota,28.13,54.5,5.2,34.16
2025,22,Jaffna,28.86,77.14,2.82,18.51
2025,22,Kalmunai,30.46,67.91,0.1,15.03
2025,22,Kalutara,28.8,82.03,34.62,18.23
2025,22,Kandy,21.94,71.04,99.01,29.24
2025,22,Kegalle,26.53,79.14,62.32,21.51
2025,22,Kilinochchi,30.31,81.16,0.1,32.2
2025,22,Kurunegala,25.87,78.51,69.47,27.1
2025,22,Mannar,30,85.67,0,31.54
2025,22,Matale,21.39,66.97,86.16,35.09
2025,22,Matara,28.23,60.09,99.52,26.86
2025,22,Monaragala,25.97,66.51,1.19,30.24
2025,22,Mullaitivu,30.27,73.27,1.3,29.89
2025,22,Nuwara Eliya,18.93,67.01,39.29,36.2
2025,22,Polonnaruwa,29.46,73.06,11.99,29.99
2025,22,Puttalam,29.11,77.74,11.5,35.04
2025,22,Ratnapura,26.73,90.24,29.44,18.74
2025,22,Trincomalee,29.96,72.2,1.2,32.27
2025,22,Vavuniya,29.67,75.36,0.9,28.5
2025,23,Ampara,30.56,66.93,0.3,11.89
2025,23,Anuradhapura,29.07,76.26,1.43,22.4
2025,23,Badulla,21.31,79.69,0.6,16.77
2025,23,Batticaloa,30.19,69.87,2,15.59
2025,23,Colombo,29.4,72.19,0.16,17.6
2025,23,Galle,27.99,85.27,6.1,23.96
2025,23,Gampaha,29.21,80.74,0.57,17.77
2025,23,Hambantota,28.77,54.17,0.2,28.13
2025,23,Jaffna,29.4,72.19,0.16,17.6
2025,23,Kalmunai,30.33,68.96,0.3,13.31
2025,23,Kalutara,29.3,77.06,1.53,16.67
2025,23,Kandy,22,82.31,7.1,16.91
2025,23,Kegalle,27.06,81.23,2.17,17.5
2025,23,Kilinochchi,30.36,81.33,0.95,25.26
2025,23,Kurunegala,26.34,83.07,0.72,19.49
2025,23,Mannar,29.96,85.7,0.12,29.76
2025,23,Matale,21.69,81.36,5.57,20.06
2025,23,Matara,28.9,59.31,4.07,26.6
2025,23,Monaragala,25.56,73.47,4.74,14.6
2025,23,Mullaitivu,30.13,72.24,4.1,24.1
2025,23,Nuwara Eliya,18.73,84.79,0.91,19.61
2025,23,Polonnaruwa,30.03,68.16,3.96,23.5
2025,23,Puttalam,28.96,81.21,2,26.63
2025,23,Ratnapura,27.21,84.93,0.8,12.67
2025,23,Trincomalee,30.13,68.99,14.3,25.93
2025,23,Vavuniya,29.79,79.44,4.1,21.8
2025,24,Ampara,29.81,65.71,0.61,13.23
2025,24,Anuradhapura,27.51,82.79,2.24,29.27
2025,24,Badulla,20.53,62.51,1.15,29.94
2025,24,Batticaloa,29.89,68.23,1.6,18.57
2025,24,Colombo,27.79,80.09,9.27,24.06
2025,24,Galle,26.49,92.4,34.27,30.03
2025,24,Gampaha,27.79,86.3,37.53,23.84
2025,24,Hambantota,27.14,79.5,11.9,31.43
2025,24,Jaffna,27.79,80.09,9.27,24.06
2025,24,Kalmunai,29.7,67.1,0.42,11.7
2025,24,Kalutara,27.66,84.41,45.96,23.6
2025,24,Kandy,20.74,68.59,60.01,27.54
2025,24,Kegalle,25.51,78.53,56.96,23.83
2025,24,Kilinochchi,29.67,82.63,0.1,31.83
2025,24,Kurunegala,24.83,76.11,91.11,27.83
2025,24,Mannar,29.53,83.97,0.5,43.39
2025,24,Matale,20.36,64.26,57.26,33.73
2025,24,Matara,27.2,81.17,28.98,30.44
2025,24,Monaragala,25,64.46,5.92,27.26
2025,24,Mullaitivu,29.66,73.33,0.2,29.63
2025,24,Nuwara Eliya,17.8,62.17,1.85,34.07
2025,24,Polonnaruwa,28.27,77.01,15.54,28.99
2025,24,Puttalam,27.89,84.07,10.4,34.47
2025,24,Ratnapura,24.97,90.06,2.8,14.64
2025,24,Trincomalee,29.07,73.03,1.3,32.29
2025,24,Vavuniya,28.94,80.5,1.85,28.46
2025,25,Ampara,30.23,66.91,0.03,11.11
2025,25,Anuradhapura,28.19,77.89,1.4,24.33
2025,25,Badulla,21.44,75.67,0.41,22.09
2025,25,Batticaloa,30,70.26,0.1,14.26
2025,25,Colombo,28.46,77.07,0.83,16.09
2025,25,Galle,27.3,88.89,31.48,29
2025,25,Gampaha,28.56,83.84,13.64,17.14
2025,25,Hambantota,28.57,73.76,0.4,29.21
2025,25,Jaffna,28.46,77.07,0.83,16.09
2025,25,Kalmunai,30.04,68.83,0,11.84
2025,25,Kalutara,28.49,81.06,8.71,16.09
2025,25,Kandy,21.86,79.17,24.89,20.63
2025,25,Kegalle,26.49,81.91,21.88,17.91
2025,25,Kilinochchi,29.76,83.5,0,25.71
2025,25,Kurunegala,25.91,82.27,34.17,21.9
2025,25,Mannar,29.53,86.73,0,34.09
2025,25,Matale,21.39,79.23,22.62,24.71
2025,25,Matara,28.5,76.07,26.55,28.41
2025,25,Monaragala,25.66,70.86,2.04,18.33
2025,25,Mullaitivu,29.91,71.83,3.1,24.27
2025,25,Nuwara Eliya,18.66,80.34,1.64,24.83
2025,25,Polonnaruwa,28.73,74.5,4.2,26.01
2025,25,Puttalam,28.3,80.27,1.4,27.73
2025,25,Ratnapura,26.47,87.44,5.28,13.86
2025,25,Trincomalee,29.96,68.84,0.5,27.46
2025,25,Vavuniya,29.04,78.01,0.4,23.36
2025,26,Ampara,30.24,66.17,0,12
2025,26,Anuradhapura,28.3,79.29,0.39,22.71
2025,26,Badulla,21.56,73.31,5.03,23.79
2025,26,Batticaloa,30.04,68.89,0,15.53
2025,26,Colombo,28.69,74.7,1.54,16.87
2025,26,Galle,27.59,86.91,10.09,25.16
2025,26,Gampaha,28.59,83.3,5.34,18.84
2025,26,Hambantota,28.89,71.3,0.2,29.11
2025,26,Jaffna,28.69,74.7,1.54,16.87
2025,26,Kalmunai,29.93,68.4,0,12.74
2025,26,Kalutara,28.73,79.4,12.25,16.86
2025,26,Kandy,22.06,77.61,16.38,22.17
2025,26,Kegalle,26.56,81.94,10.34,19.06
2025,26,Kilinochchi,29.97,82.83,0.2,25.14
2025,26,Kurunegala,25.81,83.03,13.82,22.94
2025,26,Mannar,29.61,86.13,0.4,32.03
2025,26,Matale,21.26,77.77,15.75,26.49
2025,26,Matara,28.81,73.37,8.61,28.9
2025,26,Monaragala,25.76,69.2,9.04,23.66
2025,26,Mullaitivu,29.89,71.96,2.6,23.81
2025,26,Nuwara Eliya,18.69,79.36,3.16,27.26
2025,26,Polonnaruwa,28.81,76.14,2.98,23.66
2025,26,Puttalam,28.31,81.99,45.29,27.61
2025,26,Ratnapura,27.09,86.03,1.3,12.76
2025,26,Trincomalee,30.01,68.7,0.4,25.86
2025,26,Vavuniya,29.11,78.5,0.7,22.37
2025,27,Ampara,30.64,64.43,0.2,11.29
2025,27,Anuradhapura,28.67,76.86,0,24.21
2025,27,Badulla,21.69,81.26,0.1,24.4
2025,27,Batticaloa,30.39,66.11,0.2,16.67
2025,27,Colombo,29.17,72.81,0.24,16.41
2025,27,Galle,27.99,83.6,5.8,24.93
2025,27,Gampaha,29.06,81.47,0.76,18.07
2025,27,Hambantota,29.23,69.34,0.1,28.97
2025,27,Jaffna,29.17,72.81,0.24,16.41
2025,27,Kalmunai,30.36,66.69,0,11.4
2025,27,Kalutara,29.24,77.36,2.03,16.41
2025,27,Kandy,22.17,84.41,0.34,22.74
2025,27,Kegalle,26.91,83.27,0.82,17.9
2025,27,Kilinochchi,30.11,80.6,0,24.64
2025,27,Kurunegala,26.03,86.06,1.69,22.46
2025,27,Mannar,29.77,84.06,0.3,32.29
2025,27,Matale,21.3,87.09,1.46,27.04
2025,27,Matara,29.11,71.67,4.9,28.81
2025,27,Monaragala,25.91,72.7,0.26,19.01
2025,27,Mullaitivu,30.2,69.61,0.3,23.96
2025,27,Nuwara Eliya,18.57,90.96,2.09,27.41
2025,27,Polonnaruwa,29.17,73.64,0,26.07
2025,27,Puttalam,28.7,79.57,0.4,28.5
2025,27,Ratnapura,27.56,82.5,1.3,12.94
2025,27,Trincomalee,30.49,66,0.2,26.27
2025,27,Vavuniya,29.4,76.16,0,22.89
2025,28,Ampara,30.54,66.69,4.49,12.44
2025,28,Anuradhapura,29.06,75.63,1.2,20.47
2025,28,Badulla,21.83,74.5,9.24,20.21
2025,28,Batticaloa,30.33,68.77,0.1,19.6
2025,28,Colombo,29.36,71.1,0.12,16.93
2025,28,Galle,27.99,83.94,5,33.03
2025,28,Gampaha,29.24,79.69,0.39,17.37
2025,28,Hambantota,29.41,67.91,0.01,29.9
2025,28,Jaffna,29.36,71.1,0.12,16.93
2025,28,Kalmunai,30.31,68.17,1.87,14.57
2025,28,Kalutara,29.4,75.76,0.99,17.17
2025,28,Kandy,22.37,79.1,2.45,19.61
2025,28,Kegalle,27.14,79.59,0.92,17.23
2025,28,Kilinochchi,30.64,78.74,0.29,22.71
2025,28,Kurunegala,26.39,81.23,1,19.74
2025,28,Mannar,30.04,83.3,0.01,27.3
2025,28,Matale,21.66,79.31,3.18,22.47
2025,28,Matara,29.19,71.31,3.65,28.4
2025,28,Monaragala,26.03,70.46,22.6,20.19
2025,28,Mullaitivu,30.17,72.29,4.1,22.47
2025,28,Nuwara Eliya,18.74,83.13,3.8,23.11
2025,28,Polonnaruwa,29.51,72.29,0.83,22.93
2025,28,Puttalam,29.04,78.31,0.4,35.54
2025,28,Ratnapura,27.39,82.96,1.7,15.46
2025,28,Trincomalee,30.34,68.21,2.5,26.06
2025,28,Vavuniya,29.8,74.79,1.2,18.47
2025,29,Ampara,29.89,64.13,3.57,14.39
2025,29,Anuradhapura,28.1,76.33,0.5,24.16
2025,29,Badulla,19.74,58.31,19.06,27.5
2025,29,Batticaloa,29.89,66.41,1.3,24.84
2025,29,Colombo,27.91,74.11,1.98,19.21
2025,29,Galle,26.61,89.71,34.27,31.03
2025,29,Gampaha,27.89,82.09,1.1,19.23
2025,29,Hambantota,28.34,68.63,2.8,34.76
2025,29,Jaffna,27.91,74.11,1.98,19.21
2025,29,Kalmunai,29.83,65.13,0.58,18.56
2025,29,Kalutara,27.87,79.24,3.88,18.96
2025,29,Kandy,20.31,64.53,5.28,26.11
2025,29,Kegalle,25.53,74.43,6.07,20.5
2025,29,Kilinochchi,29.84,78.33,1,24.63
2025,29,Kurunegala,24.66,71.94,0.41,25.34
2025,29,Mannar,29.6,80.57,0.2,27.27
2025,29,Matale,19.57,60.13,7.33,30.89
2025,29,Matara,28.07,72.1,28.79,30.87
2025,29,Monaragala,24.73,63.84,37.14,22.99
2025,29,Mullaitivu,29.57,72.9,14,24.13
2025,29,Nuwara Eliya,16.81,58.36,62.14,31.17
2025,29,Polonnaruwa,28.27,74.69,0.65,25.56
2025,29,Puttalam,28.14,78.76,1.1,31.41
2025,29,Ratnapura,25.69,88.04,9,16.54
2025,29,Trincomalee,29.49,69.17,1.6,28.49
2025,29,Vavuniya,28.87,75.44,1.4,21.63
2025,30,Ampara,28.46,61.47,1.72,14.1
2025,30,Anuradhapura,27.96,71.09,1.9,25.4
2025,30,Badulla,20.67,63.17,6.98,27.23
2025,30,Batticaloa,29.76,63.81,1,25.1
2025,30,Colombo,27.21,78.2,5.61,17.04
2025,30,Galle,26.67,86.04,17.89,23.59
2025,30,Gampaha,27.29,85.14,18.98,16.41
2025,30,Hambantota,28.23,69.51,1.9,30.4
2025,30,Jaffna,27.21,78.2,5.61,17.04
2025,30,Kalmunai,28.21,63.31,1,17.73
2025,30,Kalutara,27.33,81.73,28.39,15.76
2025,30,Kandy,20.94,69,46.42,25.13
2025,30,Kegalle,25.57,79.14,24.99,18.43
2025,30,Kilinochchi,29.21,78.23,0.2,30
2025,30,Kurunegala,24.86,78.14,28.16,23.03
2025,30,Mannar,28.56,83.59,0.6,37.67
2025,30,Matale,20.57,65.93,38.34,30.61
2025,30,Matara,28.01,72.33,13.99,30.24
2025,30,Monaragala,24.63,64.09,7.08,24.89
2025,30,Mullaitivu,29.13,70.79,1.8,27.77
2025,30,Nuwara Eliya,17.76,65.17,5.79,31.19
2025,30,Polonnaruwa,28.39,68.17,8.08,26.94
2025,30,Puttalam,27.79,75.44,3.8,28.46
2025,30,Ratnapura,25.96,82.84,3.14,11.13
2025,30,Trincomalee,29.19,67.97,4,45.93
2025,30,Vavuniya,28.54,71.4,2,25.61
2025,31,Ampara,28.61,73.9,6.74,13.33
2025,31,Anuradhapura,27.61,76.81,3.32,15.27
2025,31,Badulla,21.09,75.96,15.74,13.39
2025,31,Batticaloa,28.71,78.01,9.3,15.33
2025,31,Colombo,27.44,73.86,0.34,14.33
2025,31,Galle,27,86.87,5.9,27.97
2025,31,Gampaha,27.41,83.64,0.38,15.47
2025,31,Hambantota,28.61,69.24,0.23,26.26
2025,31,Jaffna,27.44,73.86,0.34,14.33
2025,31,Kalmunai,28.46,74.96,6.26,14.24
2025,31,Kalutara,27.56,79.39,0.75,16.03
2025,31,Kandy,21.7,79.86,28.92,12.74
2025,31,Kegalle,25.8,81.31,12.69,14.83
2025,31,Kilinochchi,29.5,81.39,16.8,15.94
2025,31,Kurunegala,25.26,82.81,2.6,16.57
2025,31,Mannar,28.89,86.96,0.72,22.59
2025,31,Matale,21.29,77.91,24.04,15.44
2025,31,Matara,28.36,72.24,3.36,24.19
2025,31,Monaragala,24.5,73.71,36.26,12.76
2025,31,Mullaitivu,28.66,76.91,60.6,17.77
2025,31,Nuwara Eliya,18.66,78.03,64.32,14.7
2025,31,Polonnaruwa,28.11,74.34,7.94,13.9
2025,31,Puttalam,27.8,78.51,0.2,18.3
2025,31,Ratnapura,26,85.51,2.71,12.01
2025,31,Trincomalee,28.83,73.79,13.1,18.64
2025,31,Vavuniya,28.21,77.63,57.7,14.51
2025,32,Ampara,29.39,69.8,7.77,13.44
2025,32,Anuradhapura,27.66,72.96,0.01,19.96
2025,32,Badulla,20.39,80.04,0.46,17.1
2025,32,Batticaloa,28.86,75.64,7.1,16.27
2025,32,Colombo,27.79,76.23,2.66,19.39
2025,32,Galle,27.27,83.81,8.1,22.67
2025,32,Gampaha,27.63,84.11,5.75,19.6
2025,32,Hambantota,28.03,72.99,0,27.53
2025,32,Jaffna,27.79,76.23,2.66,19.39
2025,32,Kalmunai,29.4,70.6,9.04,14.4
2025,32,Kalutara,27.86,79.64,4.74,19.39
2025,32,Kandy,21.14,83.26,5.6,15.8
2025,32,Kegalle,25.86,83.46,6.81,19.5
2025,32,Kilinochchi,28.67,82.56,0.53,21.39
2025,32,Kurunegala,25.31,84.94,11,20.13
2025,32,Mannar,28.31,87.39,0.31,33.73
2025,32,Matale,21.04,82.23,5.41,18.24
2025,32,Matara,27.8,76.74,4.61,25.24
2025,32,Monaragala,24.36,74.44,0.54,17.24
2025,32,Mullaitivu,28.7,74.64,4.4,21.39
2025,32,Nuwara Eliya,17.24,86.34,1.4,19.56
2025,32,Polonnaruwa,28.11,69.89,1.91,21.27
2025,32,Puttalam,27.81,77.31,0.9,23.2
2025,32,Ratnapura,26.24,83.1,1.66,12.6
2025,32,Trincomalee,29.29,68.06,0.9,24.33
2025,32,Vavuniya,28.2,75.34,2.1,17.89
2025,33,Ampara,30.2,62.16,0.73,11
2025,33,Anuradhapura,27.86,70.46,0.3,25.44
2025,33,Badulla,21.09,75.41,0.01,26.96
2025,33,Batticaloa,29.57,65.99,1.9,18.37
2025,33,Colombo,28.23,78.63,1.68,18.27
2025,33,Galle,27.23,85.47,31.77,24.59
2025,33,Gampaha,28.09,85.54,4.88,18.8
2025,33,Hambantota,28.37,71.03,1,31
2025,33,Jaffna,28.23,78.63,1.68,18.27
2025,33,Kalmunai,29.84,65.3,1.17,11.37
2025,33,Kalutara,28.17,81.99,14.34,18.27
2025,33,Kandy,21.14,81.97,22.11,25.19
2025,33,Kegalle,26.33,85.06,7.18,19.06
2025,33,Kilinochchi,28.69,81.79,0.1,26.54
2025,33,Kurunegala,25.76,86.37,3.46,23.2
2025,33,Mannar,28.34,86.79,0,36.91
2025,33,Matale,21.16,83.79,16.67,29.71
2025,33,Matara,28.24,74.14,24.66,30.17
2025,33,Monaragala,25.34,70.86,0.5,22.63
2025,33,Mullaitivu,28.96,71.44,0.4,25.34
2025,33,Nuwara Eliya,17.47,85.74,3.12,29.94
2025,33,Polonnaruwa,28.27,67.2,4,24.69
2025,33,Puttalam,28.17,72.57,0.3,29.63
2025,33,Ratnapura,25.79,86.16,5.3,13.9
2025,33,Trincomalee,29.36,66.87,0.2,28.34
2025,33,Vavuniya,28.39,72.09,0.2,23.6
2025,34,Ampara,29.94,67.23,1.58,13.27
2025,34,Anuradhapura,28.7,69.67,1.5,17.73
2025,34,Badulla,25.17,62.06,0.63,10.93
2025,34,Batticaloa,29.04,73.83,0.2,20.56
2025,34,Colombo,28.56,80.37,0.1,16.69
2025,34,Galle,27.34,84.03,4.7,25.24
2025,34,Gampaha,28.39,84.49,0.12,17.69
2025,34,Hambantota,28.56,73.86,0,29.1
2025,34,Jaffna,28.56,80.37,0.1,16.69
2025,34,Kalmunai,28.94,73.96,2.1,18.24
2025,34,Kalutara,28.6,81.37,0.3,16.69
2025,34,Kandy,24.37,73.29,0.66,12.17
2025,34,Kegalle,28.13,82.64,0.16,17.01
2025,34,Kilinochchi,29.43,72.77,0.1,19.96
2025,34,Kurunegala,28.3,83.53,0.6,19.51
2025,34,Mannar,27.99,84.54,0.1,31.47
2025,34,Matale,26.39,75.1,0.25,16.6
2025,34,Matara,28.51,76.34,0.4,27.04
2025,34,Monaragala,27.16,65.2,7.29,13.13
2025,34,Mullaitivu,29.03,73.24,2.6,18.67
2025,34,Nuwara Eliya,20.67,77.87,5.42,15.9
2025,34,Polonnaruwa,29.2,66.2,0.94,16.46
2025,34,Puttalam,28.41,74.3,0,21.5
2025,34,Ratnapura,26.5,81.4,0.4,12.23
2025,34,Trincomalee,29.2,70.97,4.5,20.24
2025,34,Vavuniya,29,69.14,0.66,15.79
2025,35,Ampara,30.64,61.89,9,10.71
2025,35,Anuradhapura,28.67,71.5,4.7,24.41
2025,35,Badulla,23.1,67.76,0.8,21.9
2025,35,Batticaloa,29.8,67.74,1.4,18.11
2025,35,Colombo,28,78.69,35.4,19.97
2025,35,Galle,27.34,83.37,45.2,28.91
2025,35,Gampaha,28.06,83.24,52.5,17
2025,35,Hambantota,27.64,75.59,3.7,34.13
2025,35,Jaffna,28,78.69,35.4,19.97
2025,35,Kalmunai,29.94,65.26,1.1,13.64
2025,35,Kalutara,27.84,81.07,66.8,18.84
2025,35,Kandy,22.17,78.76,8.7,23.41
2025,35,Kegalle,26.34,82.74,47.5,17.11
2025,35,Kilinochchi,29.53,76.71,0.5,26.4
2025,35,Kurunegala,26.03,83.1,32.4,20.46
2025,35,Mannar,28.77,82.27,2.7,31.47
2025,35,Matale,22.61,80.46,21.3,27.2
2025,35,Matara,27.73,77.14,27.2,28.41
2025,35,Monaragala,26.61,66.99,38.8,20.99
2025,35,Mullaitivu,29.57,70.63,3,25.16
2025,35,Nuwara Eliya,19,82.8,34.3,26.94
2025,35,Polonnaruwa,29.39,67.11,2.3,25.03
2025,35,Puttalam,28.14,77.63,5.6,29.4
2025,35,Ratnapura,25.43,84.17,44.2,14.63
2025,35,Trincomalee,29.47,68.84,5.2,27.97
2025,35,Vavuniya,29.24,69.74,3.8,22.94
2025,36,Ampara,30,65.67,21.9,11.97
2025,36,Anuradhapura,28.63,70.06,12.8,20.43
2025,36,Badulla,21.44,69.51,18.7,18.66
2025,36,Batticaloa,29.49,69.44,6,18.01
2025,36,Colombo,28.53,73.34,8.5,17.73
2025,36,Galle,27.89,79.67,13.3,27
2025,36,Gampaha,28.41,79.56,19.4,17.69
2025,36,Hambantota,28.39,69.03,0.2,33.07
2025,36,Jaffna,28.53,73.34,8.5,17.73
2025,36,Kalmunai,29.71,67.69,7.4,14.1
2025,36,Kalutara,28.46,76.67,18.6,17.26
2025,36,Kandy,21.53,75.89,22.6,18.7
2025,36,Kegalle,26.3,78.21,26.8,17.13
2025,36,Kilinochchi,29.23,81.17,7.9,21.96
2025,36,Kurunegala,25.54,79.61,17.8,19.46
2025,36,Mannar,29.2,83.14,1.1,24.94
2025,36,Matale,21.27,76.74,36.8,20.77
2025,36,Matara,28.33,70.94,9.1,26.94
2025,36,Monaragala,25.29,68.16,25.1,16.76
2025,36,Mullaitivu,29.03,74.36,7.6,21.09
2025,36,Nuwara Eliya,18.01,78.36,31.5,20.64
2025,36,Polonnaruwa,29.06,66.69,34.1,20.71
2025,36,Puttalam,28.49,73.97,0.7,23.61
2025,36,Ratnapura,26.51,79.86,38.9,13.23
2025,36,Trincomalee,29.36,69.31,6,24.64
2025,36,Vavuniya,28.93,70.43,13,17.69
2025,37,Ampara,28.91,72.57,17.2,13.66
2025,37,Anuradhapura,28.46,71.01,42.3,18.71
2025,37,Badulla,20.47,79.11,38.4,16.96
2025,37,Batticaloa,29.19,74.29,3.9,19.33
2025,37,Colombo,29.06,70.36,20.6,17.01
2025,37,Galle,27.99,80.97,15.1,23.67
2025,37,Gampaha,28.83,79.01,30.1,17.84
2025,37,Hambantota,28.5,71.24,2.8,29.77
2025,37,Jaffna,29.06,70.36,20.6,17.01
2025,37,Kalmunai,28.83,73.36,12,14.91
2025,37,Kalutara,28.94,75.16,40.2,17
2025,37,Kandy,21.16,81.41,31.5,15.73
2025,37,Kegalle,26.51,79.3,20.5,17.39
2025,37,Kilinochchi,29.04,83.46,4.9,19.73
2025,37,Kurunegala,25.59,82.34,14.1,20.27
2025,37,Mannar,29.16,85.04,5.6,26.94
2025,37,Matale,20.64,81.26,12.8,20.04
2025,37,Matara,28.44,73.27,11.7,26.07
2025,37,Monaragala,24.33,74.47,25.3,15.91
2025,37,Mullaitivu,28.9,75.2,6,19.96
2025,37,Nuwara Eliya,17.6,83.93,57,19.19
2025,37,Polonnaruwa,28.77,69.76,6.9,17.79
2025,37,Puttalam,28.7,73.06,0.9,23.41
2025,37,Ratnapura,26.96,80.57,81.7,12
2025,37,Trincomalee,29.37,69.71,4.9,21.8
2025,37,Vavuniya,28.6,72.66,30.2,17.07
2025,38,Ampara,29.3,69.67,28,13.67
2025,38,Anuradhapura,28.3,71.38,4.6,21.59
2025,38,Badulla,20.26,80.62,43.4,17
2025,38,Batticaloa,28.81,76.33,9.8,14.55
2025,38,Colombo,28.18,77.96,59.7,17.46
2025,38,Galle,26.86,88.06,60.8,23.03
2025,38,Gampaha,28.07,85.22,58.9,18.86
2025,38,Hambantota,28.04,72.43,15.1,29.94
2025,38,Jaffna,28.13,79.63,63.3,19.26
2025,38,Kalmunai,29.17,71.13,23.1,15.61
2025,38,Kalutara,28,82.07,78.6,17.46
2025,38,Kandy,20.54,84.53,17.2,17.17
2025,38,Kegalle,25.78,85.68,39.1,25.7
2025,38,Kilinochchi,28.54,85.47,12.7,22.13
2025,38,Kurunegala,25.25,87.88,37.1,38.46
2025,38,Mannar,28.65,86.75,22,31.36
2025,38,Matale,20.4,84.67,13.7,24.94
2025,38,Matara,27.96,75.56,40,23.9
2025,38,Monaragala,24.57,74.17,39.7,14.98
2025,38,Mullaitivu,28.78,75.17,9.2,21.23
2025,38,Nuwara Eliya,17.37,87.11,36.6,19.14
2025,38,Polonnaruwa,28.58,69.23,3.3,22.04
2025,38,Puttalam,28.49,73.26,23.4,25.65
2025,38,Ratnapura,25.5,88.06,33.7,13.4
2025,38,Trincomalee,29.27,69.81,4.2,23.43
2025,38,Vavuniya,28.49,71.91,6.8,19.92
2025,39,Ampara,30.22857142857143,61.21428571428572,13.4,13.54285714285714
2025,39,Anuradhapura,28.3,74.60000000000001,8.7,25.61428571428572
2025,39,Badulla,19.85714285714286,79.39999999999999,6.2,26.02857142857143
2025,39,Batticaloa,29.75714285714286,66.77142857142857,0.5,15.12857142857143
2025,39,Colombo,28.05714285714286,79.98571428571428,57.90000000000001,17.45714285714286
2025,39,Galle,26.94285714285714,88.17142857142858,67.4,24.77142857142857
2025,39,Gampaha,27.98571428571429,85.84285714285714,57.90000000000001,17.67142857142857
2025,39,Hambantota,27.67142857142857,72.54285714285714,9.4,28.85714285714286
2025,39,Jaffna,29.04285714285714,84.97142857142858,12,34.92857142857143
2025,39,Kalmunai,30.08571428571429,63.45714285714286,4,13.37142857142857
2025,39,Kalutara,27.8,84.28571428571429,71.5,17.45714285714286
2025,39,Kandy,20.34285714285715,83.37142857142858,9.2,23.82857142857143
2025,39,Kegalle,25.77142857142857,86.15714285714286,43.8,17.61428571428571
2025,39,Kilinochchi,29.2,81.95714285714287,1.3,30.02857142857143
2025,39,Kurunegala,24.48571428571429,87.82857142857142,44.9,23.08571428571429
2025,39,Mannar,29.05714285714286,83.34285714285714,4.5,34.3
2025,39,Matale,19.95714285714286,83.84285714285714,19.8,29.05714285714286
2025,39,Matara,27.44285714285714,77.12857142857142,52.7,24.25714285714286
2025,39,Monaragala,24.68571428571429,69.57142857142857,11.3,24.68571428571429
2025,39,Mullaitivu,29.42857142857143,70.61428571428571,0.8,28.02857142857143
2025,39,Nuwara Eliya,17,85.35714285714286,31.8,29.41428571428571
2025,39,Polonnaruwa,28.75714285714286,70.87142857142858,3,26.08571428571429
2025,39,Puttalam,28.6,75.87142857142858,29.9,28.9
2025,39,Ratnapura,26.3,90.1,62.6,17.45714285714286
2025,39,Trincomalee,29.45714285714286,67.98571428571428,2.5,28.95714285714286
2025,39,Vavuniya,28.82857142857143,72.7,4.7,26.78571428571428
2025,40,Ampara,29.27142857142857,67.2,25.7,12.98571428571428
2025,40,Anuradhapura,27.45714285714286,75.35714285714286,30.9,17.9
2025,40,Badulla,20.74285714285714,75.60000000000001,83.7,18.77142857142857
2025,40,Batticaloa,28.84285714285715,73.11428571428571,7.4,19.64285714285714
2025,40,Colombo,28.15714285714285,76.84285714285714,29.8,15.28571428571429
2025,40,Galle,27.34285714285715,83.31428571428572,29.9,23.37142857142857
2025,40,Gampaha,27.97142857142857,83.52857142857144,29.8,16.32857142857143
2025,40,Hambantota,28.51428571428571,68.47142857142858,10.9,26.92857142857143
2025,40,Jaffna,28.65714285714285,84.27142857142857,7.9,26.12857142857143
2025,40,Kalmunai,28.95714285714286,70.4,15.2,15.27142857142857
2025,40,Kalutara,27.95714285714286,80.67142857142858,37,15.04285714285714
2025,40,Kandy,21.31428571428572,78.54285714285713,22.4,17.34285714285715
2025,40,Kegalle,26.24285714285714,83.04285714285713,29.8,15.62857142857143
2025,40,Kilinochchi,28.71428571428572,81.94285714285715,2.5,19.75714285714286
2025,40,Kurunegala,25.28571428571428,84.97142857142856,26.4,17.28571428571428
2025,40,Mannar,28.58571428571429,83.14285714285714,3.5,23.04285714285714
2025,40,Matale,21.35714285714286,79.38571428571429,32.9,20.25714285714286
2025,40,Matara,27.87142857142857,74.54285714285713,36.1,25.18571428571429
2025,40,Monaragala,24.62857142857143,71.92857142857143,84.69999999999999,15.81428571428572
2025,40,Mullaitivu,28.5,76.05714285714285,24.9,19.84285714285715
2025,40,Nuwara Eliya,17.85714285714286,80.32857142857142,74.3,21.12857142857143
2025,40,Polonnaruwa,27.85714285714286,71.89999999999999,26.2,17.5
2025,40,Puttalam,27.68571428571429,77.55714285714285,8.5,21.12857142857143
2025,40,Ratnapura,26.98571428571429,84.7,47.3,15.01428571428572
2025,40,Trincomalee,28.6,73.72857142857143,38.9,20.32857142857143
2025,40,Vavuniya,27.77142857142857,74.39999999999999,44.40000000000001,17.54285714285714
2025,41,Ampara,28.4,74.62857142857142,21.5,13.85714285714286
2025,41,Anuradhapura,27.38571428571428,77.58571428571429,21,11.57142857142857
2025,41,Badulla,19.88571428571428,85.51428571428572,63.5,10.38571428571429
2025,41,Batticaloa,28.14285714285714,79.68571428571428,7.9,15.98571428571429
2025,41,Colombo,27.95714285714286,77.15714285714286,20.3,14.31428571428572
2025,41,Galle,27.27142857142857,83.12857142857142,27.7,16.28571428571428
2025,41,Gampaha,27.94285714285714,83.3,20.3,15.25714285714286
2025,41,Hambantota,28.45714285714286,69.75714285714285,25.8,22.62857142857143
2025,41,Jaffna,28.6,84.58571428571429,11.6,19.65714285714285
2025,41,Kalmunai,28.32857142857143,75.75714285714285,18.4,15.27142857142857
2025,41,Kalutara,27.84285714285715,80.84285714285714,34.8,14.32857142857143
2025,41,Kandy,21.11428571428572,83.11428571428571,34,10.68571428571428
2025,41,Kegalle,26.18571428571429,83.51428571428572,27.5,15.08571428571428
2025,41,Kilinochchi,28.61428571428572,83.01428571428572,7.4,13.61428571428571
2025,41,Kurunegala,25.27142857142857,85.84285714285714,28.7,15.42857142857143
2025,41,Mannar,28.55714285714286,83.27142857142857,13.8,17.21428571428572
2025,41,Matale,21.18571428571429,83.58571428571429,48.7,12.5
2025,41,Matara,27.94285714285714,75.18571428571428,34.4,21.4
2025,41,Monaragala,23.84285714285715,79.38571428571429,31.8,11.67142857142857
2025,41,Mullaitivu,27.94285714285714,81.02857142857144,18.5,13.24285714285714
2025,41,Nuwara Eliya,17.68571428571429,86.52857142857144,63.40000000000001,11.41428571428572
2025,41,Polonnaruwa,27.68571428571429,76.05714285714285,28.2,10.02857142857143
2025,41,Puttalam,27.78571428571428,77.55714285714285,12.8,15.52857142857143
2025,41,Ratnapura,26.84285714285715,84.2,60.7,14.45714285714286
2025,41,Trincomalee,27.82857142857143,80.05714285714285,18.3,14.18571428571428
2025,41,Vavuniya,27.57142857142857,77.92857142857143,22,10.3
2025,42,Ampara,27.88571428571428,79.97142857142856,60.6,11.78571428571429
2025,42,Anuradhapura,26.51428571428571,71.1,131.6,9.9
2025,42,Badulla,19.55714285714286,88.98571428571428,79.4,12.75714285714286
2025,42,Batticaloa,27.61428571428572,82.71428571428571,62.8,16.2
2025,42,Colombo,26.67142857142857,85.12857142857142,366.4,12.14285714285714
2025,42,Galle,26.52857142857143,89.5,128.5,18.17142857142857
2025,42,Gampaha,26.64285714285714,90.17142857142858,366.4,13.74285714285714
2025,42,Hambantota,27.57142857142857,76.45714285714287,89.8,18.3
2025,42,Jaffna,27.55714285714286,91.22857142857144,138.6,17.57142857142857
2025,42,Kalmunai,27.92857142857143,80.02857142857144,61.4,13.57142857142857
2025,42,Kalutara,26.64285714285714,87.71428571428571,138.9,12.24285714285714
2025,42,Kandy,20.58571428571429,88.98571428571428,185.4,11.48571428571429
2025,42,Kegalle,24.91428571428571,90.12857142857142,526.7,12.77142857142857
2025,42,Kilinochchi,27.55714285714286,90.41428571428573,110.6,13.82857142857143
2025,42,Kurunegala,23.8,92.14285714285714,348.5,14.21428571428571
2025,42,Mannar,27.44285714285714,90.5,132.4,12
2025,42,Matale,20.31428571428572,89.31428571428572,408,13.11428571428571
2025,42,Matara,27.25714285714286,79.32857142857142,106.6,19.17142857142857
2025,42,Monaragala,23.35714285714286,84.61428571428571,99.4,11.64285714285714
2025,42,Mullaitivu,27.1,86.68571428571428,104.8,16.55714285714286
2025,42,Nuwara Eliya,17.54285714285714,89.42857142857143,188.2,13.17142857142857
2025,42,Polonnaruwa,26.71428571428572,70.44285714285714,83.7,9.55714285714286
2025,42,Puttalam,26.75714285714286,70.15714285714286,148,11.34285714285714
2025,42,Ratnapura,25.85714285714286,91.11428571428571,384.8,12.35714285714286
2025,42,Trincomalee,27.22857142857143,85.08571428571429,86.5,15.31428571428572
2025,42,Vavuniya,26.65714285714285,71.12857142857142,135.7,10.02857142857143
2025,43,Ampara,27.91428571428571,76,35.5,11.98571428571429
2025,43,Anuradhapura,25.72857142857143,80.22857142857143,78.1,17.18571428571429
2025,43,Badulla,19.45714285714286,85.48571428571428,39.4,24.68571428571429
2025,43,Batticaloa,27.94285714285714,79.22857142857143,18.6,20.05714285714286
2025,43,Colombo,26.61428571428572,86.88571428571429,76.3,13.58571428571428
2025,43,Galle,26.62857142857143,86.17142857142858,88.5,28.97142857142857
2025,43,Gampaha,26.47142857142857,91.35714285714286,76.3,13.51428571428571
2025,43,Hambantota,27.45714285714286,75.31428571428572,23.8,23.14285714285714
2025,43,Jaffna,27.8,88.7,100.4,25.3
2025,43,Kalmunai,28.08571428571429,75.3,33.1,16.24285714285714
2025,43,Kalutara,26.5,88.61428571428571,93.1,14.35714285714286
2025,43,Kandy,20.11428571428571,87.72857142857143,29,22.71428571428572
2025,43,Kegalle,24.81428571428572,90.64285714285714,59.5,14.82857142857143
2025,43,Kilinochchi,27.5,89.5,45.4,21.58571428571429
2025,43,Kurunegala,23.77142857142857,92.21428571428572,73,22.68571428571428
2025,43,Mannar,27.5,89.08571428571429,108.9,25.24285714285714
2025,43,Matale,20.32857142857143,87.7,52.4,27.47142857142857
2025,43,Matara,27.17142857142857,79.21428571428571,73.4,24.85714285714286
2025,43,Monaragala,23.27142857142857,79.91428571428571,28.1,20.57142857142857
2025,43,Mullaitivu,27.01428571428571,86.32857142857142,47.2,21.3
2025,43,Nuwara Eliya,16.9,88.31428571428572,41.5,27.65714285714285
2025,43,Polonnaruwa,26.12857142857143,76.54285714285713,28.7,19.04285714285714
2025,43,Puttalam,26.48571428571429,78.24285714285715,174,22.92857142857143
2025,43,Ratnapura,25.64285714285714,90.87142857142858,47.4,13.67142857142857
2025,43,Trincomalee,27.11428571428572,83.05714285714285,127.6,23.85714285714286
2025,43,Vavuniya,25.97142857142857,79.89999999999999,102.4,15.95714285714286
2025,44,Ampara,29.2,72.37142857142858,3.5,12.48571428571429
2025,44,Anuradhapura,27.9,73.77142857142857,2.8,13.81428571428572
2025,44,Badulla,20.5,76.02857142857144,2.7,18.85714285714286
2025,44,Batticaloa,28.87142857142857,76.8,0.5,14.9
2025,44,Colombo,28.57142857142857,73.62857142857142,11.2,11.98571428571429
2025,44,Galle,28.11428571428572,76.81428571428572,2.8,27.81428571428572
2025,44,Gampaha,28.38571428571428,80.54285714285713,11.2,13.31428571428572
2025,44,Hambantota,28.8,70.02857142857142,1.7,20.61428571428572
2025,44,Jaffna,28.92857142857143,84.89999999999999,0.8,21.17142857142857
2025,44,Kalmunai,29.07142857142857,74.24285714285715,1.9,13.74285714285714
2025,44,Kalutara,28.47142857142857,76.82857142857142,6.9,12.05714285714286
2025,44,Kandy,21.48571428571429,78.3,3.1,17.3
2025,44,Kegalle,26.64285714285714,79.75714285714285,9.3,13.42857142857143
2025,44,Kilinochchi,28.75714285714286,84.67142857142858,0.3,17.02857142857143
2025,44,Kurunegala,25.5,82.38571428571429,10.7,16.44285714285714
2025,44,Mannar,28.7,84.38571428571429,0.6,20.41428571428571
2025,44,Matale,21.42857142857143,78.08571428571429,4.7,20.68571428571429
2025,44,Matara,28.52857142857143,73.01428571428572,3.3,21.01428571428571
2025,44,Monaragala,24.25714285714286,74.77142857142857,4.9,16.78571428571428
2025,44,Mullaitivu,28.62857142857143,78.45714285714287,0.3,17.32857142857143
2025,44,Nuwara Eliya,17.97142857142857,78.85714285714286,6.4,20.21428571428572
2025,44,Polonnaruwa,28.27142857142857,71.98571428571428,0.3999999999999999,13.12857142857143
2025,44,Puttalam,28.2,75.75714285714285,4.3,17.32857142857143
2025,44,Ratnapura,27.84285714285715,78.65714285714286,13.5,13
2025,44,Trincomalee,28.67142857142857,75.58571428571429,1.9,16.61428571428571
2025,44,Vavuniya,28.17142857142857,74.77142857142857,1.2,13.2
2025,45,Ampara,28.22857142857143,76.98571428571428,31,9.542857142857144
2025,45,Anuradhapura,26.3,70.05714285714285,22.3,11.2
2025,45,Badulla,21.45714285714286,79.51428571428572,61.1,10.38571428571429
2025,45,Batticaloa,28.2,76.91428571428571,29.9,14.85714285714286
2025,45,Colombo,27.78571428571428,80.31428571428572,30.8,13.97142857142857
2025,45,Galle,27.37142857142857,81.67142857142858,17.2,25.44285714285714
2025,45,Gampaha,27.64285714285714,85.12857142857142,30.8,13.8
2025,45,Hambantota,27.88571428571428,74.11428571428571,18.1,17.48571428571429
2025,45,Jaffna,28.14285714285714,82.65714285714286,10.4,16.25714285714286
2025,45,Kalmunai,28.12857142857143,77.60000000000001,49.1,13.74285714285714
2025,45,Kalutara,27.71428571428572,83.08571428571429,28,14.15714285714286
2025,45,Kandy,21.7,83.95714285714287,41.7,10.61428571428571
2025,45,Kegalle,26.55714285714286,85.44285714285715,40.8,13.75714285714286
2025,45,Kilinochchi,27.87142857142857,83.98571428571428,8,15.4
2025,45,Kurunegala,26.08571428571429,86.74285714285715,37.1,14.02857142857143
2025,45,Mannar,27.8,84.02857142857144,11.6,16.08571428571429
2025,45,Matale,22.81428571428572,83.87142857142858,31.8,11.78571428571429
2025,45,Matara,27.35714285714286,79.11428571428571,16,21.07142857142857
2025,45,Monaragala,24.18571428571429,81.32857142857142,43.90000000000001,9.4
2025,45,Mullaitivu,27.57142857142857,81.32857142857142,10.2,15.32857142857143
2025,45,Nuwara Eliya,18.32857142857143,85.48571428571428,73.8,11.77142857142857
2025,45,Polonnaruwa,26.8,67.5,6,11.71428571428571
2025,45,Puttalam,26.95714285714286,69.02857142857142,14.4,14.7
2025,45,Ratnapura,26.98571428571429,86.95714285714287,86.7,13.74285714285714
2025,45,Trincomalee,27.67142857142857,78.89999999999999,11.8,17.22857142857143
2025,45,Vavuniya,26.45714285714286,70.6,30.3,10.95714285714286
2025,46,Ampara,26.58571428571429,85.07142857142857,78.6,12.71428571428571
2025,46,Anuradhapura,25.48571428571429,86.68571428571428,73.3,12.35714285714286
2025,46,Badulla,22.3,87.78571428571429,82.4,7.757142857142858
2025,46,Batticaloa,26.52857142857143,86.15714285714286,150.6,16.81428571428571
2025,46,Colombo,26.95714285714286,85.94285714285715,41,14.7
2025,46,Galle,26.51428571428571,84.94285714285715,72.6,21.07142857142857
2025,46,Gampaha,26.92857142857143,87.31428571428572,41,14.7
2025,46,Hambantota,26.85714285714286,83.12857142857142,196.9,11.05714285714286
2025,46,Jaffna,26.72857142857143,85.7,178.1,27.98571428571428
2025,46,Kalmunai,26.28571428571428,86.38571428571429,123.1,16.15714285714285
2025,46,Kalutara,26.8,86.52857142857144,47,15.81428571428572
2025,46,Kandy,22.28571428571428,90.61428571428571,62,8.17142857142857
2025,46,Kegalle,26.3,88.35714285714286,65.3,13.58571428571429
2025,46,Kilinochchi,26.67142857142857,87.47142857142856,287.4,21.81428571428572
2025,46,Kurunegala,26.37142857142857,88.72857142857143,85,14.3
2025,46,Mannar,26.52857142857143,86.27142857142857,133,20.77142857142857
2025,46,Matale,24.84285714285715,89,100.1,10.54285714285714
2025,46,Matara,26.3,88.04285714285713,134.3,10.27142857142857
2025,46,Monaragala,24.51428571428571,88.07142857142857,99.6,8.9
2025,46,Mullaitivu,26.3,88.5,248.2,23.04285714285714
2025,46,Nuwara Eliya,19.94285714285714,92.15714285714286,93.5,8.114285714285714
2025,46,Polonnaruwa,26.01428571428571,85.47142857142856,71.4,10.61428571428571
2025,46,Puttalam,26.55714285714286,82.17142857142858,51.7,18.57142857142857
2025,46,Ratnapura,24.98571428571429,90.72857142857144,208.9,9.814285714285717
2025,46,Trincomalee,26.34285714285715,87.32857142857142,159.9,18.04285714285714
2025,46,Vavuniya,25.62857142857143,87.15714285714286,145.7,13.05714285714286
2025,47,Ampara,26.28571428571428,87.10000000000001,123.4,11.05714285714286
2025,47,Anuradhapura,25.5,90.88571428571429,76.4,13.27142857142857
2025,47,Badulla,21.82857142857143,90.9,105.1,7
2025,47,Batticaloa,26.57142857142857,84.12857142857142,118.4,16.98571428571429
2025,47,Colombo,26.31428571428572,88.42857142857143,180.9,10.68571428571428
2025,47,Galle,26.57142857142857,84.78571428571429,102.9,20.62857142857143
2025,47,Gampaha,26.31428571428572,88.42857142857143,180.9,10.68571428571428
2025,47,Hambantota,26.28571428571428,86.44285714285715,78.6,9.928571428571429
2025,47,Jaffna,26.24285714285714,88.62857142857142,133.4,27.14285714285714
2025,47,Kalmunai,26.28571428571428,84.61428571428571,128.6,14.61428571428571
2025,47,Kalutara,26.22857142857143,86.25714285714287,160.9,13.64285714285714
2025,47,Kandy,21.87142857142857,91.72857142857144,163.6,7.471428571428572
2025,47,Kegalle,25.57142857142857,89.7,215.6,8.385714285714286
2025,47,Kilinochchi,26.28571428571428,89.34285714285714,176.5,22.78571428571428
2025,47,Kurunegala,25.64285714285714,88.85714285714286,164.1,10.01428571428572
2025,47,Mannar,26.1,88.68571428571428,141.9,21.34285714285715
2025,47,Matale,24.6,90.78571428571428,198,9.242857142857144
2025,47,Matara,26.15714285714285,87.68571428571428,122.9,11.78571428571429
2025,47,Monaragala,24.34285714285715,89.7,112.1,7.114285714285714
2025,47,Mullaitivu,25.94285714285714,90.42857142857144,201.9,20.47142857142857
2025,47,Nuwara Eliya,19.97142857142857,92.17142857142858,153.7,6.228571428571429
2025,47,Polonnaruwa,25.91428571428571,90.31428571428572,89.5,11.98571428571429
2025,47,Puttalam,26.6,86.52857142857144,106.6,20.01428571428571
2025,47,Ratnapura,23.38571428571428,90.38571428571429,271,6.371428571428572
2025,47,Trincomalee,26.11428571428572,88.15714285714286,131.4,18.41428571428571
2025,47,Vavuniya,25.54285714285714,92.67142857142858,84.3,13.22857142857143
2025,48,Ampara,25.61428571428572,88.91428571428571,165,18.55714285714286
2025,48,Anuradhapura,24.11428571428572,93.61428571428571,406.9,23.44285714285714
2025,48,Badulla,21.02857142857143,88.71428571428571,260.9,8.928571428571429
2025,48,Batticaloa,26.2,85.17142857142858,261.8,32.5
2025,48,Colombo,24.77142857142857,88.77142857142857,376.4,21.22857142857143
2025,48,Galle,26.38571428571428,83.54285714285713,286,37.18571428571429
2025,48,Gampaha,24.77142857142857,88.77142857142857,376.4,21.22857142857143
2025,48,Hambantota,25.6,86.02857142857144,102.3,24.47142857142857
2025,48,Jaffna,26.38571428571428,83.62857142857142,294.1,39.81428571428571
2025,48,Kalmunai,25.94285714285714,86.04285714285713,226.4,27
2025,48,Kalutara,25.47142857142857,85.34285714285714,252,26.3
2025,48,Kandy,20.27142857142857,92.28571428571428,404,13.37142857142857
2025,48,Kegalle,23.68571428571429,91.38571428571429,452.4,16.77142857142857
2025,48,Kilinochchi,26.01428571428571,87.02857142857144,282.1,34.91428571428572
2025,48,Kurunegala,23.82857142857143,91.48571428571428,447.6,18.88571428571428
2025,48,Mannar,25.8,86.77142857142857,309.7,33.54285714285714
2025,48,Matale,22.75714285714286,92.5,464.0000000000001,17.32857142857143
2025,48,Matara,25.45714285714286,87.62857142857142,228,25.45714285714286
2025,48,Monaragala,23.41428571428571,90.27142857142856,105.7,12.18571428571428
2025,48,Mullaitivu,25.62857142857143,88.94285714285715,350.3,31.41428571428571
2025,48,Nuwara Eliya,18.61428571428572,91.65714285714286,343.1,12.24285714285714
2025,48,Polonnaruwa,24.72857142857143,90.01428571428572,293.7,22
2025,48,Puttalam,25.67142857142857,86.37142857142858,369.1,32.45714285714286
2025,48,Ratnapura,21.75714285714286,91.51428571428572,323.7,13.41428571428572
2025,48,Trincomalee,25.8,86.3,421.9,34.57142857142857
2025,48,Vavuniya,24.64285714285714,93.52857142857144,294,22.11428571428572
2025,49,Ampara,26.65714285714285,84.82857142857144,13.7,13.51428571428571
2025,49,Anuradhapura,26.27142857142857,84.38571428571429,9.4,13.27142857142857
2025,49,Badulla,22.04285714285714,86.75714285714285,15.5,8.342857142857143
2025,49,Batticaloa,26.78571428571428,82.45714285714287,17.2,17.07142857142857
2025,49,Colombo,26.78571428571428,83.44285714285715,71,9.6
2025,49,Galle,26.67142857142857,83.15714285714286,15.9,17.5
2025,49,Gampaha,26.78571428571428,83.44285714285715,71,9.6
2025,49,Hambantota,26.81428571428572,82.21428571428571,11.5,15.68571428571428
2025,49,Jaffna,26.4,85.7,33.9,24.88571428571428
2025,49,Kalmunai,26.54285714285714,82.85714285714286,19,15.98571428571429
2025,49,Kalutara,26.48571428571429,82.87142857142858,32.6,11.37142857142857
2025,49,Kandy,22.12857142857143,86.82857142857142,11.4,8.828571428571427
2025,49,Kegalle,26.17142857142857,82.65714285714286,32.9,9.257142857142856
2025,49,Kilinochchi,26.58571428571429,85.32857142857142,25.1,19.78571428571428
2025,49,Kurunegala,26.48571428571429,81.12857142857142,9.2,11.62857142857143
2025,49,Mannar,26.62857142857143,83.85714285714286,11.5,20.71428571428572
2025,49,Matale,25.34285714285715,82.89999999999999,10.6,11
2025,49,Matara,26.51428571428571,85.2,31.5,11.47142857142857
2025,49,Monaragala,24.8,84.72857142857143,15.9,10.5
2025,49,Mullaitivu,26.47142857142857,85.35714285714286,28.2,17.68571428571429
2025,49,Nuwara Eliya,20.27142857142857,86.35714285714286,14.7,7.314285714285715
2025,49,Polonnaruwa,26.58571428571429,84.77142857142857,6.2,11.51428571428571
2025,49,Puttalam,27.08571428571429,81.72857142857143,9.5,19.17142857142857
2025,49,Ratnapura,23.44285714285714,86.97142857142856,104.6,5.442857142857143
2025,49,Trincomalee,26.75714285714286,82.41428571428571,15.1,16.75714285714286
2025,49,Vavuniya,26.3,85.97142857142856,11.9,13.88571428571429
2025,50,Ampara,25.52857142857143,88.62857142857142,38.3,15.88571428571428
2025,50,Anuradhapura,24.7,90.01428571428572,66.1,14.65714285714286
2025,50,Badulla,21.3,90.05714285714285,32.2,9.1
2025,50,Batticaloa,25.7,87.22857142857143,73.8,19.24285714285714
2025,50,Colombo,26.27142857142857,83.85714285714286,26.9,16.97142857142857
2025,50,Galle,26.3,81.95714285714287,14,15.58571428571428
2025,50,Gampaha,26.27142857142857,83.85714285714286,26.9,16.97142857142857
2025,50,Hambantota,26.28571428571428,81.7,30.6,17.48571428571428
2025,50,Jaffna,25.81428571428572,80.44285714285715,84.39999999999999,30.21428571428572
2025,50,Kalmunai,25.41428571428571,87.62857142857142,66.9,17.81428571428571
2025,50,Kalutara,26.12857142857143,84.51428571428572,32.5,15.72857142857143
2025,50,Kandy,21.32857142857143,91.42857142857144,32.1,8.8
2025,50,Kegalle,25.5,85.10000000000001,20.7,13.88571428571429
2025,50,Kilinochchi,25.62857142857143,85.21428571428571,116.2,24.28571428571428
2025,50,Kurunegala,25.4,85.87142857142858,30.7,14.72857142857143
2025,50,Mannar,25.45714285714286,84.42857142857143,75.8,24.54285714285714
2025,50,Matale,24.25714285714286,89.12857142857142,46.7,12.4
2025,50,Matara,26.31428571428572,86.41428571428571,33.3,9.157142857142857
2025,50,Monaragala,24.1,86.38571428571429,37.5,13.25714285714286
2025,50,Mullaitivu,25.27142857142857,87.78571428571429,136.5,22.05714285714286
2025,50,Nuwara Eliya,19.7,90.32857142857142,40.1,8.114285714285714
2025,50,Polonnaruwa,25.04285714285714,90.58571428571427,79.2,12.24285714285714
2025,50,Puttalam,25.97142857142857,84.8,39.1,24.4
2025,50,Ratnapura,23.21428571428572,89.98571428571428,134.8,3.842857142857144
2025,50,Trincomalee,25.4,88.34285714285714,130.1,20.57142857142857
2025,50,Vavuniya,24.78571428571428,90.64285714285714,69.89999999999999,15.07142857142857
2025,51,Ampara,25.42857142857143,89.15714285714286,44.6,16.71428571428572
2025,51,Anuradhapura,25.11428571428572,84.95714285714287,19.5,16.27142857142857
2025,51,Badulla,21.01428571428571,93.37142857142858,55.4,9.785714285714286
2025,51,Batticaloa,25.87142857142857,85.72857142857143,52.9,21.77142857142857
2025,51,Colombo,26.6,81.78571428571429,15.5,16.4
2025,51,Galle,26.31428571428572,83.7,32.5,18.35714285714286
2025,51,Gampaha,26.6,81.78571428571429,15.5,16.4
2025,51,Hambantota,26.02857142857143,84.04285714285713,25.8,22.82857142857143
2025,51,Jaffna,25.75714285714286,77.07142857142857,15.7,27.84285714285715
2025,51,Kalmunai,25.55714285714286,86.97142857142856,59.8,19.72857142857143
2025,51,Kalutara,26.2,84.61428571428571,24.3,15.38571428571429
2025,51,Kandy,21.21428571428572,92.94285714285716,40.6,9.914285714285716
2025,51,Kegalle,25.91428571428571,82.10000000000001,8.4,14.38571428571429
2025,51,Kilinochchi,25.84285714285715,79.34285714285714,20.5,23.65714285714285
2025,51,Kurunegala,25.82857142857143,82.18571428571428,10.2,16.82857142857143
2025,51,Mannar,25.64285714285714,79.89999999999999,13.2,23.2
2025,51,Matale,24.54285714285714,86.45714285714287,21.7,14.34285714285714
2025,51,Matara,26.2,86.61428571428571,20.2,12.01428571428571
2025,51,Monaragala,23.95714285714286,88.42857142857143,32.8,14.51428571428571
2025,51,Mullaitivu,25.75714285714286,80.32857142857144,29.3,21.38571428571428
2025,51,Nuwara Eliya,19.64285714285714,92.1,31.3,9.114285714285714
2025,51,Polonnaruwa,25.28571428571428,87.45714285714287,23.2,15.21428571428571
2025,51,Puttalam,26.24285714285714,80.55714285714285,10.3,24.42857142857143
2025,51,Ratnapura,23.4,90.6857142857143,59.8,3.857142857142857
2025,51,Trincomalee,25.84285714285715,82.64285714285714,47.8,21.81428571428572
2025,51,Vavuniya,25.22857142857143,84.74285714285715,16.7,16.45714285714286
2025,52,Ampara,25.08571428571429,81.32857142857142,17.2,21.2
2025,52,Anuradhapura,23.77142857142857,84.01428571428572,7.5,16.61428571428571
2025,52,Badulla,19.51428571428571,89.54285714285713,10.5,12.24285714285714
2025,52,Batticaloa,26.24285714285714,77.31428571428572,28.6,21.95714285714286
2025,52,Colombo,25.85714285714286,74.60000000000001,2.5,13.88571428571429
2025,52,Galle,25.88571428571428,79.62857142857142,13.1,13.68571428571428
2025,52,Gampaha,25.85714285714286,74.60000000000001,2.5,13.88571428571429
2025,52,Hambantota,25.7,76.48571428571428,4.3,20.54285714285714
2025,52,Jaffna,25.37142857142857,77.12857142857142,4,23.71428571428572
2025,52,Kalmunai,25.45714285714286,81.64285714285714,19.9,18.88571428571428
2025,52,Kalutara,25.65714285714285,80.25714285714285,11.2,16.37142857142857
2025,52,Kandy,20.54285714285714,86.97142857142856,9.9,10.07142857142857
2025,52,Kegalle,25.22857142857143,74.44285714285715,1.5,11.78571428571429
2025,52,Kilinochchi,25.44285714285714,77.98571428571428,11.8,24.12857142857143
2025,52,Kurunegala,25.57142857142857,72.6,0.3,14.65714285714286
2025,52,Mannar,25.24285714285714,78.87142857142858,5.800000000000001,23.12857142857143
2025,52,Matale,23.58571428571429,79.87142857142858,3.5,11.72857142857143
2025,52,Matara,25.11428571428572,84.38571428571429,19.6,10.9
2025,52,Monaragala,24.28571428571428,77.24285714285715,2.3,19.61428571428572
2025,52,Mullaitivu,25.17142857142857,79.45714285714287,20.2,17.9
2025,52,Nuwara Eliya,17.47142857142857,89.3,12.9,8.9
2025,52,Polonnaruwa,24.24285714285714,83.24285714285715,12.7,17.7
2025,52,Puttalam,25.48571428571429,78.97142857142856,2.4,31.02857142857143
2025,52,Ratnapura,22.24285714285714,83.22857142857143,16.4,7.614285714285714
2025,52,Trincomalee,26.14285714285714,77.11428571428571,30.8,24.64285714285714
2025,52,Vavuniya,23.87142857142857,82.72857142857143,6,12.38571428571429
2026,1,Ampara,25.85714285714286,85.91428571428571,49.5,18.82857142857143
2026,1,Anuradhapura,25.31428571428571,86.55714285714285,34.1,15.17142857142857
2026,1,Badulla,21.68571428571429,87.5,28.3,9.314285714285715
2026,1,Batticaloa,26.08571428571429,83.94285714285715,54.6,23.3
2026,1,Colombo,27.14285714285714,75.98571428571428,9.8,18.25714285714286
2026,1,Galle,26.4,83.21428571428571,11.1,17.85714285714286
2026,1,Gampaha,27.14285714285714,75.98571428571428,9.8,18.25714285714286
2026,1,Hambantota,26.4,80.78571428571429,86.6,15.9
2026,1,Jaffna,26.11428571428572,80.95714285714287,16.9,27.25714285714286
2026,1,Kalmunai,,,,
2026,1,Kalutara,26.44285714285714,81.52857142857144,21.3,19.2
2026,1,Kandy,21.57142857142857,89.01428571428572,29.7,10.21428571428571
2026,1,Kegalle,26.21428571428572,78.74285714285715,14,15.32857142857143
2026,1,Kilinochchi,26.1,83.02857142857144,16.5,23.54285714285714
2026,1,Kurunegala,25.98571428571429,81.41428571428571,16.6,15.12857142857143
2026,1,Mannar,25.88571428571428,83.51428571428572,20.3,22.68571428571429
2026,1,Matale,24.68571428571429,85.22857142857143,33.6,13.21428571428571
2026,1,Matara,26.28571428571428,85.77142857142857,24,12.9
2026,1,Monaragala,24.58571428571429,83.39999999999999,45.9,12.74285714285714
2026,1,Mullaitivu,25.94285714285714,83.81428571428572,25.4,21.54285714285714
2026,1,Nuwara Eliya,20,87.55714285714285,28.7,8.542857142857143
2026,1,Polonnaruwa,25.82857142857143,86.18571428571428,34.2,13.71428571428571
2026,1,Puttalam,26.27142857142857,82.77142857142857,21.2,22.15714285714285
2026,1,Ratnapura,23.62857142857143,87.47142857142856,95,6.271428571428571
2026,1,Trincomalee,26.07142857142857,82.94285714285715,36,22.88571428571428
2026,1,Vavuniya,25.45714285714286,87.18571428571428,29.8,16.01428571428571
2026,2,Ampara,25.02857142857143,88.15714285714286,99.7,20.2
2026,2,Anuradhapura,24.14285714285714,89.62857142857142,43.9,16.51428571428572
2026,2,Badulla,20.64285714285714,90.98571428571428,83.2,8.4
2026,2,Batticaloa,25.67142857142857,85.74285714285715,258.5,29.7
2026,2,Colombo,26.05714285714286,78.2,21.8,18.68571428571429
2026,2,Galle,26.2,81.47142857142856,17.8,30.54285714285714
2026,2,Gampaha,26.05714285714286,78.2,21.8,18.68571428571429
2026,2,Hambantota,25.62857142857143,83.72857142857143,15.5,19.5
2026,2,Jaffna,25.34285714285715,81.64285714285714,52.9,32.95714285714286
2026,2,Kalmunai,,,,
2026,2,Kalutara,25.74285714285714,81.41428571428571,12.5,21.91428571428571
2026,2,Kandy,20.45714285714286,93.05714285714285,100.3,9.057142857142859
2026,2,Kegalle,24.9,83.10000000000001,48.8,14.5
2026,2,Kilinochchi,25.4,83.57142857142857,57.7,26.48571428571429
2026,2,Kurunegala,24.7,85.2,61.09999999999999,14.6
2026,2,Mannar,25.15714285714285,83.57142857142857,26.9,27.87142857142857
2026,2,Matale,23.28571428571428,90.5,89.4,13.11428571428571
2026,2,Matara,25.94285714285714,85.61428571428571,24.8,11.88571428571429
2026,2,Monaragala,23.34285714285715,87.81428571428572,51.6,12.7
2026,2,Mullaitivu,25.32857142857143,84.52857142857144,79.1,23.3
2026,2,Nuwara Eliya,18.85714285714286,91.77142857142857,69.3,8.128571428571428
2026,2,Polonnaruwa,24.6,89.87142857142858,78.7,15.11428571428571
2026,2,Puttalam,25.58571428571429,82.74285714285715,23.2,25.61428571428572
2026,2,Ratnapura,22.62857142857143,89.38571428571429,55.7,6.285714285714286
2026,2,Trincomalee,25.55714285714286,84.64285714285714,145.8,25.04285714285714
2026,2,Vavuniya,24.42857142857143,89.3,53.3,17.08571428571429
2026,3,Ampara,25.32857142857143,78.51428571428572,3.3,17.12857142857143
2026,3,Anuradhapura,24.61428571428572,81.18571428571428,3.8,13.92857142857143
2026,3,Badulla,20.84285714285715,82.92857142857143,2.3,8.9
2026,3,Batticaloa,25.82857142857143,74.78571428571429,4.4,20.15714285714285
2026,3,Colombo,26.55714285714286,72.94285714285715,1.8,14.08571428571429
2026,3,Galle,26.05714285714286,79.71428571428571,6.1,43.4
2026,3,Gampaha,26.55714285714286,72.94285714285715,1.8,14.08571428571429
2026,3,Hambantota,26,75.24285714285715,0.7,21.18571428571429
2026,3,Jaffna,25.58571428571429,73.57142857142857,8.2,20.91428571428571
2026,3,Kalmunai,,,,
2026,3,Kalutara,26.11428571428572,80.14285714285714,8.9,12.87142857142857
2026,3,Kandy,20.84285714285715,84.18571428571428,2,10.32857142857143
2026,3,Kegalle,25.41428571428571,75.32857142857142,0.4,12.97142857142857
2026,3,Kilinochchi,25.58571428571429,74.81428571428572,6.7,17.42857142857143
2026,3,Kurunegala,25.37142857142857,76.81428571428572,0.5,13.68571428571429
2026,3,Mannar,25.24285714285714,76.7,3.6,20.18571428571429
2026,3,Matale,24.11428571428572,79.75714285714285,1.3,12.44285714285714
2026,3,Matara,26.1,81.92857142857143,7.4,10.25714285714286
2026,3,Monaragala,23.78571428571428,79.61428571428571,2.7,13.27142857142857
2026,3,Mullaitivu,25.55714285714286,74.58571428571429,6.4,15.88571428571429
2026,3,Nuwara Eliya,19.25714285714286,83.04285714285713,6.9,8.185714285714285
2026,3,Polonnaruwa,25.04285714285714,81.64285714285714,3,12.9
2026,3,Puttalam,25.74285714285714,77.54285714285713,2.2,22.21428571428572
2026,3,Ratnapura,23.02857142857143,85.74285714285715,32.3,5.814285714285715
2026,3,Trincomalee,25.55714285714286,74.37142857142858,6.6,18.31428571428571
2026,3,Vavuniya,24.65714285714285,81.11428571428571,3.4,13.37142857142857
2026,4,Ampara,25.45714285714286,78.44285714285715,4,15.85714285714286
2026,4,Anuradhapura,24.58571428571429,82.24285714285713,6,12.9
2026,4,Badulla,20.88571428571428,81.38571428571429,1.2,8.685714285714285
2026,4,Batticaloa,25.91428571428571,76.67142857142858,4.4,19.8
2026,4,Colombo,27.07142857142857,67.08571428571427,1.1,14.77142857142857
2026,4,Galle,26.15714285714285,78.67142857142858,1.9,15.95714285714286
2026,4,Gampaha,27.07142857142857,67.08571428571427,1.1,14.77142857142857
2026,4,Hambantota,26.08571428571429,73.91428571428571,1.8,19.02857142857143
2026,4,Jaffna,25.42857142857143,78.17142857142858,23.1,24.8
2026,4,Kalmunai,,,,
2026,4,Kalutara,26.02857142857143,75.97142857142856,2.9,15.44285714285714
2026,4,Kandy,20.68571428571429,83.72857142857143,1.5,9.528571428571428
2026,4,Kegalle,25.55714285714286,73.48571428571428,1.3,12.64285714285714
2026,4,Kilinochchi,25.54285714285714,78.60000000000001,16.2,18.71428571428572
2026,4,Kurunegala,25.45714285714286,75.55714285714285,2.1,12.6
2026,4,Mannar,25.34285714285715,78.85714285714286,9.7,22.15714285714285
2026,4,Matale,24.02857142857143,79.54285714285713,2.1,11.52857142857143
2026,4,Matara,26.08571428571429,80.45714285714287,3,11.41428571428571
2026,4,Monaragala,23.85714285714286,77.11428571428571,1.3,11.42857142857143
2026,4,Mullaitivu,25.51428571428571,78.61428571428571,16.9,17.07142857142857
2026,4,Nuwara Eliya,19.2,80.11428571428571,0.8,7.414285714285714
2026,4,Polonnaruwa,25.01428571428571,82.48571428571428,7.1,11.91428571428571
2026,4,Puttalam,25.8,78.34285714285714,3.6,21.28571428571428
2026,4,Ratnapura,22.78571428571428,83.81428571428572,12.8,5.971428571428571
2026,4,Trincomalee,25.61428571428572,77.82857142857142,9.6,18.27142857142857
2026,4,Vavuniya,24.65714285714285,83.27142857142857,16.1,13.71428571428571
2026,5,Ampara,25.57142857142857,84.61428571428571,75.39999999999999,17.7
2026,5,Anuradhapura,25.08571428571429,83.62857142857142,11.6,15.05714285714286
2026,5,Badulla,21.07142857142857,85.97142857142856,39.7,9.242857142857144
2026,5,Batticaloa,25.87142857142857,82.47142857142856,78.2,21.8
2026,5,Colombo,27.81428571428571,68.72857142857143,17.4,16.31428571428571
2026,5,Galle,26.47142857142857,81.12857142857142,15,33.18571428571428
2026,5,Gampaha,27.81428571428571,68.72857142857143,17.4,16.31428571428571
2026,5,Hambantota,26.44285714285714,76.64285714285714,12.9,21.28571428571428
2026,5,Jaffna,25.71428571428572,77.31428571428572,11.3,26.85714285714286
2026,5,Kalmunai,,,,
2026,5,Kalutara,26.7,79.18571428571428,40.8,14.71428571428571
2026,5,Kandy,21.15714285714285,87.38571428571429,32.1,9.514285714285714
2026,5,Kegalle,26.44285714285714,74.10000000000001,19.3,14.77142857142857
2026,5,Kilinochchi,25.81428571428571,78.84285714285714,18.4,22.38571428571428
2026,5,Kurunegala,26.1,77.11428571428571,15.1,15.88571428571428
2026,5,Mannar,25.7,78.64285714285714,10.1,23.95714285714286
2026,5,Matale,24.61428571428572,82.3,20.7,13.88571428571429
2026,5,Matara,26.52857142857143,82.52857142857142,27.2,10.54285714285714
2026,5,Monaragala,24.07142857142857,82.5,40.7,14.54285714285714
2026,5,Mullaitivu,25.7,79.68571428571428,28.4,20.47142857142857
2026,5,Nuwara Eliya,19.64285714285714,83.44285714285715,37.4,7.7
2026,5,Polonnaruwa,25.3,85.34285714285714,13.1,13.72857142857143
2026,5,Puttalam,26.37142857142857,77.41428571428571,6,24.28571428571428
2026,5,Ratnapura,23.41428571428571,86.15714285714286,105.8,4.542857142857143
2026,5,Trincomalee,25.75714285714286,80.85714285714286,29.2,21.28571428571428
2026,5,Vavuniya,25.27142857142857,82.74285714285715,8.1,15.62857142857143
2026,6,Ampara,25.38571428571428,84.85714285714286,59.6,18.25714285714286
2026,6,Anuradhapura,25.17142857142857,83.60000000000001,12.2,16.41428571428571
2026,6,Badulla,20.71428571428572,87.74285714285715,51.7,9.671428571428573
2026,6,Batticaloa,25.92857142857143,81.2,39.2,21.77142857142857
2026,6,Colombo,27.78571428571428,69.75714285714285,6.8,14.88571428571429
2026,6,Galle,26.34285714285715,83.47142857142856,39.5,25.14285714285714
2026,6,Gampaha,27.78571428571428,69.75714285714285,6.8,14.88571428571429
2026,6,Hambantota,26.2,78.01428571428572,30.6,23.24285714285714
2026,6,Jaffna,25.81428571428571,78.12857142857142,5.6,26.75714285714286
2026,6,Kalmunai,,,,
2026,6,Kalutara,26.38571428571428,81.65714285714286,69.3,12.55714285714286
2026,6,Kandy,20.88571428571428,88.44285714285715,37.2,10.9
2026,6,Kegalle,26.78571428571428,71.15714285714286,4,15.17142857142857
2026,6,Kilinochchi,25.98571428571429,78.60000000000001,7.1,22.81428571428571
2026,6,Kurunegala,26.34285714285715,75.78571428571429,3.6,17.81428571428571
2026,6,Mannar,25.88571428571428,78.74285714285715,6.5,23.27142857142857
2026,6,Matale,24.65714285714285,81.57142857142857,10.8,15.57142857142857
2026,6,Matara,26.15714285714285,84.47142857142856,35.6,11.45714285714286
2026,6,Monaragala,23.78571428571428,83.85714285714286,39.6,15.2
2026,6,Mullaitivu,25.87142857142857,79.37142857142858,10.8,20.78571428571428
2026,6,Nuwara Eliya,19.18571428571429,88.12857142857142,57,8.985714285714286
2026,6,Polonnaruwa,25.22857142857143,86.12857142857142,24.7,14.12857142857143
2026,6,Puttalam,26.47142857142857,78.12857142857142,10.1,24.02857142857143
2026,6,Ratnapura,23.17142857142857,88.94285714285715,117.8,4.885714285714286
2026,6,Trincomalee,25.87142857142857,80.58571428571429,25.2,21.55714285714286
2026,6,Vavuniya,25.4,82.78571428571429,12.4,16.7
2026,7,Ampara,25.37142857142857,82.67142857142858,20.4,17.12857142857143
2026,7,Anuradhapura,24.84285714285715,81.57142857142857,2.7,16.44285714285714
2026,7,Badulla,20.41428571428571,85.67142857142858,22.7,9.328571428571427
2026,7,Batticaloa,26.15714285714285,77.31428571428572,20.6,21.02857142857143
2026,7,Colombo,28.05714285714286,63.41428571428571,3.4,25.2
2026,7,Galle,26.25714285714286,81.48571428571428,31.1,13.11428571428571
2026,7,Gampaha,28.05714285714286,63.41428571428571,3.4,25.2
2026,7,Hambantota,25.84285714285715,77.31428571428572,31.2,22.72857142857143
2026,7,Jaffna,26.05714285714286,73.37142857142858,1.7,26.5
2026,7,Kalmunai,,,,
2026,7,Kalutara,26.25714285714286,81.11428571428571,21.6,22.82857142857143
2026,7,Kandy,20.45714285714286,87.27142857142857,16.7,10.02857142857143
2026,7,Kegalle,26.61428571428572,68.55714285714285,3.3,25.45714285714286
2026,7,Kilinochchi,26.1,74.58571428571429,4.7,22.5
2026,7,Kurunegala,26.02857142857143,73.72857142857143,2.8,17.42857142857143
2026,7,Mannar,25.97142857142857,74.75714285714285,2.6,22.82857142857143
2026,7,Matale,24.25714285714286,80.37142857142858,6.5,14.85714285714286
2026,7,Matara,26.02857142857143,83.64285714285714,27.8,11.14285714285714
2026,7,Monaragala,23.41428571428571,82.77142857142857,26.5,15.35714285714286
2026,7,Mullaitivu,25.88571428571428,75.78571428571429,6.800000000000001,20
2026,7,Nuwara Eliya,18.85714285714286,85.94285714285715,30.7,8.585714285714285
2026,7,Polonnaruwa,24.95714285714286,84.58571428571429,7.4,13.42857142857143
2026,7,Puttalam,26.4,74.78571428571429,3.8,22.68571428571429
2026,7,Ratnapura,23.04285714285714,88.31428571428572,100.1,4.685714285714285
2026,7,Trincomalee,25.97142857142857,75.81428571428572,8.9,20.57142857142857
2026,7,Vavuniya,25.18571428571429,80.34285714285714,2.4,17.07142857142857
2026,8,Ampara,25.84285714285715,87.89999999999999,173.7,13.58571428571429
2026,8,Anuradhapura,25.4,88.61428571428571,61.3,12.85714285714286
2026,8,Badulla,21.72857142857143,89.14285714285714,117.4,7.2
2026,8,Batticaloa,26.01428571428571,86.51428571428572,254.5,20.47142857142857
2026,8,Colombo,26.82857142857143,81.3,56,14.5
2026,8,Galle,26.5,83.84285714285714,27.6,17.42857142857143
2026,8,Gampaha,26.82857142857143,81.3,56,14.5
2026,8,Hambantota,25.91428571428571,86.05714285714285,76.10000000000001,17.22857142857143
2026,8,Jaffna,26.57142857142857,79.64285714285714,9.799999999999999,25.78571428571428
2026,8,Kalmunai,,,,
2026,8,Kalutara,26.25714285714286,84.41428571428571,38.8,16.72857142857143
2026,8,Kandy,21.6,91.11428571428571,108.7,8.328571428571427
2026,8,Kegalle,25.81428571428571,84.37142857142858,73.8,11.32857142857143
2026,8,Kilinochchi,26.65714285714285,80.78571428571429,15.4,21.74285714285714
2026,8,Kurunegala,25.77142857142857,85.10000000000001,65.9,12.75714285714286
2026,8,Mannar,26.48571428571429,81.28571428571429,19.1,21.7
2026,8,Matale,24.54285714285714,88.51428571428572,79.5,11.11428571428571
2026,8,Matara,26.6,84.77142857142857,32.5,14.54285714285714
2026,8,Monaragala,24.07142857142857,88.77142857142857,106.2,10.02857142857143
2026,8,Mullaitivu,26.32857142857143,83.07142857142857,26.8,19.74285714285714
2026,8,Nuwara Eliya,19.9,91.17142857142858,121.6,7.885714285714286
2026,8,Polonnaruwa,25.68571428571429,88.91428571428571,94,11.82857142857143
2026,8,Puttalam,26.47142857142857,83.84285714285714,27.1,21.28571428571428
2026,8,Ratnapura,23.54285714285714,88.98571428571428,140.7,6.771428571428572
2026,8,Trincomalee,26.12857142857143,84.48571428571428,75.1,19.57142857142857
2026,8,Vavuniya,25.92857142857143,86.17142857142858,41.1,14.18571428571429
2026,9,Ampara,26.21428571428572,79.32857142857142,1,13
2026,9,Anuradhapura,25.85714285714286,77.88571428571429,0,10.48571428571429
2026,9,Badulla,22.08571428571429,73.65714285714286,0.3,7.871428571428572
2026,9,Batticaloa,26.28571428571428,79.10000000000001,0.8,14.47142857142857
2026,9,Colombo,27.98571428571429,71.98571428571428,0.8,11.1
2026,9,Galle,26.78571428571428,82,7.2,15.01428571428571
2026,9,Gampaha,27.98571428571429,71.98571428571428,0.8,11.1
2026,9,Hambantota,26.54285714285714,80.22857142857143,5.899999999999999,10.48571428571429
2026,9,Jaffna,26.68571428571429,78.95714285714287,0.4,17.62857142857143
2026,9,Kalmunai,,,,
2026,9,Kalutara,26.78571428571428,81.64285714285714,1.4,15.11428571428571
2026,9,Kandy,22.08571428571429,74.42857142857143,0.6,8.3
2026,9,Kegalle,26.91428571428571,71.24285714285715,0,9.257142857142856
2026,9,Kilinochchi,26.41428571428571,79.98571428571428,0.8,15.4
2026,9,Kurunegala,27.2,69.71428571428571,0,8.828571428571427
2026,9,Mannar,26.65714285714285,76.31428571428572,0,15.67142857142857
2026,9,Matale,25.52857142857143,71.98571428571428,0,8.1
2026,9,Matara,26.65714285714285,83.44285714285715,18.2,9.700000000000001
2026,9,Monaragala,24.7,77.15714285714286,1.2,7.100000000000001
2026,9,Mullaitivu,26.15714285714285,80.72857142857143,0.9,13.11428571428571
2026,9,Nuwara Eliya,20.14285714285714,73.98571428571428,0.8,7.314285714285715
2026,9,Polonnaruwa,25.82857142857143,80.98571428571428,0,8.9
2026,9,Puttalam,27.14285714285714,76.61428571428571,0.3,14.71428571428571
2026,9,Ratnapura,23.77142857142857,80.82857142857142,17,6.628571428571428
2026,9,Trincomalee,26,80.75714285714285,0.8,13.1
2026,9,Vavuniya,25.91428571428571,79.3,0.5,11
2026,10,Ampara,26.5,79.24285714285715,6.9,10.95714285714286
2026,10,Anuradhapura,26.47142857142857,76.3,1.8,10.95714285714286
2026,10,Badulla,21.84285714285715,76.05714285714285,2.3,7.114285714285714
2026,10,Batticaloa,26.5,79.98571428571428,3.7,13.7
2026,10,Colombo,29,64.37142857142858,4.4,15.32857142857143
2026,10,Galle,26.75714285714286,78.25714285714285,4.7,13.71428571428571
2026,10,Gampaha,29,64.37142857142858,4.4,15.32857142857143
2026,10,Hambantota,26.64285714285714,76.31428571428572,5,13.05714285714286
2026,10,Jaffna,27.28571428571428,75.95714285714287,0.7,18.35714285714286
2026,10,Kalmunai,,,,
2026,10,Kalutara,26.68571428571429,79.27142857142857,5.8,18.04285714285714
2026,10,Kandy,22.01428571428571,75.7,2.6,8.742857142857144
2026,10,Kegalle,27.98571428571429,65.57142857142857,2.3,12.25714285714286
2026,10,Kilinochchi,27.02857142857143,76.24285714285715,1.8,16.97142857142857
2026,10,Kurunegala,28.24285714285714,63.47142857142858,1,10.18571428571429
2026,10,Mannar,27.32857142857143,74.24285714285715,0.9,17.25714285714286
2026,10,Matale,26.11428571428572,69.31428571428572,1.8,9.414285714285715
2026,10,Matara,26.45714285714286,81.15714285714286,10,11.47142857142857
2026,10,Monaragala,24.51428571428571,78.62857142857145,3.9,7.414285714285714
2026,10,Mullaitivu,26.6,78.24285714285715,1.8,14.45714285714286
2026,10,Nuwara Eliya,20.14285714285714,74.04285714285716,2.7,6.714285714285714
2026,10,Polonnaruwa,26.14285714285714,81.68571428571428,2.1,9.314285714285715
2026,10,Puttalam,27.74285714285714,73.51428571428572,0.8,16.81428571428571
2026,10,Ratnapura,23.64285714285714,82.38571428571429,35.1,8.485714285714286
2026,10,Trincomalee,26.35714285714286,79.94285714285715,2.9,13.25714285714286
2026,10,Vavuniya,26.77142857142857,75.25714285714285,1.1,11.21428571428571
2026,11,Ampara,27.1,82.01428571428572,13.6,13.35714285714286
2026,11,Anuradhapura,27.2,79.10000000000001,4,13.75714285714286
2026,11,Badulla,22.18571428571429,82.05714285714285,9.200000000000001,8.785714285714286
2026,11,Batticaloa,27.02857142857143,82.81428571428572,10.5,15.22857142857143
2026,11,Colombo,29.4,68.02857142857142,9.7,12.91428571428571
2026,11,Galle,27.3,80.21428571428571,5.8,21.82857142857143
2026,11,Gampaha,29.4,68.02857142857142,9.7,12.91428571428571
2026,11,Hambantota,27.74285714285714,76.45714285714287,2.7,19.18571428571429
2026,11,Jaffna,27.64285714285714,78.85714285714286,2,21.24285714285714
2026,11,Kalmunai,,,,
2026,11,Kalutara,27.37142857142857,78.72857142857143,7.2,14.87142857142857
2026,11,Kandy,22.65714285714285,80.97142857142856,7.600000000000001,8.485714285714286
2026,11,Kegalle,29.12857142857143,64.02857142857142,4,10.02857142857143
2026,11,Kilinochchi,27.41428571428571,80.97142857142856,4.9,18.61428571428572
2026,11,Kurunegala,29.34285714285715,61.62857142857143,2.7,9.114285714285714
2026,11,Mannar,28.18571428571429,73.75714285714285,1.1,19.75714285714286
2026,11,Matale,27.44285714285714,65.97142857142858,3,9.028571428571428
2026,11,Matara,27.31428571428571,80.39999999999999,7.7,13.47142857142857
2026,11,Monaragala,25.15714285714285,80,8.6,10.84285714285714
2026,11,Mullaitivu,27.04285714285714,82.64285714285714,6.2,15.68571428571429
2026,11,Nuwara Eliya,20.65714285714285,78.67142857142856,7.9,6.442857142857143
2026,11,Polonnaruwa,26.77142857142857,84.15714285714286,7.3,12.34285714285714
2026,11,Puttalam,28.61428571428572,71.78571428571429,0.7,18.3
2026,11,Ratnapura,24.18571428571429,82.48571428571428,19.5,5.485714285714286
2026,11,Trincomalee,26.95714285714286,82.72857142857143,11.1,15.72857142857143
2026,11,Vavuniya,27.5,78.8,4,13.62857142857143
2026,12,Ampara,27.75714285714286,80.45714285714284,18.2,12.48571428571429
2026,12,Anuradhapura,27.98571428571429,76.12857142857142,8.200000000000001,13.11428571428571
2026,12,Badulla,22.82857142857143,81.75714285714285,40.6,7.600000000000001
2026,12,Batticaloa,27.77142857142857,80.28571428571429,5.4,15.7
2026,12,Colombo,29.32857142857143,71.07142857142857,15.7,12.08571428571429
2026,12,Galle,27.64285714285714,82.32857142857142,10.4,29.37142857142857
2026,12,Gampaha,29.32857142857143,71.07142857142857,15.7,12.08571428571429
2026,12,Hambantota,27.74285714285714,80.8,25.5,14.95714285714286
2026,12,Jaffna,28.07142857142857,78.2,8.9,19.8
2026,12,Kalmunai,,,,
2026,12,Kalutara,27.78571428571428,79.28571428571429,8.4,12.7
2026,12,Kandy,23.38571428571428,79.34285714285714,18.1,9.142857142857142
2026,12,Kegalle,28.95714285714286,68.81428571428572,15.2,9.342857142857143
2026,12,Kilinochchi,28.02857142857143,79.37142857142858,7.6,17.64285714285714
2026,12,Kurunegala,28.98571428571429,69.82857142857144,20.4,10.28571428571429
2026,12,Mannar,28.7,72.44285714285715,3.3,17.35714285714286
2026,12,Matale,27.58571428571429,70.88571428571429,18.1,8.985714285714286
2026,12,Matara,27.42857142857143,83.2,28.5,11.2
2026,12,Monaragala,25.72857142857143,81.1857142857143,21.7,8.700000000000001
2026,12,Mullaitivu,27.62857142857143,81.11428571428571,9.4,15.72857142857143
2026,12,Nuwara Eliya,21.15714285714285,80.65714285714286,30.5,6.685714285714285
2026,12,Polonnaruwa,27.42857142857143,81.60000000000001,7.100000000000001,11.14285714285714
2026,12,Puttalam,28.38571428571428,77.97142857142858,11.6,16.5
2026,12,Ratnapura,24.48571428571429,83.72857142857143,38.4,5.7
2026,12,Trincomalee,27.54285714285714,81.14285714285714,8.9,15.94285714285714
2026,12,Vavuniya,28.18571428571429,76.35714285714286,6.7,12.2
2026,13,Ampara,28.32857142857143,74.71428571428571,3.2,13.57142857142857
2026,13,Anuradhapura,28.54285714285714,71.02857142857142,0,12.04285714285714
2026,13,Badulla,23.62857142857143,74.5,0.4,9.428571428571429
2026,13,Batticaloa,28.3,74.89999999999999,0.8,16.5
2026,13,Colombo,30.48571428571429,65.55714285714286,5.2,12.75714285714286
2026,13,Galle,28.11428571428572,80.71428571428571,4.9,28.85714285714286
2026,13,Gampaha,30.48571428571429,65.55714285714286,5.2,12.75714285714286
2026,13,Hambantota,28.48571428571429,75.58571428571429,5.300000000000001,17.7
2026,13,Jaffna,28.27142857142857,74.88571428571429,0,19.65714285714285
2026,13,Kalmunai,,,,
2026,13,Kalutara,28.41428571428571,77.25714285714285,5,15.05714285714286
2026,13,Kandy,24.25714285714286,72.1,0,10.18571428571429
2026,13,Kegalle,30.12857142857143,62.97142857142857,0.8,9.87142857142857
2026,13,Kilinochchi,28.1,76.11428571428571,0,18.67142857142857
2026,13,Kurunegala,30.04285714285714,63.54285714285714,0.3,12.38571428571429
2026,13,Mannar,29,70.84285714285714,1.1,19.52857142857143
2026,13,Matale,28.61428571428572,65.04285714285714,0.2,10.87142857142857
2026,13,Matara,27.95714285714286,81.21428571428571,9.1,11.82857142857143
2026,13,Monaragala,26.55714285714286,75.55714285714285,1.2,10.9
2026,13,Mullaitivu,27.81428571428572,76.97142857142856,0,16.95714285714286
2026,13,Nuwara Eliya,22.07142857142857,70.9,0,6.585714285714286
2026,13,Polonnaruwa,28.1,77.10000000000001,0.1,12.04285714285714
2026,13,Puttalam,29.02857142857143,73.84285714285714,3.6,18.65714285714285
2026,13,Ratnapura,25,81.39999999999999,22.3,6.828571428571428
2026,13,Trincomalee,27.92857142857143,75.88571428571429,0,16.57142857142857
2026,13,Vavuniya,28.74285714285714,70.81428571428572,0,12.85714285714286
2026,14,Ampara,28.07142857142857,79.01428571428572,21,10.9
2026,14,Anuradhapura,28.25714285714286,75.24285714285715,27.9,12.95714285714286
2026,14,Badulla,23.34285714285715,81.68571428571428,60,7.257142857142858
2026,14,Batticaloa,28.37142857142857,77.3,6.6,15.78571428571429
2026,14,Colombo,29.25714285714286,74.07142857142857,25,14.08571428571429
2026,14,Galle,28.18571428571429,79.94285714285715,14.1,30.5
2026,14,Gampaha,29.25714285714286,74.07142857142857,25,14.08571428571429
2026,14,Hambantota,28.28571428571428,77.78571428571429,22.6,16.5
2026,14,Jaffna,29.01428571428571,76.27142857142857,1.1,21.87142857142857
2026,14,Kalmunai,,,,
2026,14,Kalutara,28.25714285714286,78.35714285714286,21.6,15.87142857142857
2026,14,Kandy,23.55714285714286,80.39999999999999,63.3,9.114285714285716
2026,14,Kegalle,28.61428571428572,73.34285714285714,24.4,11.2
2026,14,Kilinochchi,28.85714285714286,75.32857142857142,1.5,15.78571428571429
2026,14,Kurunegala,28.58571428571429,74.82857142857142,30.9,12.04285714285714
2026,14,Mannar,29.17142857142857,73.08571428571429,3.5,20.08571428571429
2026,14,Matale,27.11428571428572,76.48571428571428,37.09999999999999,11
2026,14,Matara,27.92857142857143,81.22857142857143,16.7,14.81428571428571
2026,14,Monaragala,26.18571428571429,79.71428571428571,49.9,7.714285714285714
2026,14,Mullaitivu,28.21428571428572,78.77142857142857,5.3,14.5
2026,14,Nuwara Eliya,21.25714285714286,82.54285714285713,76.3,5.757142857142857
2026,14,Polonnaruwa,27.98571428571429,78.87142857142858,24.1,12.24285714285714
2026,14,Puttalam,28.98571428571429,77.38571428571429,8.5,17.9
2026,14,Ratnapura,24.48571428571429,86.18571428571428,75.39999999999999,8.171428571428573
2026,14,Trincomalee,28.17142857142857,77.11428571428571,13.8,14.18571428571429
2026,14,Vavuniya,28.6,73.85714285714286,11.5,12.7
2026,15,Ampara,29.2,76.98571428571428,8.5,11.82857142857143
2026,15,Anuradhapura,29.31428571428571,76.14285714285714,9.3,10.9
2026,15,Badulla,23.94285714285714,81.67142857142858,25.1,8.128571428571428
2026,15,Batticaloa,29.01428571428571,77.89999999999999,10.3,16.87142857142857
2026,15,Colombo,29.32857142857143,76.8,19,13.64285714285714
2026,15,Galle,28.64285714285714,78.38571428571429,16.8,19.08571428571429
2026,15,Gampaha,29.32857142857143,76.8,19,13.64285714285714
2026,15,Hambantota,28.82857142857143,77.14285714285714,22.5,14.34285714285714
2026,15,Jaffna,29.82857142857143,77.97142857142856,1.2,18.65714285714285
2026,15,Kalmunai,,,,
2026,15,Kalutara,28.44285714285714,79.5,35.3,16.18571428571429
2026,15,Kandy,24.24285714285714,82.77142857142857,23.8,8.428571428571429
2026,15,Kegalle,28.85714285714286,75,12.1,10.6
2026,15,Kilinochchi,29.74285714285714,77.22857142857143,0.6,17.28571428571428
2026,15,Kurunegala,29,76.12857142857142,13.5,12.08571428571429
2026,15,Mannar,29.91428571428571,75.67142857142858,4.3,15.94285714285714
2026,15,Matale,27.77142857142857,77.74285714285715,17.8,9.4
2026,15,Matara,28.41428571428571,81.32857142857142,21,16.07142857142857
2026,15,Monaragala,26.88571428571428,78.7,29.3,7.3
2026,15,Mullaitivu,29.18571428571429,79.68571428571428,1.8,15.62857142857143
2026,15,Nuwara Eliya,21.81428571428571,85.07142857142857,40.1,6.542857142857143
2026,15,Polonnaruwa,29.31428571428571,78.58571428571429,12.7,10.42857142857143
2026,15,Puttalam,29.5,78.65714285714286,11.3,17.48571428571428
2026,15,Ratnapura,24.78571428571428,88.67142857142858,60.9,7.728571428571429
2026,15,Trincomalee,28.91428571428571,79.81428571428572,7.3,15.84285714285714
2026,15,Vavuniya,29.88571428571428,74.67142857142858,4.8,11.11428571428571
2026,16,Ampara,29.5,75.07142857142857,5.6,12.35714285714286
2026,16,Anuradhapura,29.68571428571428,73.85714285714286,19.1,7.671428571428572
2026,16,Badulla,24.05714285714286,81.64285714285714,10.9,6.757142857142857
2026,16,Batticaloa,29.25714285714286,76.65714285714286,1.7,16.97142857142857
2026,16,Colombo,29.7,75.02857142857144,22,11.71428571428571
2026,16,Galle,28.48571428571429,80.02857142857144,11.6,28.54285714285714
2026,16,Gampaha,29.7,75.02857142857144,22,11.71428571428571
2026,16,Hambantota,28.54285714285714,81.54285714285713,22,12.04285714285714
2026,16,Jaffna,30.04285714285714,76.54285714285713,2.3,16.97142857142857
2026,16,Kalmunai,,,,
2026,16,Kalutara,28.32857142857143,80.88571428571429,18.2,12.4
2026,16,Kandy,24.24285714285714,82.57142857142857,22.7,6.585714285714286
2026,16,Kegalle,29.27142857142857,73.34285714285714,16.5,9.457142857142857
2026,16,Kilinochchi,29.85714285714286,76.04285714285713,1.5,15.94285714285714
2026,16,Kurunegala,29.3,75.01428571428572,19.2,11.2
2026,16,Mannar,29.88571428571428,76.54285714285713,9.7,15.52857142857143
2026,16,Matale,27.84285714285715,77.72857142857143,22.9,6.485714285714286
2026,16,Matara,28.25714285714286,83.01428571428572,22.4,10.14285714285714
2026,16,Monaragala,26.65714285714285,81.95714285714287,11.2,7.714285714285714
2026,16,Mullaitivu,29.28571428571428,79.01428571428572,3.2,15.72857142857143
2026,16,Nuwara Eliya,21.82857142857143,85.08571428571429,27.7,4.628571428571428
2026,16,Polonnaruwa,29.6,76.54285714285713,8.6,10.47142857142857
2026,16,Puttalam,29.5,79.41428571428571,9.7,14.77142857142857
2026,16,Ratnapura,25.05714285714286,87.11428571428571,58.90000000000001,5.314285714285715
2026,16,Trincomalee,29.18571428571429,77.75714285714285,3.4,16.2
2026,16,Vavuniya,30.3,70.64285714285714,16.5,7.885714285714286
2026,17,Ampara,28.58571428571429,80.52857142857144,17.1,11.62857142857143
2026,17,Anuradhapura,29.08571428571429,76.64285714285714,11.7,8.028571428571428
2026,17,Badulla,23.61428571428572,85.05714285714285,46.5,6.985714285714286
2026,17,Batticaloa,28.85714285714286,80.14285714285714,7.4,16.7
2026,17,Colombo,28.92857142857143,78.11428571428571,29.7,10.02857142857143
2026,17,Galle,28.2,82,35.4,20.34285714285714
2026,17,Gampaha,28.92857142857143,78.11428571428571,29.7,10.02857142857143
2026,17,Hambantota,27.78571428571428,84.52857142857144,46.5,11.41428571428571
2026,17,Jaffna,29.98571428571429,76.17142857142858,3.7,17.72857142857143
2026,17,Kalmunai,,,,
2026,17,Kalutara,28.08571428571429,81.08571428571429,41,11.71428571428571
2026,17,Kandy,23.72857142857143,86.84285714285714,39.3,6.728571428571429
2026,17,Kegalle,28.58571428571429,76.39999999999999,15.6,7.257142857142857
2026,17,Kilinochchi,29.78571428571428,76.54285714285713,2.3,15.67142857142857
2026,17,Kurunegala,28.6,78.18571428571428,24.9,7.514285714285714
2026,17,Mannar,29.68571428571429,76.22857142857143,7.800000000000001,15.27142857142857
2026,17,Matale,27.22857142857143,81.72857142857143,27.9,5.485714285714286
2026,17,Matara,27.72857142857143,85.65714285714286,63.7,9.257142857142856
2026,17,Monaragala,25.9,85.52857142857142,41.8,7.5
2026,17,Mullaitivu,29.22857142857143,79.22857142857143,2.7,15.27142857142857
2026,17,Nuwara Eliya,21.28571428571428,89.60000000000001,63.8,4.828571428571428
2026,17,Polonnaruwa,29.14285714285714,79.3,11.6,9.299999999999999
2026,17,Puttalam,29.2,79.72857142857143,16.8,14.04285714285714
2026,17,Ratnapura,24.57142857142857,89.08571428571429,120.1,5.142857142857143
2026,17,Trincomalee,29.07142857142857,79.31428571428572,5.6,15.84285714285714
2026,17,Vavuniya,29.75714285714286,74.12857142857142,5.7,8.128571428571428
2026,18,Ampara,30.04285714285714,74.05714285714285,8.5,14.14285714285714
2026,18,Anuradhapura,29.05714285714286,80.25714285714285,29.9,14.31428571428571
2026,18,Badulla,24.97142857142857,79.38571428571429,20,6.114285714285714
2026,18,Batticaloa,29.65714285714285,77.57142857142857,4,20.48571428571429
2026,18,Colombo,28.98571428571429,81.31428571428572,35.2,14.08571428571429
2026,18,Galle,28.05714285714286,83.75714285714285,48.1,20.25714285714286
2026,18,Gampaha,28.98571428571429,81.31428571428572,35.2,14.08571428571429
2026,18,Hambantota,28.45714285714286,83.31428571428572,31.2,19.07142857142857
2026,18,Jaffna,30.25714285714286,79.02857142857144,6.5,29.71428571428572
2026,18,Kalmunai,,,,
2026,18,Kalutara,28.1,84.07142857142857,39,15.41428571428571
2026,18,Kandy,24.57142857142857,85.44285714285715,63.9,6.471428571428571
2026,18,Kegalle,28.5,80.27142857142857,37.9,12.3
2026,18,Kilinochchi,30.08571428571429,77.22857142857143,7.8,19.57142857142857
2026,18,Kurunegala,28.71428571428572,80.2,31,13.37142857142857
2026,18,Mannar,29.87142857142857,79.07142857142857,17.8,25.1
2026,18,Matale,27.38571428571428,83.37142857142858,41.8,11.51428571428571
2026,18,Matara,28,86.77142857142857,48.4,15.85714285714286
2026,18,Monaragala,27,82.58571428571429,23.8,10.85714285714286
2026,18,Mullaitivu,29.68571428571429,78.44285714285715,11.9,17.22857142857143
2026,18,Nuwara Eliya,22.1,88.77142857142857,62.3,5.042857142857143
2026,18,Polonnaruwa,30.05714285714286,75.64285714285714,28.1,12.32857142857143
2026,18,Puttalam,29.22857142857143,82.01428571428572,24.1,21.3
2026,18,Ratnapura,25.08571428571429,89.55714285714285,56.59999999999999,8.585714285714285
2026,18,Trincomalee,29.8,75.60000000000001,9.299999999999999,17.01428571428571
2026,18,Vavuniya,29.61428571428572,78.5,29.4,14.61428571428571
2026,19,Ampara,28.25714285714286,83.11428571428571,70.7,11.21428571428571
2026,19,Anuradhapura,27.58571428571429,85.72857142857143,98.3,9.614285714285714
2026,19,Badulla,23.5,88.10000000000001,143,5.814285714285715
2026,19,Batticaloa,28.34285714285715,81.78571428571429,61.8,17.24285714285714
2026,19,Colombo,27.78571428571428,86.51428571428572,99.9,10.74285714285714
2026,19,Galle,27.67142857142857,84.87142857142858,50.7,18.42857142857143
2026,19,Gampaha,27.78571428571428,86.51428571428572,99.9,10.74285714285714
2026,19,Hambantota,27.94285714285714,83.84285714285714,46.7,16
2026,19,Jaffna,28.68571428571429,81.64285714285714,66.10000000000001,18.67142857142857
2026,19,Kalmunai,,,,
2026,19,Kalutara,27.52857142857143,85.71428571428571,80.6,14.38571428571429
2026,19,Kandy,23.38571428571428,89.91428571428571,101.7,6.871428571428571
2026,19,Kegalle,27.08571428571429,86.47142857142856,100.5,8.957142857142857
2026,19,Kilinochchi,28.57142857142857,81.92857142857143,82.3,14.3
2026,19,Kurunegala,27.25714285714286,86,94.4,9.942857142857141
2026,19,Mannar,28.35714285714286,82.65714285714286,95.3,16.55714285714286
2026,19,Matale,26.12857142857143,87.64285714285714,84.3,8.857142857142858
2026,19,Matara,27.31428571428571,87.91428571428571,42.8,15.32857142857143
2026,19,Monaragala,26.01428571428571,87.17142857142858,105.9,7.714285714285714
2026,19,Mullaitivu,28.11428571428572,84.22857142857143,73.4,13.17142857142857
2026,19,Nuwara Eliya,21.2,92.54285714285713,165.3,5.342857142857143
2026,19,Polonnaruwa,28.24285714285714,84.32857142857142,96.4,10.38571428571429
2026,19,Puttalam,28.17142857142857,84.42857142857143,113.3,14.92857142857143
2026,19,Ratnapura,24.41428571428571,90.64285714285714,206.5,7.328571428571428
2026,19,Trincomalee,28.14285714285714,82.51428571428572,86.8,15.1
2026,19,Vavuniya,27.98571428571429,84.7,77.9,10.71428571428571
2026,20,Ampara,28.24285714285714,82.65714285714286,34.7,13.82857142857143
2026,20,Anuradhapura,26.74285714285714,88.14285714285714,75.1,20.15714285714285
2026,20,Badulla,23.42857142857143,86.44285714285715,70.3,7.757142857142857
2026,20,Batticaloa,28.57142857142857,79.61428571428571,36,18.55714285714286
2026,20,Colombo,27.14285714285714,88.54285714285713,168.8,16.04285714285714
2026,20,Galle,27.62857142857143,86.37142857142858,86.7,28.18571428571429
2026,20,Gampaha,27.14285714285714,88.54285714285713,168.8,16.04285714285714
2026,20,Hambantota,27.64285714285714,85.01428571428572,32,25.61428571428572
2026,20,Jaffna,28.72857142857143,82.85714285714286,47.1,25.45714285714286
2026,20,Kalmunai,,,,
2026,20,Kalutara,27.44285714285714,86.95714285714287,140.2,22.04285714285714
2026,20,Kandy,23.05714285714286,89.21428571428571,75.1,11
2026,20,Kegalle,26.12857142857143,89.2,127.3,14.12857142857143
2026,20,Kilinochchi,27.9,86.11428571428571,39.4,21.1
2026,20,Kurunegala,26.3,88.64285714285714,77.9,15.38571428571428
2026,20,Mannar,28.24285714285714,84.85714285714286,67.6,25.71428571428572
2026,20,Matale,25.41428571428571,87.77142857142857,60.6,15.44285714285714
2026,20,Matara,27.1,88.77142857142857,79.8,22.08571428571429
2026,20,Monaragala,25.87142857142857,85.68571428571428,29.5,14.35714285714286
2026,20,Mullaitivu,27.57142857142857,86.44285714285715,43.5,18.97142857142857
2026,20,Nuwara Eliya,20.72857142857143,91.71428571428571,96.4,10.92857142857143
2026,20,Polonnaruwa,27.74285714285714,81.54285714285713,33.3,17.67142857142857
2026,20,Puttalam,28.31428571428571,85.44285714285715,93.6,27.7
2026,20,Ratnapura,23.62857142857143,92.47142857142856,159.4,10.95714285714286
2026,20,Trincomalee,28.12857142857143,80.74285714285715,50.8,22.51428571428571
2026,20,Vavuniya,27.05714285714286,89.11428571428571,75.7,17.41428571428571
2026,21,Ampara,30.68571428571429,70.88571428571429,2.8,11.67142857142857
2026,21,Anuradhapura,28.55714285714286,81.18571428571428,3.7,27.45714285714286
2026,21,Badulla,25.42857142857143,77.15714285714286,2.3,11.47142857142857
2026,21,Batticaloa,30,74.21428571428571,1.6,14.31428571428571
2026,21,Colombo,28.18571428571429,85.85714285714286,45.9,18.4
2026,21,Galle,28.02857142857143,84.94285714285715,39.7,31.31428571428571
2026,21,Gampaha,28.18571428571429,85.85714285714286,45.9,18.4
2026,21,Hambantota,28.84285714285715,78.07142857142857,2.5,31.57142857142857
2026,21,Jaffna,29.6,83.57142857142857,0,37.87142857142857
2026,21,Kalmunai,,,,
2026,21,Kalutara,27.95714285714286,85.57142857142857,58.5,22.42857142857143
2026,21,Kandy,24.27142857142857,84.5,3.8,19.32857142857143
2026,21,Kegalle,27.25714285714286,86.57142857142857,28.5,17.38571428571429
2026,21,Kilinochchi,29.67142857142857,80.5,0,31.74285714285714
2026,21,Kurunegala,27.54285714285714,85.25714285714285,25.1,20.45714285714286
2026,21,Mannar,29.38571428571428,82.18571428571428,2.2,36.15714285714286
2026,21,Matale,26.65714285714285,84.39999999999999,10.3,22.11428571428572
2026,21,Matara,27.77142857142857,86.18571428571428,31.1,26.47142857142857
2026,21,Monaragala,28.11428571428572,74.77142857142857,3,15.62857142857143
2026,21,Mullaitivu,29.67142857142857,77.91428571428571,0,28.7
2026,21,Nuwara Eliya,21.94285714285714,88.2,17,16.38571428571429
2026,21,Polonnaruwa,29.74285714285714,73.12857142857142,0,27.67142857142857
2026,21,Puttalam,29.01428571428571,82.68571428571428,17.9,32.3
2026,21,Ratnapura,24.6,91.10000000000001,56.3,13.87142857142857
2026,21,Trincomalee,29.71428571428572,74.98571428571428,0,30.9
2026,21,Vavuniya,29.38571428571428,78.78571428571429,2.2,27.37142857142857
2026,22,Ampara,31.24285714285714,66.85714285714286,2.2,9.200000000000001
2026,22,Anuradhapura,28.65714285714285,79.51428571428572,2.4,24.37142857142857
2026,22,Badulla,25.48571428571429,74.3,5.4,9
2026,22,Batticaloa,29.74285714285714,74.10000000000001,1,15.28571428571429
2026,22,Colombo,28.25714285714286,85.41428571428571,25.4,17.28571428571428
2026,22,Galle,27.67142857142857,85.17142857142858,30.2,24.62857142857143
2026,22,Gampaha,28.25714285714286,85.41428571428571,25.4,17.28571428571428
2026,22,Hambantota,28.92857142857143,76.17142857142858,0.5,29.05714285714286
2026,22,Jaffna,29.14285714285714,83.24285714285715,0,37.22857142857143
2026,22,Kalmunai,,,,
2026,22,Kalutara,27.74285714285714,86.17142857142858,44.7,19.48571428571429
2026,22,Kandy,24.28571428571428,83.01428571428572,4.2,15.22857142857143
2026,22,Kegalle,27.57142857142857,84.08571428571429,13.5,17.2
2026,22,Kilinochchi,29.47142857142857,78.38571428571429,0,30.28571428571428
2026,22,Kurunegala,27.92857142857143,82.48571428571428,11.9,19.71428571428572
2026,22,Mannar,29.02857142857143,81.39999999999999,0.6000000000000001,34
2026,22,Matale,26.92857142857143,81.07142857142857,3.4,20.72857142857143
2026,22,Matara,27.6,86.71428571428571,23.1,23.37142857142857
2026,22,Monaragala,28.41428571428571,71.38571428571429,3.8,14.65714285714286
2026,22,Mullaitivu,29.58571428571429,75.67142857142858,0,26.48571428571429
2026,22,Nuwara Eliya,21.81428571428571,87.7,12.4,12.94285714285714
2026,22,Polonnaruwa,30.11428571428572,69.48571428571428,0,23.75714285714286
2026,22,Puttalam,28.77142857142857,82.24285714285713,8.8,28.28571428571428
2026,22,Ratnapura,24.57142857142857,90.11428571428571,26.6,12.65714285714286
2026,22,Trincomalee,29.82857142857143,72.47142857142858,0.5,27.61428571428572
2026,22,Vavuniya,29.48571428571429,76.45714285714287,2.2,24.57142857142857
2026,23,Ampara,31.41428571428571,63.91428571428571,4.5,9.985714285714286
2026,23,Anuradhapura,28.28571428571428,80.88571428571429,9.1,27.51428571428571
2026,23,Badulla,25.98571428571429,70.37142857142858,5.6,11.9
2026,23,Batticaloa,30.37142857142857,67.92857142857143,1.1,19.28571428571428
2026,23,Colombo,27.87142857142857,86.60000000000001,81.3,20.21428571428572
2026,23,Galle,27.54285714285714,85.65714285714286,59.2,28.42857142857143
2026,23,Gampaha,27.87142857142857,86.60000000000001,81.3,20.21428571428572
2026,23,Hambantota,28.98571428571429,74.88571428571429,1.7,30.91428571428571
2026,23,Jaffna,29.44285714285714,81.58571428571429,0,40.18571428571429
2026,23,Kalmunai,,,,
2026,23,Kalutara,27.57142857142857,86.61428571428571,97.8,23.9
2026,23,Kandy,24.08571428571429,83.54285714285713,14.9,20.84285714285715
2026,23,Kegalle,26.9,87.60000000000001,63.3,19.52857142857143
2026,23,Kilinochchi,29.85714285714286,76.12857142857142,0,33.9
2026,23,Kurunegala,27.17142857142857,86.89999999999999,47.6,21.54285714285714
2026,23,Mannar,29.17142857142857,80.64285714285714,0.7,37.6
2026,23,Matale,26.12857142857143,86.14285714285714,27.5,22.98571428571429
2026,23,Matara,27.44285714285714,86.71428571428571,39.3,25.82857142857143
2026,23,Monaragala,28.65714285714285,69.05714285714285,1.5,16.35714285714286
2026,23,Mullaitivu,29.75714285714286,74.21428571428571,0.1,29.88571428571428
2026,23,Nuwara Eliya,21.5,89.14285714285714,42.6,17.37142857142857
2026,23,Polonnaruwa,29.85714285714286,70.35714285714286,1.9,28.95714285714286
2026,23,Puttalam,28.4,84.51428571428572,46.8,32.67142857142857
2026,23,Ratnapura,24.25714285714286,91.31428571428572,75.2,15.81428571428571
2026,23,Trincomalee,29.64285714285714,72.67142857142856,1,31.87142857142857
2026,23,Vavuniya,29.55714285714286,75.3,2.9,28.85714285714286
2026,24,Ampara,31.02857142857143,63.92857142857143,5.3,14.1
2026,24,Anuradhapura,27.84285714285715,83.45714285714287,29.5,27.14285714285714
2026,24,Badulla,25.75714285714286,70.1,4.1,12.75714285714286
2026,24,Batticaloa,30.1,69.21428571428571,2.9,16.72857142857143
2026,24,Colombo,27.55714285714286,88.35714285714286,74.3,18.87142857142857
2026,24,Galle,27.65714285714285,84.65714285714286,52.5,27.81428571428571
2026,24,Gampaha,27.55714285714286,88.35714285714286,74.3,18.87142857142857
2026,24,Hambantota,28.84285714285715,75.28571428571429,3.9,31.05714285714286
2026,24,Jaffna,29.14285714285714,82.61428571428573,14,39.44285714285714
2026,24,Kalmunai,,,,
2026,24,Kalutara,27.47142857142857,86.85714285714286,81.4,22.88571428571428
2026,24,Kandy,23.82857142857143,84.18571428571428,13,19.9
2026,24,Kegalle,26.52857142857143,89.52857142857144,51.59999999999999,18.05714285714286
2026,24,Kilinochchi,29.62857142857143,76.77142857142857,0.8,32.05714285714286
2026,24,Kurunegala,26.77142857142857,88.77142857142857,38.5,20.72857142857143
2026,24,Mannar,28.87142857142857,82.1,8.9,36.61428571428571
2026,24,Matale,25.81428571428571,87.31428571428572,18.5,22.81428571428571
2026,24,Matara,27.35714285714286,86.82857142857142,38.9,25.51428571428571
2026,24,Monaragala,28.34285714285715,69.75714285714285,2.4,18.18571428571429
2026,24,Mullaitivu,29.45714285714286,75.39999999999999,1.6,29.57142857142857
2026,24,Nuwara Eliya,21.21428571428572,89.52857142857144,39.40000000000001,16.91428571428571
2026,24,Polonnaruwa,29.72857142857143,70.55714285714285,2.4,28.08571428571429
2026,24,Puttalam,28.1,86.10000000000001,66,32.05714285714286
2026,24,Ratnapura,23.88571428571428,93.04285714285713,78.9,13.84285714285714
2026,24,Trincomalee,29.32857142857143,73.95714285714287,14,30.9
2026,24,Vavuniya,29.11428571428572,77.85714285714286,11.6,27.68571428571429
2026,25,Ampara,30.25714285714286,68.78571428571429,15.4,11.47142857142857
2026,25,Anuradhapura,27.67142857142857,81.12857142857142,7.4,23.34285714285715
2026,25,Badulla,25.22857142857143,70.52857142857144,17.2,7.742857142857143
2026,25,Batticaloa,29.51428571428571,73.92857142857143,12.1,15.38571428571428
2026,25,Colombo,27.18571428571429,87.54285714285713,49.2,15.57142857142857
2026,25,Galle,27.28571428571428,84.27142857142857,48.7,22.95714285714286
2026,25,Gampaha,27.18571428571429,87.54285714285713,49.2,15.57142857142857
2026,25,Hambantota,28.44285714285714,75.17142857142858,4.6,28.14285714285714
2026,25,Jaffna,28.75714285714286,83.18571428571428,5.2,33.98571428571429
2026,25,Kalmunai,,,,
2026,25,Kalutara,27.04285714285714,86.27142857142857,56.8,17.81428571428571
2026,25,Kandy,23.6,83.10000000000001,25.4,12.95714285714286
2026,25,Kegalle,26.47142857142857,86.05714285714285,33.8,15.34285714285714
2026,25,Kilinochchi,29.35714285714286,76.08571428571429,0.6000000000000001,26.7
2026,25,Kurunegala,26.71428571428572,85.37142857142858,28.4,18.05714285714286
2026,25,Mannar,28.57142857142857,81.04285714285713,7.1,31.14285714285714
2026,25,Matale,25.97142857142857,81.78571428571429,10.8,19.22857142857143
2026,25,Matara,26.8,87.62857142857142,37.7,21.48571428571429
2026,25,Monaragala,27.91428571428571,69.72857142857143,6.9,14.4
2026,25,Mullaitivu,29.22857142857143,74.68571428571428,0.9,23.5
2026,25,Nuwara Eliya,20.87142857142857,89.61428571428571,34.3,11.51428571428571
2026,25,Polonnaruwa,29.82857142857143,66.45714285714286,4,21.9
2026,25,Puttalam,27.87142857142857,84.88571428571429,19,27.15714285714285
2026,25,Ratnapura,23.6,90.92857142857143,41.3,11.87142857142857
2026,25,Trincomalee,29.35714285714286,71.17142857142858,3.9,24.9
2026,25,Vavuniya,28.87142857142857,76.58571428571429,3.6,22.82857142857143
2026,33,Ampara,29.79,70.14,16.4,6.93
2026,33,Anuradhapura,29.16,67.14,5.2,24.29
2026,33,Badulla,26.69,63.57,27.9,4.53
2026,33,Batticaloa,29.89,70.43,18.2,7.11
2026,33,Colombo,27.7,79.57,20.1,13.27
2026,33,Galle,26.94,84.43,52.5,15.93
2026,33,Gampaha,26.96,83.43,31.8,9.94
2026,33,Hambantota,28.63,72.57,7.3,26.26
2026,33,Jaffna,29.06,80,0.4,25.84
2026,33,Kalutara,27.26,82.57,41,13.27
2026,33,Kandy,24.64,80,12.4,10.59
2026,33,Kegalle,26.44,81.29,23.3,13.54
2026,33,Kilinochchi,30.76,62.14,4.6,19.66
2026,33,Kurunegala,26.61,79.43,11.6,16.47
2026,33,Mannar,28.31,80.86,0,29.19
2026,33,Matale,25.31,83.86,20.2,15.67
2026,33,Matara,26.27,85.57,44.5,13.39
2026,33,Monaragala,27.96,73.43,21.4,7.43
2026,33,Mullaitivu,29.67,68.71,14.8,17.26
2026,33,Nuwara Eliya,15.11,94.29,31.1,14.01
2026,33,Polonnaruwa,30.29,60.29,5.1,21.6
2026,33,Puttalam,28.77,73.43,3.7,23.97
2026,33,Ratnapura,26.13,88,68.9,7.14
2026,33,Trincomalee,29.74,66.43,11.2,19.16
2026,33,Vavuniya,29.74,64.43,10.8,21.67
